Date,Day ,Month,Year,Quarter,Open,High,Low,Close,Volume
07-09-1984,Friday,September,1984,Q3,0.0998239,0.101049,0.0986188,0.0998239,98594718.56
10-09-1984,Monday,September,1984,Q3,0.0998239,0.10013,0.0974239,0.0992315,76525586.3
11-09-1984,Tuesday,September,1984,Q3,0.10013,0.102846,0.10013,0.101049,180451874.8
12-09-1984,Wednesday,September,1984,Q3,0.101049,0.101641,0.0980066,0.0980066,157640102.5
13-09-1984,Thursday,September,1984,Q3,0.10346,0.103754,0.10346,0.10346,245518630.1
14-09-1984,Friday,September,1984,Q3,0.103754,0.10736,0.103754,0.10495,292335803.4
17-09-1984,Monday,September,1984,Q3,0.107676,0.109178,0.107676,0.107676,228250569.6
18-09-1984,Tuesday,September,1984,Q3,0.107676,0.108565,0.103754,0.103754,115226112.8
19-09-1984,Wednesday,September,1984,Q3,0.103754,0.10495,0.101641,0.101641,125862763
20-09-1984,Thursday,September,1984,Q3,0.101938,0.102846,0.101938,0.101938,78355891.53
21-09-1984,Friday,September,1984,Q3,0.101938,0.10495,0.0998239,0.101049,118223408.4
24-09-1984,Monday,September,1984,Q3,0.101049,0.101641,0.10013,0.10013,93554928.38
25-09-1984,Tuesday,September,1984,Q3,0.0998239,0.0998239,0.0980066,0.0980066,197507733.8
26-09-1984,Wednesday,September,1984,Q3,0.0980066,0.102529,0.0968212,0.0968212,131406576
27-09-1984,Thursday,September,1984,Q3,0.0968212,0.0974239,0.0968212,0.0968212,125438353.9
28-09-1984,Friday,September,1984,Q3,0.0968212,0.0968212,0.092594,0.0944014,276394064.8
01-10-1984,Monday,October,1984,Q4,0.0941151,0.0941151,0.0922879,0.0922879,115783124
02-10-1984,Tuesday,October,1984,Q4,0.0928905,0.096209,0.0928905,0.0928905,140027248.6
03-10-1984,Wednesday,October,1984,Q4,0.0944014,0.0959027,0.0944014,0.0944014,142600267.7
04-10-1984,Thursday,October,1984,Q4,0.0955867,0.096209,0.0955867,0.0955867,148594984.4
05-10-1984,Friday,October,1984,Q4,0.0955867,0.0955867,0.0928905,0.0935026,115544422.7
08-10-1984,Monday,October,1984,Q4,0.0935026,0.0941151,0.0935026,0.0935026,55623662.06
09-10-1984,Tuesday,October,1984,Q4,0.0935026,0.0941151,0.092594,0.092594,148329712.5
10-10-1984,Wednesday,October,1984,Q4,0.092594,0.092594,0.0898681,0.0898681,432044786.7
11-10-1984,Thursday,October,1984,Q4,0.0898681,0.0922879,0.0892754,0.0892754,216420287.5
12-10-1984,Friday,October,1984,Q4,0.0892754,0.0898681,0.084732,0.0853445,314749750.4
15-10-1984,Monday,October,1984,Q4,0.0901645,0.0910731,0.0901645,0.0901645,288065225.9
16-10-1984,Tuesday,October,1984,Q4,0.0901645,0.0904804,0.0898681,0.0898681,139762070.8
17-10-1984,Wednesday,October,1984,Q4,0.0935026,0.0941151,0.0935026,0.0935026,185491765.2
18-10-1984,Thursday,October,1984,Q4,0.096209,0.0968212,0.096209,0.096209,292680633.3
19-10-1984,Friday,October,1984,Q4,0.096209,0.102846,0.0959027,0.096209,386182514.6
22-10-1984,Monday,October,1984,Q4,0.096209,0.0977102,0.0955867,0.0955867,135889371.2
23-10-1984,Tuesday,October,1984,Q4,0.0977102,0.0986188,0.0977102,0.0977102,220770467.6
24-10-1984,Wednesday,October,1984,Q4,0.0986188,0.0998239,0.0986188,0.0986188,197772989.5
25-10-1984,Thursday,October,1984,Q4,0.0986188,0.0986188,0.0950138,0.0950138,187295501.8
26-10-1984,Friday,October,1984,Q4,0.0950138,0.0950138,0.0922879,0.092594,135995424.9
29-10-1984,Monday,October,1984,Q4,0.0928905,0.0935026,0.0928905,0.0928905,59973813.79
30-10-1984,Tuesday,October,1984,Q4,0.0941151,0.0950138,0.0941151,0.0941151,88329409.1
31-10-1984,Wednesday,October,1984,Q4,0.0941151,0.0950138,0.0935026,0.0935026,71326668.01
01-11-1984,Thursday,November,1984,Q4,0.0941151,0.0950138,0.0941151,0.0941151,55703206.88
02-11-1984,Friday,November,1984,Q4,0.0941151,0.0944014,0.0928905,0.0935026,32785326.28
05-11-1984,Monday,November,1984,Q4,0.0935026,0.0955867,0.0928905,0.0928905,124775235.5
06-11-1984,Tuesday,November,1984,Q4,0.0986188,0.0992315,0.0986188,0.0986188,266818454.6
07-11-1984,Wednesday,November,1984,Q4,0.0986188,0.0992315,0.0968212,0.0968212,274192477.6
08-11-1984,Thursday,November,1984,Q4,0.0968212,0.0968212,0.0928905,0.0928905,104350696.6
09-11-1984,Friday,November,1984,Q4,0.0928905,0.0935026,0.0865692,0.0874778,348304331.8
12-11-1984,Monday,November,1984,Q4,0.0904804,0.0910731,0.0904804,0.0904804,134112134.4
13-11-1984,Tuesday,November,1984,Q4,0.0904804,0.092594,0.0883866,0.0883866,150000851.2
14-11-1984,Wednesday,November,1984,Q4,0.0892754,0.0901645,0.0892754,0.0892754,123554998.6
15-11-1984,Thursday,November,1984,Q4,0.0892754,0.0901645,0.0892754,0.0892754,126234079.5
16-11-1984,Friday,November,1984,Q4,0.0892754,0.0904804,0.0868754,0.0874778,196287582
19-11-1984,Monday,November,1984,Q4,0.0874778,0.0880805,0.0823322,0.0823322,275890075.5
20-11-1984,Tuesday,November,1984,Q4,0.0850383,0.0853445,0.0850383,0.0850383,311725822.4
21-11-1984,Wednesday,November,1984,Q4,0.0868754,0.0874778,0.0868754,0.0868754,211645702.4
23-11-1984,Friday,November,1984,Q4,0.0880805,0.0904804,0.0880805,0.0892754,162335062.8
26-11-1984,Monday,November,1984,Q4,0.0901645,0.0901645,0.0901645,0.0901645,119178406.8
27-11-1984,Tuesday,November,1984,Q4,0.092594,0.0935026,0.092594,0.092594,150876144.8
28-11-1984,Wednesday,November,1984,Q4,0.0974239,0.0998239,0.0974239,0.0974239,486130035.6
29-11-1984,Thursday,November,1984,Q4,0.0974239,0.0974239,0.0955867,0.0955867,207083406.9
30-11-1984,Friday,November,1984,Q4,0.0955867,0.096209,0.092594,0.0928905,128727522.4
03-12-1984,Monday,December,1984,Q4,0.0928905,0.0935026,0.0916755,0.0916755,116048379.6
04-12-1984,Tuesday,December,1984,Q4,0.0935026,0.0955867,0.0935026,0.0935026,142547194.3
05-12-1984,Wednesday,December,1984,Q4,0.0980066,0.0980066,0.0980066,0.0980066,311327992
06-12-1984,Thursday,December,1984,Q4,0.102846,0.10346,0.102846,0.102846,375705024.9
07-12-1984,Friday,December,1984,Q4,0.102846,0.106766,0.101938,0.102529,585599984.1
10-12-1984,Monday,December,1984,Q4,0.102529,0.102529,0.100447,0.100447,132016623
11-12-1984,Tuesday,December,1984,Q4,0.100447,0.101938,0.0992315,0.0992315,146579036.1
12-12-1984,Wednesday,December,1984,Q4,0.0992315,0.0992315,0.0959027,0.0959027,130345577.5
13-12-1984,Thursday,December,1984,Q4,0.0968212,0.0986188,0.0968212,0.0968212,79151602.9
14-12-1984,Friday,December,1984,Q4,0.0968212,0.10013,0.0968212,0.0992315,113846793.4
17-12-1984,Monday,December,1984,Q4,0.101641,0.102529,0.101641,0.101641,148303230
18-12-1984,Tuesday,December,1984,Q4,0.107676,0.107971,0.107676,0.107676,403291302.3
19-12-1984,Wednesday,December,1984,Q4,0.107676,0.107971,0.10346,0.10346,375970256.3
20-12-1984,Thursday,December,1984,Q4,0.10346,0.105245,0.102846,0.102846,165597727.5
21-12-1984,Friday,December,1984,Q4,0.102846,0.10346,0.100447,0.101641,146711672.6
24-12-1984,Monday,December,1984,Q4,0.10346,0.103754,0.10346,0.10346,79973927.41
26-12-1984,Wednesday,December,1984,Q4,0.103754,0.10495,0.103754,0.103754,79549540.59
27-12-1984,Thursday,December,1984,Q4,0.104356,0.10495,0.104356,0.104356,116950231.8
28-12-1984,Friday,December,1984,Q4,0.104356,0.108565,0.103754,0.107971,195783558.2
31-12-1984,Monday,December,1984,Q4,0.109483,0.110087,0.109483,0.109483,246022565.8
02-01-1985,Wednesday,January,1985,Q1,0.109483,0.109483,0.10495,0.10495,207587291.9
03-01-1985,Thursday,January,1985,Q1,0.106766,0.109483,0.106766,0.106766,197295457.4
04-01-1985,Friday,January,1985,Q1,0.106766,0.10736,0.105245,0.106766,162547277.5
07-01-1985,Monday,January,1985,Q1,0.106766,0.10736,0.106165,0.106165,202388414.1
08-01-1985,Tuesday,January,1985,Q1,0.106165,0.10736,0.105245,0.105245,167109614.6
09-01-1985,Wednesday,January,1985,Q1,0.107971,0.109483,0.107971,0.107971,197428184
10-01-1985,Thursday,January,1985,Q1,0.112792,0.113097,0.112792,0.112792,328092007.6
11-01-1985,Friday,January,1985,Q1,0.112792,0.113732,0.11069,0.111893,242813025.2
14-01-1985,Monday,January,1985,Q1,0.114896,0.116099,0.114896,0.114896,320240424.1
15-01-1985,Tuesday,January,1985,Q1,0.114896,0.117019,0.112792,0.112792,313768288.7
16-01-1985,Wednesday,January,1985,Q1,0.113732,0.115527,0.113732,0.113732,224855351.5
17-01-1985,Thursday,January,1985,Q1,0.113732,0.115527,0.105553,0.105553,648358923.3
18-01-1985,Friday,January,1985,Q1,0.105553,0.110087,0.105245,0.107676,417615048.5
21-01-1985,Monday,January,1985,Q1,0.110087,0.11069,0.110087,0.110087,385360209.3
22-01-1985,Tuesday,January,1985,Q1,0.113097,0.113732,0.113097,0.113097,503079724.6
23-01-1985,Wednesday,January,1985,Q1,0.113097,0.113732,0.111282,0.111282,509790668.6
24-01-1985,Thursday,January,1985,Q1,0.111282,0.111282,0.109178,0.109178,470188206.9
25-01-1985,Friday,January,1985,Q1,0.109178,0.111282,0.106766,0.111282,377110839
28-01-1985,Monday,January,1985,Q1,0.113732,0.114896,0.113732,0.113732,488092828.5
29-01-1985,Tuesday,January,1985,Q1,0.113732,0.114627,0.112475,0.112475,264935191.4
30-01-1985,Wednesday,January,1985,Q1,0.112475,0.114627,0.112475,0.112475,583133208.9
31-01-1985,Thursday,January,1985,Q1,0.112475,0.112792,0.109178,0.109178,327110578.2
01-02-1985,Friday,February,1985,Q1,0.109178,0.109483,0.106766,0.107676,163104359.5
04-02-1985,Monday,February,1985,Q1,0.110087,0.110401,0.110087,0.110087,258171121.3
05-02-1985,Tuesday,February,1985,Q1,0.11069,0.112792,0.11069,0.11069,225041009.7
06-02-1985,Wednesday,February,1985,Q1,0.112792,0.112792,0.112792,0.112792,230239941.1
07-02-1985,Thursday,February,1985,Q1,0.112792,0.114304,0.112475,0.112475,290691240.5
08-02-1985,Friday,February,1985,Q1,0.112475,0.112792,0.11069,0.112475,156340362.3
11-02-1985,Monday,February,1985,Q1,0.114627,0.115527,0.114627,0.114627,410851025
12-02-1985,Tuesday,February,1985,Q1,0.114627,0.114896,0.111893,0.111893,268224296
13-02-1985,Wednesday,February,1985,Q1,0.111893,0.111893,0.106766,0.106766,624088276.7
14-02-1985,Thursday,February,1985,Q1,0.106766,0.107676,0.103754,0.103754,505440378.2
15-02-1985,Friday,February,1985,Q1,0.103754,0.105553,0.102846,0.105245,205597926.4
19-02-1985,Tuesday,February,1985,Q1,0.10495,0.10495,0.103754,0.103754,177427978.2
20-02-1985,Wednesday,February,1985,Q1,0.103754,0.104356,0.0992315,0.0992315,260478891.8
21-02-1985,Thursday,February,1985,Q1,0.101049,0.101641,0.101049,0.101049,364988765.1
22-02-1985,Friday,February,1985,Q1,0.101049,0.10495,0.101049,0.103754,268250794.8
25-02-1985,Monday,February,1985,Q1,0.103754,0.104356,0.102529,0.102529,116684963.9
26-02-1985,Tuesday,February,1985,Q1,0.102529,0.102846,0.100447,0.100447,223767767.2
27-02-1985,Wednesday,February,1985,Q1,0.100447,0.100447,0.0944014,0.0944014,477907153.9
28-02-1985,Thursday,February,1985,Q1,0.0944014,0.0944014,0.0928905,0.0928905,377827003.5
01-03-1985,Friday,March,1985,Q1,0.0928905,0.0935026,0.0901645,0.0935026,292998923.9
04-03-1985,Monday,March,1985,Q1,0.0950138,0.0977102,0.0950138,0.0950138,181300733.5
05-03-1985,Tuesday,March,1985,Q1,0.0974239,0.0974239,0.0974239,0.0974239,154854941.6
06-03-1985,Wednesday,March,1985,Q1,0.0974239,0.0974239,0.092594,0.092594,229258509.8
07-03-1985,Thursday,March,1985,Q1,0.092594,0.0928905,0.0832408,0.0832408,869155969.6
08-03-1985,Friday,March,1985,Q1,0.0832408,0.0832408,0.0778086,0.0808408,560772262.5
11-03-1985,Monday,March,1985,Q1,0.083547,0.0841395,0.083547,0.083547,338675585.4
12-03-1985,Tuesday,March,1985,Q1,0.0865692,0.0874778,0.0865692,0.0865692,259842263
13-03-1985,Wednesday,March,1985,Q1,0.0865692,0.0865692,0.0817395,0.0817395,297375673.6
14-03-1985,Thursday,March,1985,Q1,0.0817395,0.0823322,0.0817395,0.0817395,286102346
15-03-1985,Friday,March,1985,Q1,0.0817395,0.0868754,0.0811469,0.0850383,214828727.1
18-03-1985,Monday,March,1985,Q1,0.0859568,0.0868754,0.0859568,0.0859568,147746172.3
19-03-1985,Tuesday,March,1985,Q1,0.0859568,0.0868754,0.0826285,0.0826285,203024973.1
20-03-1985,Wednesday,March,1985,Q1,0.083547,0.0850383,0.083547,0.083547,479551726
21-03-1985,Thursday,March,1985,Q1,0.0850383,0.0865692,0.0850383,0.0850383,192388363.4
22-03-1985,Friday,March,1985,Q1,0.0850383,0.0865692,0.083547,0.083547,95172970.34
25-03-1985,Monday,March,1985,Q1,0.083547,0.083547,0.0811469,0.0811469,130212881.4
26-03-1985,Tuesday,March,1985,Q1,0.084732,0.084732,0.084732,0.084732,143793915.7
27-03-1985,Wednesday,March,1985,Q1,0.084732,0.0853445,0.0823322,0.0823322,131857522.3
28-03-1985,Thursday,March,1985,Q1,0.0823322,0.083547,0.0823322,0.0823322,153475626.2
29-03-1985,Friday,March,1985,Q1,0.0823322,0.083547,0.0823322,0.0832408,103236610.5
01-04-1985,Monday,April,1985,Q2,0.0832408,0.0850383,0.0811469,0.0811469,135067076.1
02-04-1985,Tuesday,April,1985,Q2,0.0811469,0.0817395,0.0790135,0.0790135,269311798.3
03-04-1985,Wednesday,April,1985,Q2,0.0790135,0.0793099,0.0790135,0.0790135,287349024.9
04-04-1985,Thursday,April,1985,Q2,0.0790135,0.0793099,0.0775025,0.078411,191672148.2
08-04-1985,Monday,April,1985,Q2,0.078411,0.0790135,0.0735913,0.0735913,235332860.4
09-04-1985,Tuesday,April,1985,Q2,0.0735913,0.0742036,0.0735913,0.0735913,312495102.9
10-04-1985,Wednesday,April,1985,Q2,0.0790135,0.0799223,0.0790135,0.0790135,268701764.4
11-04-1985,Thursday,April,1985,Q2,0.0805346,0.0826285,0.0805346,0.0805346,173687985.9
12-04-1985,Friday,April,1985,Q2,0.0805346,0.0805346,0.0778086,0.078411,85889049.71
15-04-1985,Monday,April,1985,Q2,0.0805346,0.0811469,0.0805346,0.0805346,70849187.53
16-04-1985,Tuesday,April,1985,Q2,0.0811469,0.0817395,0.0811469,0.0811469,80106593.23
17-04-1985,Wednesday,April,1985,Q2,0.0850383,0.0859568,0.0850383,0.0850383,145942449.8
18-04-1985,Thursday,April,1985,Q2,0.0859568,0.0865692,0.0859568,0.0859568,239709525
19-04-1985,Friday,April,1985,Q2,0.0859568,0.0859568,0.0841395,0.084732,113714160
22-04-1985,Monday,April,1985,Q2,0.084732,0.084732,0.0811469,0.0811469,121486063
23-04-1985,Tuesday,April,1985,Q2,0.0832408,0.083547,0.0832408,0.0832408,140080310.8
24-04-1985,Wednesday,April,1985,Q2,0.0832408,0.084732,0.0826285,0.0826285,93475317.76
25-04-1985,Thursday,April,1985,Q2,0.0826285,0.0832408,0.0826285,0.0826285,103767134.1
26-04-1985,Friday,April,1985,Q2,0.0826285,0.0850383,0.0823322,0.0823322,141751450.5
29-04-1985,Monday,April,1985,Q2,0.0823322,0.0826285,0.0793099,0.0793099,73660888.68
30-04-1985,Tuesday,April,1985,Q2,0.0799223,0.0805346,0.0799223,0.0799223,112175655.7
01-05-1985,Wednesday,May,1985,Q2,0.0799223,0.0805346,0.078411,0.078411,67904873.22
02-05-1985,Thursday,May,1985,Q2,0.0775025,0.0775025,0.0723665,0.0723665,390506081.5
03-05-1985,Friday,May,1985,Q2,0.0723665,0.0756951,0.0723665,0.0754184,187242371.7
06-05-1985,Monday,May,1985,Q2,0.0754184,0.076011,0.0742036,0.0742036,66472511.76
07-05-1985,Tuesday,May,1985,Q2,0.0754184,0.0754184,0.0754184,0.0754184,127427791.3
08-05-1985,Wednesday,May,1985,Q2,0.0748061,0.0748061,0.0748061,0.0748061,170982366.8
09-05-1985,Thursday,May,1985,Q2,0.0754184,0.0756951,0.0754184,0.0754184,150478299.3
10-05-1985,Friday,May,1985,Q2,0.0754184,0.077216,0.0754184,0.076011,161141458.3
13-05-1985,Monday,May,1985,Q2,0.076011,0.0766036,0.0754184,0.0754184,103289702.2
14-05-1985,Tuesday,May,1985,Q2,0.0754184,0.0756951,0.0742036,0.0742036,144165211.9
15-05-1985,Wednesday,May,1985,Q2,0.0754184,0.0766036,0.0754184,0.0754184,154457047.5
16-05-1985,Thursday,May,1985,Q2,0.0805346,0.0826285,0.0805346,0.0805346,272998837.6
17-05-1985,Friday,May,1985,Q2,0.0805346,0.0832408,0.0799223,0.0817395,250876714
20-05-1985,Monday,May,1985,Q2,0.0817395,0.083547,0.0805346,0.0805346,233502600.7
21-05-1985,Tuesday,May,1985,Q2,0.0799223,0.0799223,0.0778086,0.0778086,180637572.5
22-05-1985,Wednesday,May,1985,Q2,0.0778086,0.078411,0.0775025,0.0775025,142759378.6
23-05-1985,Thursday,May,1985,Q2,0.077216,0.077216,0.0742036,0.0742036,283211075.7
24-05-1985,Friday,May,1985,Q2,0.0742036,0.0742036,0.0681591,0.0681591,698040940
28-05-1985,Tuesday,May,1985,Q2,0.0672506,0.0672506,0.0633391,0.0633391,605069584.3
29-05-1985,Wednesday,May,1985,Q2,0.0642379,0.0648502,0.0642379,0.0642379,291964433.3
30-05-1985,Thursday,May,1985,Q2,0.0660456,0.0672506,0.0660456,0.0660456,372919835.6
31-05-1985,Friday,May,1985,Q2,0.0660456,0.0678629,0.0654331,0.0654331,437455950
03-06-1985,Monday,June,1985,Q2,0.0639417,0.0639417,0.0603169,0.0603169,682099232.8
04-06-1985,Tuesday,June,1985,Q2,0.0648502,0.0654331,0.0648502,0.0648502,475944257.8
05-06-1985,Wednesday,June,1985,Q2,0.0648502,0.0666382,0.0633391,0.0633391,339153103.3
06-06-1985,Thursday,June,1985,Q2,0.0639417,0.0639417,0.0639417,0.0639417,321142352.1
07-06-1985,Friday,June,1985,Q2,0.0639417,0.0639417,0.0615318,0.0615318,562761697.9
10-06-1985,Monday,June,1985,Q2,0.0615318,0.0621442,0.060633,0.060633,374352206.2
11-06-1985,Tuesday,June,1985,Q2,0.060633,0.0621442,0.060633,0.060633,356102701.1
12-06-1985,Wednesday,June,1985,Q2,0.060633,0.0609195,0.0594183,0.0594183,293662066.7
13-06-1985,Thursday,June,1985,Q2,0.0594183,0.0597045,0.0557933,0.0557933,449418931.3
14-06-1985,Friday,June,1985,Q2,0.0557933,0.0594183,0.0554972,0.0554972,669844504.2
17-06-1985,Monday,June,1985,Q2,0.0557933,0.056396,0.0557933,0.0557933,279868906.7
18-06-1985,Tuesday,June,1985,Q2,0.0573045,0.0581936,0.0573045,0.0573045,314060040
19-06-1985,Wednesday,June,1985,Q2,0.0588157,0.0597045,0.0588157,0.0588157,203661557.4
20-06-1985,Thursday,June,1985,Q2,0.0594183,0.0594183,0.0594183,0.0594183,225942910.4
21-06-1985,Friday,June,1985,Q2,0.060633,0.0621442,0.060633,0.060633,196738477.7
24-06-1985,Monday,June,1985,Q2,0.0648502,0.065759,0.0648502,0.0648502,243661781.6
25-06-1985,Tuesday,June,1985,Q2,0.065759,0.0672506,0.065759,0.065759,348039031.6
26-06-1985,Wednesday,June,1985,Q2,0.0681591,0.0681591,0.0681591,0.0681591,156552593.2
27-06-1985,Thursday,June,1985,Q2,0.0690677,0.0696703,0.0690677,0.0690677,227905744.8
28-06-1985,Friday,June,1985,Q2,0.0690677,0.0696703,0.0678629,0.0678629,160743603.7
01-07-1985,Monday,July,1985,Q3,0.0681591,0.068475,0.0681591,0.0681591,122494038.6
02-07-1985,Tuesday,July,1985,Q3,0.0681591,0.068475,0.0648502,0.0648502,92042986.67
03-07-1985,Wednesday,July,1985,Q3,0.065759,0.065759,0.065759,0.065759,81114532.43
05-07-1985,Friday,July,1985,Q3,0.0660456,0.0666382,0.0660456,0.0660456,43315873.2
08-07-1985,Monday,July,1985,Q3,0.0660456,0.0666382,0.0660456,0.0660456,109204838.6
09-07-1985,Tuesday,July,1985,Q3,0.0660456,0.0666382,0.0660456,0.0660456,175146838
10-07-1985,Wednesday,July,1985,Q3,0.0678629,0.0678629,0.0678629,0.0678629,125570974.2
11-07-1985,Thursday,July,1985,Q3,0.0678629,0.0681591,0.0678629,0.0678629,76843929.57
12-07-1985,Friday,July,1985,Q3,0.0678629,0.0678629,0.0672506,0.0672506,55703206.88
15-07-1985,Monday,July,1985,Q3,0.0672506,0.068475,0.0666382,0.0666382,91989857.57
16-07-1985,Tuesday,July,1985,Q3,0.0666382,0.0672506,0.065759,0.065759,169762174.4
17-07-1985,Wednesday,July,1985,Q3,0.0660456,0.0672506,0.0660456,0.0660456,139947681.5
18-07-1985,Thursday,July,1985,Q3,0.0660456,0.0660456,0.0648502,0.0648502,212043595.5
19-07-1985,Friday,July,1985,Q3,0.0654331,0.0654331,0.0654331,0.0654331,136075059.8
22-07-1985,Monday,July,1985,Q3,0.0654331,0.0654331,0.0633391,0.0633391,227720075.4
23-07-1985,Tuesday,July,1985,Q3,0.0633391,0.0642379,0.0621442,0.0621442,199762359.1
24-07-1985,Wednesday,July,1985,Q3,0.0621442,0.0630429,0.0609195,0.0609195,199788875
25-07-1985,Thursday,July,1985,Q3,0.0624207,0.0630429,0.0624207,0.0624207,373105477.7
26-07-1985,Friday,July,1985,Q3,0.0624207,0.0630429,0.0624207,0.0624207,154563190.2
29-07-1985,Monday,July,1985,Q3,0.0624207,0.0624207,0.0603169,0.0603169,92069447.95
30-07-1985,Tuesday,July,1985,Q3,0.0609195,0.0615318,0.0609195,0.0609195,105942188.2
31-07-1985,Wednesday,July,1985,Q3,0.0609195,0.0615318,0.0597045,0.0597045,95332106.54
01-08-1985,Thursday,August,1985,Q3,0.0597045,0.060633,0.0597045,0.0597045,61061370.7
02-08-1985,Friday,August,1985,Q3,0.0597045,0.0597045,0.0594183,0.0594183,115358737.1
05-08-1985,Monday,August,1985,Q3,0.0594183,0.0597045,0.0578972,0.0578972,109337446.7
06-08-1985,Tuesday,August,1985,Q3,0.0578972,0.0594183,0.0573045,0.0573045,74695360.04
07-08-1985,Wednesday,August,1985,Q3,0.0573045,0.0603169,0.0557933,0.0557933,179682682.4
08-08-1985,Thursday,August,1985,Q3,0.0569983,0.0573045,0.0569983,0.0569983,174987680.6
09-08-1985,Friday,August,1985,Q3,0.0573045,0.0573045,0.0573045,0.0573045,72175504.43
12-08-1985,Monday,August,1985,Q3,0.0573045,0.0573045,0.056396,0.056396,65119692.07
13-08-1985,Tuesday,August,1985,Q3,0.0573045,0.0581936,0.0573045,0.0573045,50186007.09
14-08-1985,Wednesday,August,1985,Q3,0.0573045,0.0573045,0.0548948,0.0548948,343291031.3
15-08-1985,Thursday,August,1985,Q3,0.0548948,0.0554972,0.0542922,0.0542922,124563017.8
16-08-1985,Friday,August,1985,Q3,0.0548948,0.0557933,0.0548948,0.0548948,99178257.78
19-08-1985,Monday,August,1985,Q3,0.056396,0.0573045,0.056396,0.056396,56684661.52
20-08-1985,Tuesday,August,1985,Q3,0.0573045,0.0573045,0.0573045,0.0573045,79284256.56
21-08-1985,Wednesday,August,1985,Q3,0.0573045,0.0573045,0.0573045,0.0573045,91194150.25
22-08-1985,Thursday,August,1985,Q3,0.0573045,0.0573045,0.0557933,0.0557933,146022052.4
23-08-1985,Friday,August,1985,Q3,0.0557933,0.056396,0.0554972,0.0554972,52122296.13
26-08-1985,Monday,August,1985,Q3,0.0569983,0.0569983,0.0569983,0.0569983,42228318.31
27-08-1985,Tuesday,August,1985,Q3,0.0573045,0.0573045,0.0573045,0.0573045,50822551.88
28-08-1985,Wednesday,August,1985,Q3,0.0573045,0.0578972,0.0573045,0.0573045,48488332.23
29-08-1985,Thursday,August,1985,Q3,0.0573045,0.0573045,0.0557933,0.0557933,66445914.81
30-08-1985,Friday,August,1985,Q3,0.056396,0.056396,0.056396,0.056396,50769508.84
03-09-1985,Tuesday,September,1985,Q3,0.056396,0.056396,0.0554972,0.0554972,44350385.05
04-09-1985,Wednesday,September,1985,Q3,0.0557933,0.0569983,0.0557933,0.0557933,56313335.96
05-09-1985,Thursday,September,1985,Q3,0.0557933,0.056396,0.0557933,0.0557933,38859654.64
06-09-1985,Friday,September,1985,Q3,0.056396,0.056396,0.056396,0.056396,109894458.9
09-09-1985,Monday,September,1985,Q3,0.0573045,0.0578972,0.0573045,0.0573045,156685194.2
10-09-1985,Tuesday,September,1985,Q3,0.0578972,0.0588157,0.0578972,0.0578972,144191789.6
11-09-1985,Wednesday,September,1985,Q3,0.0581936,0.0588157,0.0581936,0.0581936,103130512.3
12-09-1985,Thursday,September,1985,Q3,0.060633,0.060633,0.060633,0.060633,131645252.9
13-09-1985,Friday,September,1985,Q3,0.060633,0.060633,0.0594183,0.0594183,83528281.71
16-09-1985,Monday,September,1985,Q3,0.0594183,0.0594183,0.0573045,0.0573045,43793385.07
17-09-1985,Tuesday,September,1985,Q3,0.0573045,0.0573045,0.0573045,0.0573045,217587391.3
18-09-1985,Wednesday,September,1985,Q3,0.0609195,0.0609195,0.0609195,0.0609195,142202388.7
19-09-1985,Thursday,September,1985,Q3,0.0639417,0.0639417,0.0639417,0.0639417,220637816.9
20-09-1985,Friday,September,1985,Q3,0.0639417,0.0642379,0.0630429,0.0630429,160133450.3
23-09-1985,Monday,September,1985,Q3,0.0633391,0.0642379,0.0633391,0.0633391,140425180.2
24-09-1985,Tuesday,September,1985,Q3,0.0633391,0.0648502,0.0621442,0.0621442,104324173.5
25-09-1985,Wednesday,September,1985,Q3,0.0621442,0.0621442,0.0597045,0.0597045,123740761.1
26-09-1985,Thursday,September,1985,Q3,0.0597045,0.0603169,0.0597045,0.0597045,63342566.56
27-09-1985,Friday,September,1985,Q3,0.0597045,0.0603169,0.0597045,0.0597045,8169804.229
30-09-1985,Monday,September,1985,Q3,0.0597045,0.0603169,0.0594183,0.0594183,43395426.11
01-10-1985,Tuesday,October,1985,Q4,0.0594183,0.0597045,0.0594183,0.0594183,104615948.2
02-10-1985,Wednesday,October,1985,Q4,0.0594183,0.0597045,0.0588157,0.0588157,25464305.82
03-10-1985,Thursday,October,1985,Q4,0.0588157,0.0588157,0.0581936,0.0581936,57931352.61
04-10-1985,Friday,October,1985,Q4,0.0581936,0.0581936,0.056396,0.056396,82334665.04
07-10-1985,Monday,October,1985,Q4,0.056396,0.0573045,0.056396,0.056396,108859983.5
08-10-1985,Tuesday,October,1985,Q4,0.0569983,0.0569983,0.0569983,0.0569983,102997906.2
09-10-1985,Wednesday,October,1985,Q4,0.0569983,0.0573045,0.056396,0.056396,98064212.26
10-10-1985,Thursday,October,1985,Q4,0.0597045,0.0603169,0.0597045,0.0597045,309948625
11-10-1985,Friday,October,1985,Q4,0.0603169,0.0609195,0.0603169,0.0603169,140080310.8
14-10-1985,Monday,October,1985,Q4,0.0624207,0.0624207,0.0624207,0.0624207,183767546
15-10-1985,Tuesday,October,1985,Q4,0.0639417,0.0642379,0.0639417,0.0639417,348012520.7
16-10-1985,Wednesday,October,1985,Q4,0.0678629,0.0681591,0.0678629,0.0678629,341566867.8
17-10-1985,Thursday,October,1985,Q4,0.068475,0.0717641,0.068475,0.068475,412309921.7
18-10-1985,Friday,October,1985,Q4,0.068475,0.0690677,0.0666382,0.0666382,272866208.3
21-10-1985,Monday,October,1985,Q4,0.0666382,0.0666382,0.0648502,0.0648502,140770051.5
22-10-1985,Tuesday,October,1985,Q4,0.0678629,0.068475,0.0678629,0.0678629,502734798.5
23-10-1985,Wednesday,October,1985,Q4,0.0678629,0.0696703,0.0678629,0.0678629,175703854.2
24-10-1985,Thursday,October,1985,Q4,0.0690677,0.0708752,0.0690677,0.0690677,322839939.9
25-10-1985,Friday,October,1985,Q4,0.0690677,0.0690677,0.0678629,0.0678629,74934100.78
28-10-1985,Monday,October,1985,Q4,0.0678629,0.0681591,0.0678629,0.0678629,70424782.49
29-10-1985,Tuesday,October,1985,Q4,0.0678629,0.0678629,0.0672506,0.0672506,154987572
30-10-1985,Wednesday,October,1985,Q4,0.0714777,0.0714777,0.0714777,0.0714777,268303834.8
31-10-1985,Thursday,October,1985,Q4,0.0714777,0.0723665,0.0699764,0.0699764,183634950.1
01-11-1985,Friday,November,1985,Q4,0.0699764,0.0714777,0.0699764,0.0699764,109602723.7
04-11-1985,Monday,November,1985,Q4,0.0702827,0.0717641,0.0702827,0.0702827,184404165.8
05-11-1985,Tuesday,November,1985,Q4,0.0702827,0.0717641,0.0699764,0.0699764,127348183.7
06-11-1985,Wednesday,November,1985,Q4,0.0723665,0.0729788,0.0723665,0.0723665,237375304.4
07-11-1985,Thursday,November,1985,Q4,0.0735913,0.0748061,0.0735913,0.0735913,375545836
08-11-1985,Friday,November,1985,Q4,0.077216,0.0778086,0.077216,0.077216,348277811.8
11-11-1985,Monday,November,1985,Q4,0.077216,0.0778086,0.0754184,0.0754184,211698767.7
12-11-1985,Tuesday,November,1985,Q4,0.0754184,0.076011,0.0748061,0.0748061,205624505.1
13-11-1985,Wednesday,November,1985,Q4,0.0748061,0.0748061,0.0729788,0.0729788,120265914.2
14-11-1985,Thursday,November,1985,Q4,0.0754184,0.0756951,0.0754184,0.0754184,165199805
15-11-1985,Friday,November,1985,Q4,0.0754184,0.076011,0.0748061,0.0748061,96605319.66
18-11-1985,Monday,November,1985,Q4,0.0748061,0.0754184,0.0748061,0.0748061,76446016.17
19-11-1985,Tuesday,November,1985,Q4,0.0748061,0.0754184,0.0723665,0.0723665,111698223.9
20-11-1985,Wednesday,November,1985,Q4,0.0723665,0.0729788,0.0714777,0.0714777,117321624.1
21-11-1985,Thursday,November,1985,Q4,0.0714777,0.0723665,0.0714777,0.0714777,121910459.9
22-11-1985,Friday,November,1985,Q4,0.0714777,0.0723665,0.0708752,0.0714777,152467671.8
25-11-1985,Monday,November,1985,Q4,0.0714777,0.0723665,0.0714777,0.0717641,115093442
26-11-1985,Tuesday,November,1985,Q4,0.0717641,0.0732951,0.0714777,0.0729788,194749036.2
27-11-1985,Wednesday,November,1985,Q4,0.0729788,0.0756951,0.0723665,0.0754184,227030436.9
29-11-1985,Friday,November,1985,Q4,0.0754184,0.0756951,0.0748061,0.0756951,117268544.7
02-12-1985,Monday,December,1985,Q4,0.0756951,0.076011,0.0754184,0.076011,118647864.1
03-12-1985,Tuesday,December,1985,Q4,0.076011,0.0766036,0.0754184,0.0756951,183634950.1
04-12-1985,Wednesday,December,1985,Q4,0.0756951,0.0775025,0.0756951,0.077216,195518317.7
05-12-1985,Thursday,December,1985,Q4,0.077216,0.0778086,0.0754184,0.0756951,148197057.8
06-12-1985,Friday,December,1985,Q4,0.0756951,0.0756951,0.0735913,0.0742036,77507080.42
09-12-1985,Monday,December,1985,Q4,0.0742036,0.0754184,0.0723665,0.0729788,165624286
10-12-1985,Tuesday,December,1985,Q4,0.0729788,0.0735913,0.0723665,0.0732951,237905820.8
11-12-1985,Wednesday,December,1985,Q4,0.0732951,0.0756951,0.0732951,0.0742036,281380822.1
12-12-1985,Thursday,December,1985,Q4,0.0748061,0.076011,0.0748061,0.0754184,148329712.5
13-12-1985,Friday,December,1985,Q4,0.0754184,0.076011,0.0742036,0.0754184,297402170.3
16-12-1985,Monday,December,1985,Q4,0.0754184,0.0799223,0.0754184,0.078411,342123912.3
17-12-1985,Tuesday,December,1985,Q4,0.078411,0.0790135,0.0766036,0.0775025,129151875.8
18-12-1985,Wednesday,December,1985,Q4,0.0805346,0.0859568,0.0805346,0.083547,662894828.5
19-12-1985,Thursday,December,1985,Q4,0.083547,0.0853445,0.0832408,0.084732,319869094.5
20-12-1985,Friday,December,1985,Q4,0.084732,0.0853445,0.083547,0.0841395,243980092.5
23-12-1985,Monday,December,1985,Q4,0.0841395,0.084732,0.0811469,0.0823322,169603047.4
24-12-1985,Tuesday,December,1985,Q4,0.0823322,0.0826285,0.0811469,0.0817395,76499095.66
26-12-1985,Thursday,December,1985,Q4,0.0817395,0.0826285,0.0811469,0.0817395,54297393.76
27-12-1985,Friday,December,1985,Q4,0.0817395,0.0850383,0.0817395,0.0841395,145518028.6
30-12-1985,Monday,December,1985,Q4,0.0841395,0.0850383,0.0832408,0.083547,127507333.1
31-12-1985,Tuesday,December,1985,Q4,0.083547,0.0841395,0.0826285,0.0826285,103316184.7
02-01-1986,Thursday,January,1986,Q1,0.0826285,0.083547,0.0817395,0.083547,139045808.1
03-01-1986,Friday,January,1986,Q1,0.083547,0.0841395,0.0832408,0.0841395,286765527.2
06-01-1986,Monday,January,1986,Q1,0.0841395,0.0841395,0.0823322,0.083547,219125856
07-01-1986,Tuesday,January,1986,Q1,0.083547,0.0865692,0.0832408,0.0865692,557191408.5
08-01-1986,Wednesday,January,1986,Q1,0.0865692,0.0883866,0.0853445,0.0859568,719499961.4
09-01-1986,Thursday,January,1986,Q1,0.0859568,0.0865692,0.0823322,0.0850383,529604985.3
10-01-1986,Friday,January,1986,Q1,0.0850383,0.0868754,0.0850383,0.0853445,181459912.2
13-01-1986,Monday,January,1986,Q1,0.0853445,0.0868754,0.084732,0.0865692,255094252.5
14-01-1986,Tuesday,January,1986,Q1,0.0865692,0.0892754,0.084732,0.0874778,322919484.7
15-01-1986,Wednesday,January,1986,Q1,0.0874778,0.0901645,0.0868754,0.0898681,501461611.7
16-01-1986,Thursday,January,1986,Q1,0.0898681,0.0928905,0.0898681,0.0922879,633266046.4
17-01-1986,Friday,January,1986,Q1,0.0922879,0.0928905,0.0898681,0.0901645,408994278.7
20-01-1986,Monday,January,1986,Q1,0.0901645,0.0901645,0.0880805,0.0898681,150876144.8
21-01-1986,Tuesday,January,1986,Q1,0.0898681,0.0904804,0.0892754,0.0901645,179947973.5
22-01-1986,Wednesday,January,1986,Q1,0.0901645,0.0904804,0.0841395,0.0880805,169337804.8
23-01-1986,Thursday,January,1986,Q1,0.0880805,0.0883866,0.0853445,0.0865692,185226489.3
24-01-1986,Friday,January,1986,Q1,0.0865692,0.0880805,0.0850383,0.0850383,132600216.9
27-01-1986,Monday,January,1986,Q1,0.0850383,0.0853445,0.0826285,0.0832408,461328762.2
28-01-1986,Tuesday,January,1986,Q1,0.0832408,0.0841395,0.0826285,0.083547,263237512.5
29-01-1986,Wednesday,January,1986,Q1,0.083547,0.0916755,0.0826285,0.088673,698147054.5
30-01-1986,Thursday,January,1986,Q1,0.0883866,0.0883866,0.0859568,0.0865692,280505523.4
31-01-1986,Friday,January,1986,Q1,0.0865692,0.0874778,0.0859568,0.0868754,174908101.3
03-02-1986,Monday,February,1986,Q1,0.0868754,0.0901645,0.0859568,0.0898681,414484995
04-02-1986,Tuesday,February,1986,Q1,0.0898681,0.0916755,0.0892754,0.0892754,308091862.5
05-02-1986,Wednesday,February,1986,Q1,0.0892754,0.0898681,0.0883866,0.0892754,233476047.3
06-02-1986,Thursday,February,1986,Q1,0.0892754,0.0910731,0.088673,0.0904804,158939830.6
07-02-1986,Friday,February,1986,Q1,0.0904804,0.0904804,0.0883866,0.0901645,153236925
10-02-1986,Monday,February,1986,Q1,0.0901645,0.0922879,0.0892754,0.0898681,132440994.7
11-02-1986,Tuesday,February,1986,Q1,0.0898681,0.0901645,0.0883866,0.0898681,181725087.9
12-02-1986,Wednesday,February,1986,Q1,0.0898681,0.0901645,0.0892754,0.0901645,157560532.4
13-02-1986,Thursday,February,1986,Q1,0.0901645,0.0901645,0.0892754,0.0898681,129523241.9
14-02-1986,Friday,February,1986,Q1,0.0898681,0.0904804,0.0892754,0.0892754,162839089.7
18-02-1986,Tuesday,February,1986,Q1,0.0892754,0.0901645,0.0874778,0.0898681,175385565.6
19-02-1986,Wednesday,February,1986,Q1,0.0898681,0.0959027,0.0898681,0.0941151,425917479.1
20-02-1986,Thursday,February,1986,Q1,0.0941151,0.0955867,0.0935026,0.0944014,163316525.6
21-02-1986,Friday,February,1986,Q1,0.0944014,0.0968212,0.0944014,0.0950138,223900405.7
24-02-1986,Monday,February,1986,Q1,0.0950138,0.0968212,0.0941151,0.0968212,292627595.3
25-02-1986,Tuesday,February,1986,Q1,0.0968212,0.0992315,0.0944014,0.0992315,266128718.9
26-02-1986,Wednesday,February,1986,Q1,0.0992315,0.100447,0.0977102,0.0977102,195067379.5
27-02-1986,Thursday,February,1986,Q1,0.0977102,0.0980066,0.0959027,0.096209,128037815.1
28-02-1986,Friday,February,1986,Q1,0.096209,0.0974239,0.0935026,0.0941151,148170598.6
03-03-1986,Monday,March,1986,Q1,0.0941151,0.0944014,0.0922879,0.092594,128860096.1
04-03-1986,Tuesday,March,1986,Q1,0.092594,0.0941151,0.0922879,0.092594,105517847.9
05-03-1986,Wednesday,March,1986,Q1,0.092594,0.0959027,0.0910731,0.0950138,209629797.6
06-03-1986,Thursday,March,1986,Q1,0.0950138,0.0968212,0.0944014,0.0955867,120000644.3
07-03-1986,Friday,March,1986,Q1,0.0955867,0.0955867,0.0928905,0.0928905,113899790.9
10-03-1986,Monday,March,1986,Q1,0.0928905,0.0935026,0.092594,0.092594,89390411.6
11-03-1986,Tuesday,March,1986,Q1,0.092594,0.0935026,0.0922879,0.0935026,122043106.5
12-03-1986,Wednesday,March,1986,Q1,0.0935026,0.0944014,0.0928905,0.0928905,101459405
13-03-1986,Thursday,March,1986,Q1,0.0928905,0.0941151,0.0916755,0.0928905,137321708.4
14-03-1986,Friday,March,1986,Q1,0.0928905,0.0986188,0.0928905,0.0980066,455731880.9
17-03-1986,Monday,March,1986,Q1,0.0977102,0.0977102,0.0955867,0.0977102,140584334.6
18-03-1986,Tuesday,March,1986,Q1,0.0977102,0.102529,0.0974239,0.101049,295280093.4
19-03-1986,Wednesday,March,1986,Q1,0.101049,0.102529,0.0992315,0.0998239,224855351.5
20-03-1986,Thursday,March,1986,Q1,0.105245,0.111282,0.105245,0.106165,1070642461
21-03-1986,Friday,March,1986,Q1,0.106165,0.107971,0.10346,0.103754,308330603.3
24-03-1986,Monday,March,1986,Q1,0.103754,0.103754,0.0992315,0.100447,348516472.6
25-03-1986,Tuesday,March,1986,Q1,0.100447,0.10495,0.100447,0.10495,332840024.1
26-03-1986,Wednesday,March,1986,Q1,0.10495,0.107971,0.10495,0.106165,263051798.5
27-03-1986,Thursday,March,1986,Q1,0.106165,0.109178,0.106165,0.106165,259338306
31-03-1986,Monday,March,1986,Q1,0.106165,0.10736,0.105245,0.106165,222388494.3
01-04-1986,Tuesday,April,1986,Q2,0.106165,0.106165,0.101641,0.102529,263741523.1
02-04-1986,Wednesday,April,1986,Q2,0.102529,0.102846,0.0986188,0.102529,385201052.9
03-04-1986,Thursday,April,1986,Q2,0.102529,0.103754,0.101049,0.101641,249948335.8
04-04-1986,Friday,April,1986,Q2,0.101641,0.101641,0.10013,0.100447,149152056.3
07-04-1986,Monday,April,1986,Q2,0.100447,0.10346,0.0986188,0.102529,142255452
08-04-1986,Tuesday,April,1986,Q2,0.102529,0.104356,0.102529,0.103754,228807613.1
09-04-1986,Wednesday,April,1986,Q2,0.103754,0.104356,0.101049,0.101938,160239602.2
10-04-1986,Thursday,April,1986,Q2,0.101938,0.102846,0.101049,0.102529,130239477.3
11-04-1986,Friday,April,1986,Q2,0.102529,0.10346,0.101641,0.101641,89602627.28
14-04-1986,Monday,April,1986,Q2,0.101641,0.102529,0.100447,0.101049,100610615.2
15-04-1986,Tuesday,April,1986,Q2,0.101049,0.10346,0.101049,0.102846,155597708.2
16-04-1986,Wednesday,April,1986,Q2,0.102846,0.10736,0.102846,0.106165,249656524.6
17-04-1986,Thursday,April,1986,Q2,0.106165,0.109483,0.105245,0.109178,319842624.1
18-04-1986,Friday,April,1986,Q2,0.109178,0.112475,0.107971,0.111893,293290732
21-04-1986,Monday,April,1986,Q2,0.112475,0.115527,0.112475,0.114304,323927472.5
22-04-1986,Tuesday,April,1986,Q2,0.114304,0.117591,0.111282,0.112475,388251474.5
23-04-1986,Wednesday,April,1986,Q2,0.112475,0.114304,0.110401,0.111282,309630334.4
24-04-1986,Thursday,April,1986,Q2,0.111282,0.118263,0.11069,0.117919,542788120.5
25-04-1986,Friday,April,1986,Q2,0.117919,0.122659,0.117919,0.121226,309152905.5
28-04-1986,Monday,April,1986,Q2,0.121226,0.123005,0.119439,0.120348,172335154.1
29-04-1986,Tuesday,April,1986,Q2,0.120348,0.121226,0.101049,0.117591,157136131.4
30-04-1986,Wednesday,April,1986,Q2,0.117591,0.118847,0.113732,0.113732,163157447.1
01-05-1986,Thursday,May,1986,Q2,0.113732,0.113732,0.111893,0.113732,305439335.1
02-05-1986,Friday,May,1986,Q2,0.113732,0.116705,0.113097,0.114627,110822933.3
05-05-1986,Monday,May,1986,Q2,0.114627,0.122097,0.114627,0.120673,176844467.3
06-05-1986,Tuesday,May,1986,Q2,0.121226,0.124881,0.121226,0.122659,258781258.5
07-05-1986,Wednesday,May,1986,Q2,0.122659,0.123676,0.117591,0.118263,235412455.8
08-05-1986,Thursday,May,1986,Q2,0.118263,0.124575,0.118263,0.124298,276341011.7
09-05-1986,Friday,May,1986,Q2,0.124298,0.126362,0.123005,0.125524,263476226.9
12-05-1986,Monday,May,1986,Q2,0.125524,0.137819,0.124881,0.136931,474167024
13-05-1986,Tuesday,May,1986,Q2,0.136931,0.137207,0.132367,0.135429,558650245.4
14-05-1986,Wednesday,May,1986,Q2,0.135429,0.140585,0.135429,0.138422,571939474.7
15-05-1986,Thursday,May,1986,Q2,0.138422,0.139033,0.133889,0.135429,263529276
16-05-1986,Friday,May,1986,Q2,0.135429,0.136349,0.132121,0.135429,378039220.2
19-05-1986,Monday,May,1986,Q2,0.135429,0.137207,0.133286,0.133889,248091553.1
20-05-1986,Tuesday,May,1986,Q2,0.133889,0.133889,0.128712,0.133028,291062595.4
21-05-1986,Wednesday,May,1986,Q2,0.133028,0.139993,0.131804,0.139033,410585776.4
22-05-1986,Thursday,May,1986,Q2,0.139033,0.140852,0.13448,0.138164,261115499.4
23-05-1986,Friday,May,1986,Q2,0.138164,0.139645,0.136931,0.139033,165597727.5
27-05-1986,Tuesday,May,1986,Q2,0.139033,0.139033,0.136931,0.138422,100239272.4
28-05-1986,Wednesday,May,1986,Q2,0.138422,0.140852,0.138164,0.139993,245279827.6
29-05-1986,Thursday,May,1986,Q2,0.139993,0.139993,0.137207,0.139033,120106747.6
30-05-1986,Friday,May,1986,Q2,0.139033,0.139993,0.137207,0.139033,150902668.9
02-06-1986,Monday,June,1986,Q2,0.139033,0.140585,0.138164,0.139645,235942964.2
03-06-1986,Tuesday,June,1986,Q2,0.139645,0.143214,0.139645,0.142284,385917232.6
04-06-1986,Wednesday,June,1986,Q2,0.142284,0.146018,0.142065,0.14568,356023163.4
05-06-1986,Thursday,June,1986,Q2,0.14568,0.147183,0.144773,0.146018,175120367.6
06-06-1986,Friday,June,1986,Q2,0.146018,0.146018,0.140852,0.142065,210027723.2
09-06-1986,Monday,June,1986,Q2,0.142065,0.142284,0.134778,0.135429,292521484.9
10-06-1986,Tuesday,June,1986,Q2,0.135429,0.135429,0.132121,0.135429,292362335.6
11-06-1986,Wednesday,June,1986,Q2,0.135429,0.136349,0.133286,0.135755,221274408.3
12-06-1986,Thursday,June,1986,Q2,0.135755,0.136931,0.135429,0.135429,152865528.5
13-06-1986,Friday,June,1986,Q2,0.135429,0.136931,0.132367,0.136931,169337804.8
16-06-1986,Monday,June,1986,Q2,0.136931,0.138422,0.133889,0.134778,205571427.7
17-06-1986,Tuesday,June,1986,Q2,0.134778,0.135429,0.127842,0.128712,262945721.6
18-06-1986,Wednesday,June,1986,Q2,0.128712,0.13058,0.122097,0.128712,508782623.1
19-06-1986,Thursday,June,1986,Q2,0.128712,0.13448,0.127271,0.131804,408118928.4
20-06-1986,Friday,June,1986,Q2,0.131804,0.135755,0.131804,0.135429,191009010.5
23-06-1986,Monday,June,1986,Q2,0.135429,0.136349,0.130313,0.13058,137746134.7
24-06-1986,Tuesday,June,1986,Q2,0.13058,0.132121,0.129383,0.130906,168144147.7
25-06-1986,Wednesday,June,1986,Q2,0.131804,0.135429,0.131804,0.134778,156287308.1
26-06-1986,Thursday,June,1986,Q2,0.134778,0.136931,0.133286,0.136349,138462260.8
27-06-1986,Friday,June,1986,Q2,0.136349,0.138164,0.133286,0.134778,59443335.83
30-06-1986,Monday,June,1986,Q2,0.134778,0.136349,0.13448,0.134778,83793573.84
01-07-1986,Tuesday,July,1986,Q3,0.134778,0.135755,0.13058,0.133028,103873233.3
02-07-1986,Wednesday,July,1986,Q3,0.133028,0.136349,0.133028,0.135755,171512857.9
03-07-1986,Thursday,July,1986,Q3,0.135755,0.142065,0.133889,0.141423,214536968.6
07-07-1986,Monday,July,1986,Q3,0.141423,0.142065,0.133028,0.133889,215306187.3
08-07-1986,Tuesday,July,1986,Q3,0.132367,0.132367,0.128121,0.128712,324086649.2
09-07-1986,Wednesday,July,1986,Q3,0.128712,0.13058,0.127842,0.130313,432363109.7
10-07-1986,Thursday,July,1986,Q3,0.13058,0.133028,0.130313,0.133028,246977527.8
11-07-1986,Friday,July,1986,Q3,0.133028,0.142065,0.132367,0.139645,265253430.3
14-07-1986,Monday,July,1986,Q3,0.139645,0.140585,0.136349,0.136349,281168637.8
15-07-1986,Tuesday,July,1986,Q3,0.131804,0.131804,0.128712,0.130906,352787089.6
16-07-1986,Wednesday,July,1986,Q3,0.133286,0.133889,0.123005,0.125818,639260789.5
17-07-1986,Thursday,July,1986,Q3,0.125818,0.126986,0.120673,0.121226,297083854.4
18-07-1986,Friday,July,1986,Q3,0.121226,0.122097,0.117591,0.119439,366049709.8
21-07-1986,Monday,July,1986,Q3,0.124298,0.126986,0.123005,0.125818,270558519.8
22-07-1986,Tuesday,July,1986,Q3,0.125818,0.130313,0.124881,0.130313,283821172.4
23-07-1986,Wednesday,July,1986,Q3,0.130313,0.130313,0.128121,0.128121,212547587.9
24-07-1986,Thursday,July,1986,Q3,0.128712,0.129383,0.124298,0.124575,171194572.4
25-07-1986,Friday,July,1986,Q3,0.124575,0.127842,0.124298,0.127842,257508008.9
28-07-1986,Monday,July,1986,Q3,0.127271,0.127842,0.121226,0.12182,291778837.9
29-07-1986,Tuesday,July,1986,Q3,0.121226,0.121226,0.115527,0.117591,705574150.9
30-07-1986,Wednesday,July,1986,Q3,0.117591,0.118263,0.112792,0.114627,302388918.5
31-07-1986,Thursday,July,1986,Q3,0.114627,0.118263,0.114627,0.117591,334219343.5
01-08-1986,Friday,August,1986,Q3,0.117019,0.119439,0.117019,0.117919,177719802.5
04-08-1986,Monday,August,1986,Q3,0.117919,0.118263,0.114896,0.118263,154138798.4
05-08-1986,Tuesday,August,1986,Q3,0.118847,0.12182,0.118263,0.120673,139602847.6
06-08-1986,Wednesday,August,1986,Q3,0.120673,0.120673,0.116705,0.117019,219311519.3
07-08-1986,Thursday,August,1986,Q3,0.117019,0.122659,0.117019,0.119439,205332693
08-08-1986,Friday,August,1986,Q3,0.12002,0.12182,0.118847,0.118847,130425128.4
11-08-1986,Monday,August,1986,Q3,0.12002,0.125818,0.119439,0.125818,217216058.6
12-08-1986,Tuesday,August,1986,Q3,0.125524,0.129383,0.125524,0.128712,289126229.4
13-08-1986,Wednesday,August,1986,Q3,0.128712,0.136349,0.128712,0.135429,538464476.6
14-08-1986,Thursday,August,1986,Q3,0.135429,0.139033,0.135429,0.135429,273211020.9
15-08-1986,Friday,August,1986,Q3,0.135755,0.137207,0.133889,0.13448,162441238
18-08-1986,Monday,August,1986,Q3,0.13448,0.134778,0.131804,0.133028,174483697.3
19-08-1986,Tuesday,August,1986,Q3,0.132121,0.133286,0.130313,0.133028,163157447.1
20-08-1986,Wednesday,August,1986,Q3,0.132367,0.137207,0.132367,0.136349,202865843
21-08-1986,Thursday,August,1986,Q3,0.135755,0.136931,0.13448,0.13448,230505243.4
22-08-1986,Friday,August,1986,Q3,0.134778,0.137819,0.134778,0.136349,137029928.7
25-08-1986,Monday,August,1986,Q3,0.137207,0.138422,0.136931,0.136931,149682575.7
26-08-1986,Tuesday,August,1986,Q3,0.136931,0.138422,0.136931,0.137819,155412013.5
27-08-1986,Wednesday,August,1986,Q3,0.137819,0.139033,0.136349,0.139033,174112342.4
28-08-1986,Thursday,August,1986,Q3,0.139033,0.142876,0.138422,0.142065,260160543.5
29-08-1986,Friday,August,1986,Q3,0.141423,0.142876,0.138422,0.139033,160133450.3
02-09-1986,Tuesday,September,1986,Q3,0.139645,0.139645,0.13058,0.13058,275863609.2
03-09-1986,Wednesday,September,1986,Q3,0.13058,0.130906,0.128121,0.13058,139125444
04-09-1986,Thursday,September,1986,Q3,0.131804,0.133286,0.13058,0.133286,235412455.8
05-09-1986,Friday,September,1986,Q3,0.133889,0.134778,0.131804,0.132121,116631942.1
08-09-1986,Monday,September,1986,Q3,0.131804,0.131804,0.126362,0.13058,149443840.1
09-09-1986,Tuesday,September,1986,Q3,0.130313,0.135429,0.130313,0.13448,178542065.2
10-09-1986,Wednesday,September,1986,Q3,0.133889,0.134778,0.13058,0.131804,89602627.28
11-09-1986,Thursday,September,1986,Q3,0.130313,0.13058,0.122097,0.122659,159099028.5
12-09-1986,Friday,September,1986,Q3,0.122097,0.123005,0.119439,0.119439,270558519.8
15-09-1986,Monday,September,1986,Q3,0.121226,0.124575,0.120348,0.124575,263741523.1
16-09-1986,Tuesday,September,1986,Q3,0.124575,0.132121,0.122097,0.130906,291778837.9
17-09-1986,Wednesday,September,1986,Q3,0.130906,0.131804,0.128712,0.128712,138382677.5
18-09-1986,Thursday,September,1986,Q3,0.128712,0.12971,0.126986,0.127842,117268544.7
19-09-1986,Friday,September,1986,Q3,0.126986,0.127271,0.124881,0.126362,151114909.9
22-09-1986,Monday,September,1986,Q3,0.125818,0.133028,0.125818,0.132367,283821172.4
23-09-1986,Tuesday,September,1986,Q3,0.132367,0.136349,0.132121,0.135755,400532728.2
24-09-1986,Wednesday,September,1986,Q3,0.135755,0.136931,0.127842,0.132121,209444098.9
25-09-1986,Thursday,September,1986,Q3,0.132121,0.132367,0.126362,0.12971,222388494.3
26-09-1986,Friday,September,1986,Q3,0.128121,0.129383,0.127271,0.128712,82918216.41
29-09-1986,Monday,September,1986,Q3,0.126362,0.127271,0.118847,0.122097,247428378.9
30-09-1986,Tuesday,September,1986,Q3,0.123676,0.127271,0.122659,0.125818,214086062.8
01-10-1986,Wednesday,October,1986,Q4,0.125524,0.12971,0.125524,0.128121,164112301.8
02-10-1986,Thursday,October,1986,Q4,0.126986,0.129383,0.125818,0.128121,112281790.4
03-10-1986,Friday,October,1986,Q4,0.129383,0.13058,0.125524,0.126986,164297983.3
06-10-1986,Monday,October,1986,Q4,0.126986,0.128712,0.126362,0.128121,111910395
07-10-1986,Tuesday,October,1986,Q4,0.127842,0.128121,0.123676,0.124298,151565882.5
08-10-1986,Wednesday,October,1986,Q4,0.123676,0.124298,0.121226,0.123005,132122787.1
09-10-1986,Thursday,October,1986,Q4,0.123005,0.124881,0.122659,0.124298,92308174.52
10-10-1986,Friday,October,1986,Q4,0.123676,0.125524,0.12182,0.124881,69310761.26
13-10-1986,Monday,October,1986,Q4,0.124575,0.130313,0.124298,0.130313,118037833.2
14-10-1986,Tuesday,October,1986,Q4,0.130313,0.132367,0.126986,0.127842,236048992.5
15-10-1986,Wednesday,October,1986,Q4,0.125818,0.125818,0.123005,0.125524,243237400.9
16-10-1986,Thursday,October,1986,Q4,0.125524,0.127271,0.124881,0.126362,160770073
17-10-1986,Friday,October,1986,Q4,0.126986,0.127842,0.125524,0.126362,179841804.4
20-10-1986,Monday,October,1986,Q4,0.125818,0.126362,0.123676,0.123676,176420080.5
21-10-1986,Tuesday,October,1986,Q4,0.124298,0.124298,0.122659,0.123005,134669214.3
22-10-1986,Wednesday,October,1986,Q4,0.123005,0.123676,0.121226,0.122097,111883908.4
23-10-1986,Thursday,October,1986,Q4,0.122097,0.124575,0.122097,0.124575,145809840.7
24-10-1986,Friday,October,1986,Q4,0.124575,0.124881,0.123005,0.124298,89204741.22
27-10-1986,Monday,October,1986,Q4,0.125818,0.127842,0.124881,0.127842,179046113.3
28-10-1986,Tuesday,October,1986,Q4,0.127842,0.128121,0.124298,0.125524,168435898
29-10-1986,Wednesday,October,1986,Q4,0.125818,0.125818,0.124575,0.125524,101167646.6
30-10-1986,Thursday,October,1986,Q4,0.125818,0.13058,0.125524,0.128712,347482041.7
31-10-1986,Friday,October,1986,Q4,0.128712,0.130906,0.128712,0.130313,143634751.2
03-11-1986,Monday,November,1986,Q4,0.13058,0.132121,0.130313,0.131804,179788777.6
04-11-1986,Tuesday,November,1986,Q4,0.130906,0.134778,0.127271,0.13448,291778837.9
05-11-1986,Wednesday,November,1986,Q4,0.13448,0.139645,0.133286,0.139033,740057106.4
06-11-1986,Thursday,November,1986,Q4,0.137819,0.138422,0.13448,0.135755,392575072.8
07-11-1986,Friday,November,1986,Q4,0.135429,0.135755,0.130906,0.13448,169523431.7
10-11-1986,Monday,November,1986,Q4,0.134778,0.134778,0.132121,0.133028,125385290.7
11-11-1986,Tuesday,November,1986,Q4,0.133286,0.13448,0.132367,0.133286,59416775.33
12-11-1986,Wednesday,November,1986,Q4,0.13448,0.137819,0.133889,0.137819,155120237.8
13-11-1986,Thursday,November,1986,Q4,0.137207,0.137207,0.133286,0.133286,162839089.7
14-11-1986,Friday,November,1986,Q4,0.133286,0.133286,0.130906,0.132367,160000846.2
17-11-1986,Monday,November,1986,Q4,0.132367,0.139033,0.131804,0.136931,167772792.7
18-11-1986,Tuesday,November,1986,Q4,0.136931,0.138164,0.132121,0.133028,201380433.4
19-11-1986,Wednesday,November,1986,Q4,0.132121,0.132367,0.12971,0.131804,358092200.3
20-11-1986,Thursday,November,1986,Q4,0.130906,0.133028,0.130906,0.132367,350134535.8
21-11-1986,Friday,November,1986,Q4,0.132367,0.136349,0.132121,0.135429,339524432.9
24-11-1986,Monday,November,1986,Q4,0.136349,0.143214,0.135429,0.142876,445625753.2
25-11-1986,Tuesday,November,1986,Q4,0.142876,0.152032,0.142876,0.151114,1005310499
26-11-1986,Wednesday,November,1986,Q4,0.150816,0.155034,0.150501,0.152329,599472776.9
28-11-1986,Friday,November,1986,Q4,0.152329,0.15294,0.148952,0.150501,261168549.5
01-12-1986,Monday,December,1986,Q4,0.150501,0.150816,0.147183,0.150816,411142845.2
02-12-1986,Tuesday,December,1986,Q4,0.152329,0.157128,0.150501,0.155952,437668146.5
03-12-1986,Wednesday,December,1986,Q4,0.156536,0.161632,0.155952,0.160733,397880100.5
04-12-1986,Thursday,December,1986,Q4,0.160417,0.160733,0.158046,0.159796,318304155.3
05-12-1986,Friday,December,1986,Q4,0.160417,0.164693,0.159796,0.164693,310346531.3
08-12-1986,Monday,December,1986,Q4,0.164091,0.16501,0.159261,0.159796,411142845.2
09-12-1986,Tuesday,December,1986,Q4,0.159261,0.160417,0.154372,0.159261,358092200.3
10-12-1986,Wednesday,December,1986,Q4,0.159261,0.164693,0.158046,0.163498,289126229.4
11-12-1986,Thursday,December,1986,Q4,0.164091,0.16501,0.160417,0.161019,267905989.2
12-12-1986,Friday,December,1986,Q4,0.161019,0.161632,0.155034,0.155034,213290250.2
15-12-1986,Monday,December,1986,Q4,0.154097,0.157128,0.152032,0.157128,247561009.3
16-12-1986,Tuesday,December,1986,Q4,0.156536,0.159796,0.156536,0.159796,179921429.2
17-12-1986,Wednesday,December,1986,Q4,0.159261,0.159796,0.153504,0.155034,178939955.3
18-12-1986,Thursday,December,1986,Q4,0.154372,0.157465,0.153247,0.155696,207295536.5
19-12-1986,Friday,December,1986,Q4,0.155696,0.159796,0.155696,0.158374,235757241.2
22-12-1986,Monday,December,1986,Q4,0.158046,0.159796,0.157128,0.158374,194643001.8
23-12-1986,Tuesday,December,1986,Q4,0.158629,0.159261,0.157465,0.158374,289126229.4
24-12-1986,Wednesday,December,1986,Q4,0.158046,0.158374,0.156536,0.157465,113395849.1
26-12-1986,Friday,December,1986,Q4,0.157465,0.157465,0.154097,0.154097,106419649.4
29-12-1986,Monday,December,1986,Q4,0.154097,0.154372,0.151114,0.152329,139311125.5
30-12-1986,Tuesday,December,1986,Q4,0.152329,0.155952,0.152032,0.154097,175438662.3
31-12-1986,Wednesday,December,1986,Q4,0.154097,0.155696,0.152032,0.152329,156976989.1
02-01-1987,Friday,January,1987,Q1,0.152032,0.154372,0.150816,0.153504,143130760.8
05-01-1987,Monday,January,1987,Q1,0.155034,0.162531,0.154097,0.161632,283821172.4
06-01-1987,Tuesday,January,1987,Q1,0.162213,0.165621,0.160417,0.164693,384617480.2
07-01-1987,Wednesday,January,1987,Q1,0.16501,0.168585,0.164091,0.16825,514591641.1
08-01-1987,Thursday,January,1987,Q1,0.16825,0.169434,0.167063,0.16825,344829460.6
09-01-1987,Friday,January,1987,Q1,0.16825,0.17221,0.166838,0.170707,283821172.4
12-01-1987,Monday,January,1987,Q1,0.171026,0.17221,0.16825,0.171026,275863609.2
13-01-1987,Tuesday,January,1987,Q1,0.169434,0.170707,0.167627,0.167627,250717588.9
14-01-1987,Wednesday,January,1987,Q1,0.167627,0.181296,0.167063,0.180981,596820274.7
15-01-1987,Thursday,January,1987,Q1,0.181296,0.193404,0.180684,0.187311,647218394.2
16-01-1987,Friday,January,1987,Q1,0.187875,0.187875,0.179439,0.183312,482761305.1
19-01-1987,Monday,January,1987,Q1,0.183312,0.199699,0.180092,0.199699,429710579.2
20-01-1987,Tuesday,January,1987,Q1,0.206887,0.209642,0.193662,0.193921,917776871.5
21-01-1987,Wednesday,January,1987,Q1,0.191174,0.192468,0.184298,0.184298,631303176.6
22-01-1987,Thursday,January,1987,Q1,0.183646,0.197879,0.182166,0.197237,559684778.5
23-01-1987,Friday,January,1987,Q1,0.197237,0.199409,0.188782,0.188782,543769569
26-01-1987,Monday,January,1987,Q1,0.187875,0.189681,0.186117,0.187026,416447909.3
27-01-1987,Tuesday,January,1987,Q1,0.187875,0.199699,0.187311,0.198483,448278309.1
28-01-1987,Wednesday,January,1987,Q1,0.199409,0.209642,0.196033,0.208063,490718864.3
29-01-1987,Thursday,January,1987,Q1,0.209938,0.215006,0.200832,0.20357,660481075.2
30-01-1987,Friday,January,1987,Q1,0.202956,0.209938,0.197879,0.208715,485413764.8
02-02-1987,Monday,February,1987,Q1,0.208715,0.210531,0.203864,0.209938,291778837.9
03-02-1987,Tuesday,February,1987,Q1,0.210531,0.211173,0.206076,0.208715,211513083.1
04-02-1987,Wednesday,February,1987,Q1,0.208715,0.208715,0.204506,0.206887,257958992.7
05-02-1987,Thursday,February,1987,Q1,0.206887,0.207134,0.199699,0.202303,403185240.5
06-02-1987,Friday,February,1987,Q1,0.202956,0.202956,0.198728,0.202956,347482041.7
09-02-1987,Monday,February,1987,Q1,0.198728,0.200832,0.196349,0.197879,185916123.7
10-02-1987,Tuesday,February,1987,Q1,0.197237,0.198483,0.193921,0.198483,197507733.8
11-02-1987,Wednesday,February,1987,Q1,0.199409,0.213426,0.198483,0.212348,405837754.8
12-02-1987,Thursday,February,1987,Q1,0.214394,0.224953,0.214394,0.220458,840853394
13-02-1987,Friday,February,1987,Q1,0.220458,0.234946,0.218088,0.233753,604777858.2
17-02-1987,Tuesday,February,1987,Q1,0.233753,0.250068,0.232497,0.249743,485413764.8
18-02-1987,Wednesday,February,1987,Q1,0.250334,0.253327,0.238314,0.238868,557032227.7
19-02-1987,Thursday,February,1987,Q1,0.238868,0.238868,0.232252,0.23465,371354762.8
20-02-1987,Friday,February,1987,Q1,0.23465,0.234946,0.227777,0.23009,225757222.8
23-02-1987,Monday,February,1987,Q1,0.228941,0.241515,0.224043,0.237358,416447909.3
24-02-1987,Tuesday,February,1987,Q1,0.237672,0.247896,0.237358,0.246146,421753011.9
25-02-1987,Wednesday,February,1987,Q1,0.246146,0.261209,0.242797,0.259944,538464476.6
26-02-1987,Thursday,February,1987,Q1,0.261209,0.268122,0.255449,0.259944,591515148.9
27-02-1987,Friday,February,1987,Q1,0.259944,0.266829,0.254808,0.263008,480108729
02-03-1987,Monday,March,1987,Q1,0.264201,0.26514,0.251844,0.253625,469498590.7
03-03-1987,Tuesday,March,1987,Q1,0.253625,0.256062,0.243363,0.244319,517244194.9
04-03-1987,Wednesday,March,1987,Q1,0.247273,0.256716,0.24586,0.254267,530506819.2
05-03-1987,Thursday,March,1987,Q1,0.253625,0.259393,0.252706,0.257593,400532728.2
06-03-1987,Friday,March,1987,Q1,0.252706,0.257279,0.250928,0.252706,208860513.1
09-03-1987,Monday,March,1987,Q1,0.250068,0.250928,0.242452,0.242797,302388918.5
10-03-1987,Tuesday,March,1987,Q1,0.242452,0.25156,0.242452,0.250928,289126229.4
11-03-1987,Wednesday,March,1987,Q1,0.252706,0.255449,0.249151,0.249151,258701680.2
12-03-1987,Thursday,March,1987,Q1,0.247896,0.249151,0.239144,0.245229,358092200.3
13-03-1987,Friday,March,1987,Q1,0.245229,0.247896,0.238868,0.238868,234006524.3
16-03-1987,Monday,March,1987,Q1,0.238868,0.245229,0.234946,0.245229,291778837.9
17-03-1987,Tuesday,March,1987,Q1,0.246146,0.255449,0.244319,0.251844,289126229.4
18-03-1987,Wednesday,March,1987,Q1,0.252706,0.253625,0.243363,0.247896,358092200.3
19-03-1987,Thursday,March,1987,Q1,0.247273,0.257593,0.246146,0.257279,244802400.8
20-03-1987,Friday,March,1987,Q1,0.256716,0.262375,0.256716,0.256716,411142845.2
23-03-1987,Monday,March,1987,Q1,0.255449,0.256716,0.249151,0.253625,291778837.9
24-03-1987,Tuesday,March,1987,Q1,0.254808,0.257593,0.249151,0.249151,318304155.3
25-03-1987,Wednesday,March,1987,Q1,0.250068,0.251844,0.245229,0.250928,323609224.5
26-03-1987,Thursday,March,1987,Q1,0.250928,0.254808,0.250068,0.252706,169364283.3
27-03-1987,Friday,March,1987,Q1,0.252706,0.253625,0.243363,0.244319,158568475.7
30-03-1987,Monday,March,1987,Q1,0.238868,0.241515,0.234067,0.234946,307693976.5
31-03-1987,Tuesday,March,1987,Q1,0.234067,0.243363,0.234067,0.242452,323609224.5
01-04-1987,Wednesday,April,1987,Q2,0.237031,0.251844,0.23465,0.250928,257985499.5
02-04-1987,Thursday,April,1987,Q2,0.256716,0.269961,0.251844,0.269961,920429443.5
03-04-1987,Friday,April,1987,Q2,0.268745,0.270255,0.264201,0.269961,639260789.5
06-04-1987,Monday,April,1987,Q2,0.268745,0.273545,0.260271,0.263008,342176952.3
07-04-1987,Tuesday,April,1987,Q2,0.262375,0.264201,0.254808,0.254808,307693976.5
08-04-1987,Wednesday,April,1987,Q2,0.254808,0.264201,0.253625,0.259393,273211020.9
09-04-1987,Thursday,April,1987,Q2,0.258442,0.268745,0.254808,0.266829,281168637.8
10-04-1987,Friday,April,1987,Q2,0.267787,0.268745,0.262375,0.264201,257958992.7
13-04-1987,Monday,April,1987,Q2,0.263008,0.264201,0.253625,0.253625,168409434.7
14-04-1987,Tuesday,April,1987,Q2,0.250928,0.262375,0.250068,0.255449,482761305.1
15-04-1987,Wednesday,April,1987,Q2,0.261209,0.266829,0.258442,0.266829,413795355.5
16-04-1987,Thursday,April,1987,Q2,0.267787,0.275322,0.266829,0.268745,411142845.2
20-04-1987,Monday,April,1987,Q2,0.268745,0.273545,0.265921,0.26748,176632299.2
21-04-1987,Tuesday,April,1987,Q2,0.264201,0.281979,0.261209,0.281089,511939174.3
22-04-1987,Wednesday,April,1987,Q2,0.287986,0.289565,0.278087,0.279244,477456175.2
23-04-1987,Thursday,April,1987,Q2,0.279244,0.290524,0.279244,0.285633,360744683.2
24-04-1987,Friday,April,1987,Q2,0.284705,0.287708,0.280193,0.281089,302388918.5
27-04-1987,Monday,April,1987,Q2,0.279244,0.282909,0.275322,0.281979,453583350.9
28-04-1987,Tuesday,April,1987,Q2,0.284705,0.292764,0.283798,0.289565,384617480.2
29-04-1987,Wednesday,April,1987,Q2,0.290524,0.299788,0.289565,0.292192,344829460.6
30-04-1987,Thursday,April,1987,Q2,0.29306,0.300715,0.292192,0.298019,299736371.7
01-05-1987,Friday,May,1987,Q2,0.298849,0.300715,0.295847,0.300715,157162633.2
04-05-1987,Monday,May,1987,Q2,0.298849,0.301951,0.297102,0.299788,168276755.8
05-05-1987,Tuesday,May,1987,Q2,0.300715,0.303433,0.29306,0.301951,273211020.9
06-05-1987,Wednesday,May,1987,Q2,0.302859,0.30916,0.298019,0.300715,339524432.9
07-05-1987,Thursday,May,1987,Q2,0.299788,0.304586,0.299788,0.301951,214086062.8
08-05-1987,Friday,May,1987,Q2,0.302859,0.304586,0.297102,0.297102,218754506.1
11-05-1987,Monday,May,1987,Q2,0.290206,0.299461,0.288903,0.290206,233608715.2
12-05-1987,Tuesday,May,1987,Q2,0.286246,0.287986,0.282591,0.28439,307693976.5
13-05-1987,Wednesday,May,1987,Q2,0.285329,0.295847,0.28439,0.29562,368702252.5
14-05-1987,Thursday,May,1987,Q2,0.294652,0.299461,0.294652,0.298287,175836482.6
15-05-1987,Friday,May,1987,Q2,0.298287,0.298287,0.293389,0.294652,172839149.5
18-05-1987,Monday,May,1987,Q2,0.294652,0.29562,0.28439,0.285329,286473732.3
19-05-1987,Tuesday,May,1987,Q2,0.285329,0.285329,0.27322,0.275619,283821172.4
20-05-1987,Wednesday,May,1987,Q2,0.275056,0.282591,0.272923,0.280477,342176952.3
21-05-1987,Thursday,May,1987,Q2,0.281407,0.285329,0.280477,0.280477,205810157.3
22-05-1987,Friday,May,1987,Q2,0.282591,0.28439,0.277793,0.279244,114987380.2
26-05-1987,Tuesday,May,1987,Q2,0.280477,0.293389,0.27868,0.293389,180292718.3
27-05-1987,Wednesday,May,1987,Q2,0.293389,0.302286,0.291966,0.299461,213979964.6
28-05-1987,Thursday,May,1987,Q2,0.299461,0.302286,0.29562,0.301002,179072559.4
29-05-1987,Friday,May,1987,Q2,0.302286,0.303154,0.297377,0.297377,109655819.4
01-06-1987,Monday,June,1987,Q2,0.299461,0.299461,0.291966,0.292764,98647742.36
02-06-1987,Tuesday,June,1987,Q2,0.291966,0.293389,0.290206,0.290838,162812570.7
03-06-1987,Wednesday,June,1987,Q2,0.290838,0.299461,0.290838,0.292764,202865843
04-06-1987,Thursday,June,1987,Q2,0.293389,0.29646,0.290206,0.29562,181884240.3
05-06-1987,Friday,June,1987,Q2,0.29646,0.29646,0.292764,0.292764,155040620.1
08-06-1987,Monday,June,1987,Q2,0.292764,0.293389,0.288903,0.292764,239019878.5
09-06-1987,Tuesday,June,1987,Q2,0.291966,0.299461,0.291966,0.29562,150451739.8
10-06-1987,Wednesday,June,1987,Q2,0.29646,0.302286,0.293389,0.29562,173157449.2
11-06-1987,Thursday,June,1987,Q2,0.29562,0.301002,0.293389,0.297377,148462354
12-06-1987,Friday,June,1987,Q2,0.297377,0.30037,0.29646,0.297377,120504571.9
15-06-1987,Monday,June,1987,Q2,0.297377,0.299461,0.291966,0.29562,307693976.5
16-06-1987,Tuesday,June,1987,Q2,0.312479,0.314573,0.286246,0.312479,405837754.8
17-06-1987,Wednesday,June,1987,Q2,0.312479,0.319987,0.301002,0.304835,352787089.6
18-06-1987,Thursday,June,1987,Q2,0.303154,0.314573,0.297377,0.312479,271884711.1
19-06-1987,Friday,June,1987,Q2,0.312479,0.314573,0.304024,0.308666,148541927.2
22-06-1987,Monday,June,1987,Q2,0.310671,0.318247,0.307946,0.316085,200266338.3
23-06-1987,Tuesday,June,1987,Q2,0.316085,0.317238,0.307028,0.310671,95743198.43
24-06-1987,Wednesday,June,1987,Q2,0.312479,0.325705,0.304835,0.316085,140584334.6
25-06-1987,Thursday,June,1987,Q2,0.316085,0.319987,0.304835,0.304835,143236860.1
26-06-1987,Friday,June,1987,Q2,0.307028,0.312479,0.301002,0.304835,151194460.8
29-06-1987,Monday,June,1987,Q2,0.304835,0.307028,0.301002,0.307028,119960904.3
30-06-1987,Tuesday,June,1987,Q2,0.304835,0.308666,0.299461,0.304835,171088523.7
01-07-1987,Wednesday,July,1987,Q3,0.307028,0.307028,0.299461,0.301002,112295048.9
02-07-1987,Thursday,July,1987,Q3,0.301002,0.308666,0.299461,0.305763,96578790.54
06-07-1987,Monday,July,1987,Q3,0.307028,0.314573,0.304835,0.307028,101233935.9
07-07-1987,Tuesday,July,1987,Q3,0.304835,0.308666,0.291966,0.29562,241380608
08-07-1987,Wednesday,July,1987,Q3,0.29562,0.29562,0.275056,0.280477,404511455.1
09-07-1987,Thursday,July,1987,Q3,0.280477,0.291966,0.280477,0.28439,283821172.4
10-07-1987,Friday,July,1987,Q3,0.286246,0.29562,0.28439,0.286246,185677418.4
13-07-1987,Monday,July,1987,Q3,0.293389,0.307028,0.291966,0.304835,302388918.5
14-07-1987,Tuesday,July,1987,Q3,0.308666,0.323571,0.308666,0.323571,305041436.9
15-07-1987,Wednesday,July,1987,Q3,0.323571,0.33716,0.318247,0.331204,320956630.1
16-07-1987,Thursday,July,1987,Q3,0.331204,0.331204,0.325705,0.331204,112003248.9
17-07-1987,Friday,July,1987,Q3,0.333249,0.33716,0.32207,0.325705,109178330.8
20-07-1987,Monday,July,1987,Q3,0.323571,0.325705,0.312479,0.314573,147215601.2
21-07-1987,Tuesday,July,1987,Q3,0.316085,0.319987,0.310671,0.311529,131433051.4
22-07-1987,Wednesday,July,1987,Q3,0.312479,0.32207,0.310671,0.319987,72148923.68
23-07-1987,Thursday,July,1987,Q3,0.323571,0.327511,0.304835,0.314573,88501814.92
24-07-1987,Friday,July,1987,Q3,0.312479,0.32207,0.312479,0.319987,139258045
27-07-1987,Monday,July,1987,Q3,0.319987,0.323571,0.316085,0.318247,67069351.98
28-07-1987,Tuesday,July,1987,Q3,0.319987,0.32207,0.314573,0.315463,87971336.96
29-07-1987,Wednesday,July,1987,Q3,0.316085,0.316085,0.304835,0.308666,117029808
30-07-1987,Thursday,July,1987,Q3,0.308666,0.312479,0.307028,0.312479,123502012.2
31-07-1987,Friday,July,1987,Q3,0.310671,0.316085,0.310671,0.310671,86499143.36
03-08-1987,Monday,August,1987,Q3,0.308666,0.312479,0.303154,0.303154,75026929.39
04-08-1987,Tuesday,August,1987,Q3,0.304835,0.318247,0.301002,0.318247,143236860.1
05-08-1987,Wednesday,August,1987,Q3,0.318247,0.327511,0.316085,0.325705,153847019.6
06-08-1987,Thursday,August,1987,Q3,0.325705,0.352006,0.32207,0.348291,298410158.1
07-08-1987,Friday,August,1987,Q3,0.348291,0.355571,0.346277,0.35017,180372299.6
10-08-1987,Monday,August,1987,Q3,0.363719,0.363719,0.345053,0.363719,92361285.39
11-08-1987,Tuesday,August,1987,Q3,0.373348,0.378752,0.36762,0.373348,320956630.1
12-08-1987,Wednesday,August,1987,Q3,0.373348,0.375188,0.363719,0.36762,190982512.8
13-08-1987,Thursday,August,1987,Q3,0.36762,0.378752,0.365577,0.369446,232096762.3
14-08-1987,Friday,August,1987,Q3,0.365577,0.376984,0.361942,0.369446,124165123.6
17-08-1987,Monday,August,1987,Q3,0.373348,0.376984,0.36762,0.373348,172414733.3
18-08-1987,Tuesday,August,1987,Q3,0.371354,0.373348,0.363719,0.36762,281168637.8
19-08-1987,Wednesday,August,1987,Q3,0.373348,0.376984,0.369446,0.376984,79191428.97
20-08-1987,Thursday,August,1987,Q3,0.378752,0.39567,0.375188,0.390297,208223929.9
21-08-1987,Friday,August,1987,Q3,0.390297,0.40532,0.388508,0.399622,165783399.9
24-08-1987,Monday,August,1987,Q3,0.399622,0.403581,0.393912,0.393912,143236860.1
25-08-1987,Tuesday,August,1987,Q3,0.397814,0.401378,0.392017,0.392017,161804572.7
26-08-1987,Wednesday,August,1987,Q3,0.399622,0.403581,0.392017,0.392017,232096762.3
27-08-1987,Thursday,August,1987,Q3,0.393912,0.397814,0.388508,0.392017,147215601.2
28-08-1987,Friday,August,1987,Q3,0.392017,0.39567,0.388508,0.392017,113462183
31-08-1987,Monday,August,1987,Q3,0.393912,0.408996,0.390297,0.407166,177719802.5
01-09-1987,Tuesday,September,1987,Q3,0.412896,0.41646,0.39567,0.39567,164457175.2
02-09-1987,Wednesday,September,1987,Q3,0.392017,0.401378,0.3828,0.392017,271884711.1
03-09-1987,Thursday,September,1987,Q3,0.39567,0.397814,0.378752,0.386258,218834072.2
04-09-1987,Friday,September,1987,Q3,0.386258,0.390297,0.376984,0.380637,128409166
08-09-1987,Tuesday,September,1987,Q3,0.378752,0.380637,0.365577,0.376124,208223929.9
09-09-1987,Wednesday,September,1987,Q3,0.378752,0.399622,0.373348,0.397814,187003677.5
10-09-1987,Thursday,September,1987,Q3,0.401378,0.410733,0.400489,0.40532,165783399.9
11-09-1987,Friday,September,1987,Q3,0.407166,0.418603,0.397814,0.410733,147215601.2
14-09-1987,Monday,September,1987,Q3,0.412896,0.41646,0.397814,0.399622,96989951.28
15-09-1987,Tuesday,September,1987,Q3,0.399622,0.399622,0.388508,0.390297,123873366.2
16-09-1987,Wednesday,September,1987,Q3,0.390297,0.396649,0.386258,0.390297,198940104.4
17-09-1987,Thursday,September,1987,Q3,0.392017,0.393912,0.384529,0.392017,79098595.3
18-09-1987,Friday,September,1987,Q3,0.392017,0.393912,0.387561,0.390297,84310804.46
21-09-1987,Monday,September,1987,Q3,0.390297,0.397814,0.378752,0.378752,152520723
22-09-1987,Tuesday,September,1987,Q3,0.380637,0.408996,0.378752,0.408116,181698624.6
23-09-1987,Wednesday,September,1987,Q3,0.408116,0.422219,0.40532,0.41646,301460512.9
24-09-1987,Thursday,September,1987,Q3,0.41646,0.436421,0.41646,0.425934,216181514.4
25-09-1987,Friday,September,1987,Q3,0.427927,0.437331,0.425934,0.433705,126141292.4
28-09-1987,Monday,September,1987,Q3,0.433705,0.443058,0.418603,0.42049,241380608
29-09-1987,Tuesday,September,1987,Q3,0.422219,0.422219,0.408996,0.410733,202918895.1
30-09-1987,Wednesday,September,1987,Q3,0.408996,0.429765,0.408996,0.425934,144563103.1
01-10-1987,Thursday,October,1987,Q4,0.427927,0.443058,0.425934,0.439158,137931778.8
02-10-1987,Friday,October,1987,Q4,0.439158,0.443058,0.433705,0.440917,114271145.8
05-10-1987,Monday,October,1987,Q4,0.440917,0.450585,0.435514,0.446654,159152043.2
06-10-1987,Tuesday,October,1987,Q4,0.448798,0.448798,0.418603,0.42049,238728082.6
07-10-1987,Wednesday,October,1987,Q4,0.418603,0.42049,0.408996,0.418603,265253430.3
08-10-1987,Thursday,October,1987,Q4,0.418603,0.422219,0.401378,0.408996,194961301.5
09-10-1987,Friday,October,1987,Q4,0.408996,0.418603,0.407166,0.408116,172414733.3
12-10-1987,Monday,October,1987,Q4,0.408996,0.410169,0.390297,0.401378,236075532.8
13-10-1987,Tuesday,October,1987,Q4,0.410733,0.412896,0.401378,0.410733,192308746.7
14-10-1987,Wednesday,October,1987,Q4,0.40532,0.407166,0.392017,0.401378,306367777
15-10-1987,Thursday,October,1987,Q4,0.401378,0.410733,0.390297,0.392017,412469083.2
16-10-1987,Friday,October,1987,Q4,0.393912,0.399622,0.358307,0.363719,497350221
19-10-1987,Monday,October,1987,Q4,0.363719,0.363719,0.267787,0.275056,563663586.4
20-10-1987,Tuesday,October,1987,Q4,0.290206,0.316676,0.24586,0.259944,673743720.8
21-10-1987,Wednesday,October,1987,Q4,0.290206,0.316676,0.286542,0.30512,632629471.3
22-10-1987,Thursday,October,1987,Q4,0.295847,0.30512,0.271471,0.27715,456235938.1
23-10-1987,Friday,October,1987,Q4,0.269663,0.275056,0.258128,0.267787,234749326.3
26-10-1987,Monday,October,1987,Q4,0.259944,0.263906,0.208357,0.211173,371354762.8
27-10-1987,Tuesday,October,1987,Q4,0.22261,0.243126,0.218661,0.228042,539790739.8
28-10-1987,Wednesday,October,1987,Q4,0.231954,0.254542,0.220458,0.252706,496023913.2
29-10-1987,Thursday,October,1987,Q4,0.258128,0.301704,0.243126,0.298019,392575072.8
30-10-1987,Friday,October,1987,Q4,0.301704,0.324263,0.290206,0.291156,498676430.6
02-11-1987,Monday,November,1987,Q4,0.292192,0.298019,0.282909,0.292192,222812915.6
03-11-1987,Tuesday,November,1987,Q4,0.286542,0.290206,0.258128,0.27322,371354762.8
04-11-1987,Wednesday,November,1987,Q4,0.267787,0.280756,0.262078,0.271471,277189857.2
05-11-1987,Thursday,November,1987,Q4,0.27322,0.292192,0.27322,0.286542,302388918.5
06-11-1987,Friday,November,1987,Q4,0.288281,0.298019,0.278937,0.284705,221486626
09-11-1987,Monday,November,1987,Q4,0.278937,0.282909,0.27322,0.280756,249338212.8
10-11-1987,Tuesday,November,1987,Q4,0.275056,0.282909,0.271471,0.27322,274537344.9
11-11-1987,Wednesday,November,1987,Q4,0.280756,0.288281,0.27715,0.280756,220160372.9
12-11-1987,Thursday,November,1987,Q4,0.290206,0.301704,0.289565,0.292192,291778837.9
13-11-1987,Friday,November,1987,Q4,0.295847,0.298019,0.278937,0.280756,183024855.4
16-11-1987,Monday,November,1987,Q4,0.284705,0.290206,0.275056,0.27715,218834072.2
17-11-1987,Tuesday,November,1987,Q4,0.27715,0.278937,0.263906,0.263906,318304155.3
18-11-1987,Wednesday,November,1987,Q4,0.269663,0.275056,0.259944,0.27322,314325312.9
19-11-1987,Thursday,November,1987,Q4,0.275056,0.275056,0.256389,0.259944,216181514.4
20-11-1987,Friday,November,1987,Q4,0.256389,0.271471,0.250631,0.267787,297083854.4
23-11-1987,Monday,November,1987,Q4,0.267787,0.27322,0.262078,0.27322,115332203
24-11-1987,Tuesday,November,1987,Q4,0.27715,0.284705,0.272281,0.278937,233423029.6
25-11-1987,Wednesday,November,1987,Q4,0.278937,0.278937,0.271471,0.275056,109417055.3
27-11-1987,Friday,November,1987,Q4,0.27322,0.275056,0.262078,0.263906,83700771.56
30-11-1987,Monday,November,1987,Q4,0.254542,0.259944,0.2298,0.248853,493371394.8
01-12-1987,Tuesday,December,1987,Q4,0.252706,0.256389,0.246946,0.250631,214855324
02-12-1987,Wednesday,December,1987,Q4,0.250631,0.252706,0.244933,0.244933,168435898
03-12-1987,Thursday,December,1987,Q4,0.248853,0.251844,0.224329,0.2298,377986136.7
04-12-1987,Friday,December,1987,Q4,0.228042,0.23553,0.224329,0.231954,289126229.4
07-12-1987,Monday,December,1987,Q4,0.233753,0.250631,0.233753,0.248853,241380608
08-12-1987,Tuesday,December,1987,Q4,0.252706,0.263008,0.250631,0.259944,301062614.7
09-12-1987,Wednesday,December,1987,Q4,0.259944,0.27322,0.255449,0.263906,212202756
10-12-1987,Thursday,December,1987,Q4,0.254542,0.271471,0.250631,0.262078,327588052.6
11-12-1987,Friday,December,1987,Q4,0.262078,0.262078,0.252706,0.256389,144563103.1
14-12-1987,Monday,December,1987,Q4,0.259944,0.282909,0.258128,0.280756,404511455.1
15-12-1987,Tuesday,December,1987,Q4,0.284705,0.288281,0.278937,0.282909,354113317.4
16-12-1987,Wednesday,December,1987,Q4,0.284705,0.299788,0.280756,0.295847,391248847
17-12-1987,Thursday,December,1987,Q4,0.30512,0.307333,0.295847,0.295847,385943744.5
18-12-1987,Friday,December,1987,Q4,0.298019,0.310888,0.295847,0.30512,358092200.3
21-12-1987,Monday,December,1987,Q4,0.30512,0.314822,0.303433,0.314822,222812915.6
22-12-1987,Tuesday,December,1987,Q4,0.314822,0.314822,0.30512,0.313062,152520723
23-12-1987,Wednesday,December,1987,Q4,0.314822,0.322365,0.310888,0.318515,202918895.1
24-12-1987,Thursday,December,1987,Q4,0.316676,0.324263,0.314822,0.32121,82825358.45
28-12-1987,Monday,December,1987,Q4,0.318515,0.32027,0.298019,0.303433,271884711.1
29-12-1987,Tuesday,December,1987,Q4,0.30512,0.318515,0.303433,0.317615,140584334.6
30-12-1987,Wednesday,December,1987,Q4,0.32027,0.329971,0.32027,0.327273,184351171.3
31-12-1987,Thursday,December,1987,Q4,0.32027,0.324263,0.315785,0.316676,139258045
04-01-1988,Monday,January,1988,Q1,0.322365,0.337437,0.318515,0.337437,391248847
05-01-1988,Tuesday,January,1988,Q1,0.346839,0.348608,0.333507,0.336332,366049709.8
06-01-1988,Wednesday,January,1988,Q1,0.339275,0.339275,0.329971,0.329971,318304155.3
07-01-1988,Thursday,January,1988,Q1,0.328103,0.337437,0.32027,0.335413,251990705.8
08-01-1988,Friday,January,1988,Q1,0.335413,0.341152,0.298019,0.301704,575599955.6
11-01-1988,Monday,January,1988,Q1,0.301704,0.322365,0.299788,0.32027,478782417.2
12-01-1988,Tuesday,January,1988,Q1,0.324263,0.328103,0.299788,0.316676,474803659.9
13-01-1988,Wednesday,January,1988,Q1,0.316676,0.326,0.310049,0.318515,250664505.4
14-01-1988,Thursday,January,1988,Q1,0.322365,0.323294,0.316676,0.318515,156499512.7
15-01-1988,Friday,January,1988,Q1,0.328103,0.339275,0.32027,0.323294,407164001.9
18-01-1988,Monday,January,1988,Q1,0.324263,0.324263,0.316676,0.322365,148541927.2
19-01-1988,Tuesday,January,1988,Q1,0.318515,0.326,0.312133,0.322365,324935426.9
20-01-1988,Wednesday,January,1988,Q1,0.324263,0.324263,0.288281,0.299788,806370464.8
21-01-1988,Thursday,January,1988,Q1,0.30512,0.307333,0.297102,0.302484,584883889.4
22-01-1988,Friday,January,1988,Q1,0.30512,0.307333,0.288281,0.295847,527854352.4
25-01-1988,Monday,January,1988,Q1,0.298019,0.313062,0.298019,0.308302,237401817.3
26-01-1988,Tuesday,January,1988,Q1,0.307333,0.30916,0.295847,0.299788,169762174.4
27-01-1988,Wednesday,January,1988,Q1,0.303433,0.30512,0.292192,0.299788,306367777
28-01-1988,Thursday,January,1988,Q1,0.301704,0.313062,0.299788,0.310888,275863609.2
29-01-1988,Friday,January,1988,Q1,0.313062,0.314822,0.303433,0.313062,314325312.9
01-02-1988,Monday,February,1988,Q1,0.314822,0.32027,0.312133,0.314822,236075532.8
02-02-1988,Tuesday,February,1988,Q1,0.313062,0.315785,0.30512,0.310888,226791730.6
03-02-1988,Wednesday,February,1988,Q1,0.30916,0.310888,0.295847,0.298019,267905989.2
04-02-1988,Thursday,February,1988,Q1,0.298019,0.302484,0.293991,0.299788,236075532.8
05-02-1988,Friday,February,1988,Q1,0.301704,0.304586,0.290206,0.291156,156499512.7
08-02-1988,Monday,February,1988,Q1,0.290206,0.295847,0.284705,0.292192,241380608
09-02-1988,Tuesday,February,1988,Q1,0.293991,0.300715,0.292192,0.299788,137931778.8
10-02-1988,Wednesday,February,1988,Q1,0.299788,0.313062,0.299788,0.30916,270558519.8
11-02-1988,Thursday,February,1988,Q1,0.30916,0.310888,0.303433,0.306059,175067291.2
12-02-1988,Friday,February,1988,Q1,0.306059,0.313062,0.30512,0.30916,163130853.2
16-02-1988,Tuesday,February,1988,Q1,0.30916,0.310888,0.301704,0.310888,183024855.4
17-02-1988,Wednesday,February,1988,Q1,0.310888,0.32027,0.310888,0.315785,303715215.1
18-02-1988,Thursday,February,1988,Q1,0.313693,0.322365,0.313062,0.314822,169762174.4
19-02-1988,Friday,February,1988,Q1,0.314822,0.316676,0.313062,0.314822,107480696.4
22-02-1988,Monday,February,1988,Q1,0.313062,0.328764,0.313062,0.326,237401817.3
23-02-1988,Tuesday,February,1988,Q1,0.326,0.329971,0.318515,0.322365,261274631.5
24-02-1988,Wednesday,February,1988,Q1,0.322365,0.324263,0.316676,0.318515,172414733.3
25-02-1988,Thursday,February,1988,Q1,0.316676,0.324263,0.314822,0.314822,212202756
26-02-1988,Friday,February,1988,Q1,0.316676,0.318515,0.310888,0.314822,97507106.98
29-02-1988,Monday,February,1988,Q1,0.314822,0.326,0.313062,0.324263,132626707.6
01-03-1988,Tuesday,March,1988,Q1,0.326,0.328103,0.32027,0.326,202918895.1
02-03-1988,Wednesday,March,1988,Q1,0.329971,0.339275,0.328103,0.337437,346155699.5
03-03-1988,Thursday,March,1988,Q1,0.335413,0.354367,0.335413,0.350494,561011036.7
04-03-1988,Friday,March,1988,Q1,0.346839,0.354367,0.343225,0.353488,248011954.6
07-03-1988,Monday,March,1988,Q1,0.352568,0.360034,0.350494,0.353488,245359444.3
08-03-1988,Tuesday,March,1988,Q1,0.352568,0.354367,0.346839,0.348608,171088523.7
09-03-1988,Wednesday,March,1988,Q1,0.348608,0.356184,0.348608,0.352568,159152043.2
10-03-1988,Thursday,March,1988,Q1,0.354367,0.356184,0.341152,0.341152,209550182
11-03-1988,Friday,March,1988,Q1,0.343225,0.345053,0.335413,0.345053,187003677.5
14-03-1988,Monday,March,1988,Q1,0.345053,0.350494,0.343225,0.348608,116194288.7
15-03-1988,Tuesday,March,1988,Q1,0.346839,0.348608,0.337437,0.339275,214855324
16-03-1988,Wednesday,March,1988,Q1,0.338326,0.349852,0.335413,0.34768,140584334.6
17-03-1988,Thursday,March,1988,Q1,0.348608,0.350494,0.337437,0.339275,309020268.1
18-03-1988,Friday,March,1988,Q1,0.339275,0.343225,0.333507,0.337437,322282932.9
21-03-1988,Monday,March,1988,Q1,0.3348,0.336332,0.324263,0.330909,269232232.2
22-03-1988,Tuesday,March,1988,Q1,0.331758,0.335413,0.326,0.331758,141128069
23-03-1988,Wednesday,March,1988,Q1,0.331758,0.331758,0.315785,0.32027,248011954.6
24-03-1988,Thursday,March,1988,Q1,0.314822,0.32027,0.301704,0.308302,379312468.8
25-03-1988,Friday,March,1988,Q1,0.307333,0.310888,0.301704,0.302484,155173220.1
28-03-1988,Monday,March,1988,Q1,0.301704,0.314822,0.298019,0.313062,204245100.7
29-03-1988,Tuesday,March,1988,Q1,0.313062,0.316676,0.306059,0.30916,253317048
30-03-1988,Wednesday,March,1988,Q1,0.307333,0.310888,0.292192,0.298019,440320685.1
31-03-1988,Thursday,March,1988,Q1,0.299788,0.30512,0.295847,0.301704,257295830.7
04-04-1988,Monday,April,1988,Q2,0.299788,0.30512,0.290206,0.292192,214855324
05-04-1988,Tuesday,April,1988,Q2,0.295847,0.298019,0.290206,0.295847,175067291.2
06-04-1988,Wednesday,April,1988,Q2,0.298019,0.314822,0.293991,0.314822,225465414.7
07-04-1988,Thursday,April,1988,Q2,0.314822,0.319709,0.307333,0.307333,193635009.9
08-04-1988,Friday,April,1988,Q2,0.307333,0.314822,0.299788,0.30916,240054329.6
11-04-1988,Monday,April,1988,Q2,0.314822,0.316676,0.30916,0.313062,176393493.7
12-04-1988,Tuesday,April,1988,Q2,0.314822,0.318515,0.310888,0.314822,205571427.7
13-04-1988,Wednesday,April,1988,Q2,0.314822,0.316676,0.30916,0.310888,169762174.4
14-04-1988,Thursday,April,1988,Q2,0.30512,0.313062,0.293991,0.298019,222812915.6
15-04-1988,Friday,April,1988,Q2,0.299788,0.301704,0.290206,0.298019,275863609.2
18-04-1988,Monday,April,1988,Q2,0.299788,0.307333,0.295847,0.301704,201592624.8
19-04-1988,Tuesday,April,1988,Q2,0.302484,0.313062,0.302484,0.303433,251433798
20-04-1988,Wednesday,April,1988,Q2,0.303433,0.30512,0.295847,0.299788,254643304.2
21-04-1988,Thursday,April,1988,Q2,0.304586,0.30512,0.293991,0.298019,210876488.7
22-04-1988,Friday,April,1988,Q2,0.299788,0.303433,0.298019,0.302484,127467531.3
25-04-1988,Monday,April,1988,Q2,0.303433,0.30916,0.301704,0.308302,177719802.5
26-04-1988,Tuesday,April,1988,Q2,0.30916,0.314822,0.307333,0.313062,208223929.9
27-04-1988,Wednesday,April,1988,Q2,0.314822,0.316676,0.313062,0.314822,149868219.8
28-04-1988,Thursday,April,1988,Q2,0.314822,0.316676,0.310888,0.312133,117427702.1
29-04-1988,Friday,April,1988,Q2,0.310888,0.313062,0.30512,0.30916,106565591.9
02-05-1988,Monday,May,1988,Q2,0.307333,0.310888,0.30512,0.30916,97334759.88
03-05-1988,Tuesday,May,1988,Q2,0.30916,0.318515,0.307333,0.314822,147215601.2
04-05-1988,Wednesday,May,1988,Q2,0.315785,0.325181,0.314822,0.316676,265253430.3
05-05-1988,Thursday,May,1988,Q2,0.316676,0.318515,0.313062,0.314822,83435449.05
06-05-1988,Friday,May,1988,Q2,0.313693,0.314822,0.310888,0.310888,126751359.7
09-05-1988,Monday,May,1988,Q2,0.310888,0.310888,0.30512,0.307333,90438164.72
10-05-1988,Tuesday,May,1988,Q2,0.30512,0.30916,0.303433,0.308302,113568181
11-05-1988,Wednesday,May,1988,Q2,0.303433,0.307333,0.298019,0.298019,206897728.4
12-05-1988,Thursday,May,1988,Q2,0.298019,0.303433,0.298019,0.299788,98263129.97
13-05-1988,Friday,May,1988,Q2,0.303433,0.30512,0.301704,0.30512,84549503.69
16-05-1988,Monday,May,1988,Q2,0.30512,0.312133,0.301704,0.310888,88528374.41
17-05-1988,Tuesday,May,1988,Q2,0.313062,0.316676,0.303433,0.30512,229444208.5
18-05-1988,Wednesday,May,1988,Q2,0.30512,0.307333,0.298019,0.299788,206897728.4
19-05-1988,Thursday,May,1988,Q2,0.298019,0.299788,0.290206,0.293991,295757627.6
20-05-1988,Friday,May,1988,Q2,0.295847,0.298019,0.292192,0.292192,96791021.42
23-05-1988,Monday,May,1988,Q2,0.290206,0.29306,0.281979,0.286542,217507830.2
24-05-1988,Tuesday,May,1988,Q2,0.286542,0.293991,0.284705,0.29306,168435898
25-05-1988,Wednesday,May,1988,Q2,0.293991,0.299788,0.290206,0.290206,160478376.3
26-05-1988,Thursday,May,1988,Q2,0.290206,0.298019,0.290206,0.297102,101578810.3
27-05-1988,Friday,May,1988,Q2,0.295847,0.301704,0.293991,0.299788,99417039.03
31-05-1988,Tuesday,May,1988,Q2,0.301704,0.313062,0.299788,0.313062,145889390.6
01-06-1988,Wednesday,June,1988,Q2,0.313062,0.32027,0.310888,0.32027,271884711.1
02-06-1988,Thursday,June,1988,Q2,0.316676,0.32027,0.313062,0.314822,157825816.4
03-06-1988,Friday,June,1988,Q2,0.314822,0.326,0.314822,0.324263,208223929.9
06-06-1988,Monday,June,1988,Q2,0.322365,0.331758,0.322365,0.331758,194961301.5
07-06-1988,Tuesday,June,1988,Q2,0.329971,0.341152,0.328103,0.331758,368702252.5
08-06-1988,Wednesday,June,1988,Q2,0.333507,0.343225,0.331758,0.339275,306367777
09-06-1988,Thursday,June,1988,Q2,0.339275,0.341152,0.326,0.328103,319630386.1
10-06-1988,Friday,June,1988,Q2,0.328103,0.337437,0.324263,0.335413,209550182
13-06-1988,Monday,June,1988,Q2,0.339275,0.341152,0.333507,0.339275,176393493.7
14-06-1988,Tuesday,June,1988,Q2,0.341152,0.346839,0.339275,0.341152,346275122
15-06-1988,Wednesday,June,1988,Q2,0.341152,0.345053,0.339275,0.345053,144563103.1
16-06-1988,Thursday,June,1988,Q2,0.339275,0.341152,0.333507,0.335413,127149209.3
17-06-1988,Friday,June,1988,Q2,0.337437,0.337437,0.333507,0.337437,112958153.2
20-06-1988,Monday,June,1988,Q2,0.3348,0.337437,0.331758,0.332627,93077421.58
21-06-1988,Tuesday,June,1988,Q2,0.331758,0.339275,0.330909,0.338326,146353572.1
22-06-1988,Wednesday,June,1988,Q2,0.343225,0.34596,0.339275,0.343806,231579554
23-06-1988,Thursday,June,1988,Q2,0.345053,0.345053,0.339275,0.339275,84536298.87
24-06-1988,Friday,June,1988,Q2,0.339275,0.343225,0.335413,0.339275,88475299.98
27-06-1988,Monday,June,1988,Q2,0.335413,0.342315,0.335413,0.335413,99019112.47
28-06-1988,Tuesday,June,1988,Q2,0.337437,0.348608,0.335413,0.348608,192507694.8
29-06-1988,Wednesday,June,1988,Q2,0.346839,0.352568,0.345053,0.349852,169868314.2
30-06-1988,Thursday,June,1988,Q2,0.348608,0.352568,0.346839,0.348608,135809763.7
01-07-1988,Friday,July,1988,Q3,0.350494,0.353488,0.348608,0.350494,111950201.8
05-07-1988,Tuesday,July,1988,Q3,0.350494,0.356184,0.34768,0.356184,123687700.8
06-07-1988,Wednesday,July,1988,Q3,0.355275,0.358307,0.34768,0.350494,185385634.6
07-07-1988,Thursday,July,1988,Q3,0.350494,0.350494,0.341152,0.34596,125053733.5
08-07-1988,Friday,July,1988,Q3,0.343225,0.346839,0.339275,0.341152,124801722.1
11-07-1988,Monday,July,1988,Q3,0.343225,0.343225,0.338326,0.340271,87188750.43
12-07-1988,Tuesday,July,1988,Q3,0.339275,0.341152,0.335413,0.337437,119483448.1
13-07-1988,Wednesday,July,1988,Q3,0.337437,0.339275,0.333507,0.337437,136380018.1
14-07-1988,Thursday,July,1988,Q3,0.337437,0.341152,0.335413,0.339275,74377043.09
15-07-1988,Friday,July,1988,Q3,0.339275,0.343225,0.337437,0.339275,98316219.59
18-07-1988,Monday,July,1988,Q3,0.342315,0.346839,0.341152,0.343225,134403914.1
19-07-1988,Tuesday,July,1988,Q3,0.339275,0.343225,0.330909,0.337437,144828369.9
20-07-1988,Wednesday,July,1988,Q3,0.337437,0.339275,0.331758,0.333507,142202388.7
21-07-1988,Thursday,July,1988,Q3,0.329971,0.331758,0.322365,0.324263,176473105.3
22-07-1988,Friday,July,1988,Q3,0.324263,0.326,0.32027,0.32027,122971495.8
25-07-1988,Monday,July,1988,Q3,0.322365,0.326,0.318515,0.322365,125398575.5
26-07-1988,Tuesday,July,1988,Q3,0.322365,0.326,0.318515,0.322365,120226120.5
27-07-1988,Wednesday,July,1988,Q3,0.322365,0.326,0.32027,0.322365,137984792.4
28-07-1988,Thursday,July,1988,Q3,0.32027,0.324263,0.318515,0.32121,109748640.9
29-07-1988,Friday,July,1988,Q3,0.326,0.335413,0.324263,0.3348,188223788.9
01-08-1988,Monday,August,1988,Q3,0.335413,0.345053,0.333507,0.339275,101764439.2
02-08-1988,Tuesday,August,1988,Q3,0.339275,0.343225,0.335413,0.336332,143621449.2
03-08-1988,Wednesday,August,1988,Q3,0.337437,0.337437,0.331758,0.337437,131260637.5
04-08-1988,Thursday,August,1988,Q3,0.337437,0.341152,0.335413,0.336332,81605194.44
05-08-1988,Friday,August,1988,Q3,0.335413,0.339275,0.333507,0.333507,62361080.53
08-08-1988,Monday,August,1988,Q3,0.335413,0.337437,0.331758,0.331758,35451139.58
09-08-1988,Tuesday,August,1988,Q3,0.331758,0.333507,0.324263,0.328103,201340619.5
10-08-1988,Wednesday,August,1988,Q3,0.329971,0.329971,0.314822,0.315785,175027507.6
11-08-1988,Thursday,August,1988,Q3,0.318515,0.326,0.316676,0.326,125584244.8
12-08-1988,Friday,August,1988,Q3,0.324263,0.324263,0.318515,0.32027,91751154.29
15-08-1988,Monday,August,1988,Q3,0.318515,0.318515,0.30512,0.310888,197375068
16-08-1988,Tuesday,August,1988,Q3,0.30916,0.326,0.307333,0.32027,145358874.2
17-08-1988,Wednesday,August,1988,Q3,0.32027,0.322365,0.314822,0.316676,140849630.8
18-08-1988,Thursday,August,1988,Q3,0.316676,0.324263,0.314822,0.32027,87706089.38
19-08-1988,Friday,August,1988,Q3,0.32027,0.322365,0.30512,0.307333,269232232.2
22-08-1988,Monday,August,1988,Q3,0.303433,0.307333,0.298019,0.299788,201539590.9
23-08-1988,Tuesday,August,1988,Q3,0.299788,0.303433,0.295847,0.298019,193701335.8
24-08-1988,Wednesday,August,1988,Q3,0.299788,0.307333,0.298019,0.307333,148581723.9
25-08-1988,Thursday,August,1988,Q3,0.303433,0.30512,0.295847,0.302484,151194460.8
26-08-1988,Friday,August,1988,Q3,0.301704,0.307333,0.301704,0.303433,47546721.88
29-08-1988,Monday,August,1988,Q3,0.307333,0.30916,0.30512,0.308302,67772281.32
30-08-1988,Tuesday,August,1988,Q3,0.307333,0.30916,0.301704,0.308302,59880947.72
31-08-1988,Wednesday,August,1988,Q3,0.30916,0.310049,0.298019,0.300715,281460389.2
01-09-1988,Thursday,September,1988,Q3,0.299788,0.299788,0.290206,0.29306,292176650
02-09-1988,Friday,September,1988,Q3,0.298019,0.301704,0.293991,0.299788,220611289.9
06-09-1988,Tuesday,September,1988,Q3,0.301704,0.301704,0.292192,0.29306,169868314.2
07-09-1988,Wednesday,September,1988,Q3,0.293991,0.298019,0.284705,0.288281,212096610.2
08-09-1988,Thursday,September,1988,Q3,0.288281,0.298019,0.284705,0.292192,245425790.4
09-09-1988,Friday,September,1988,Q3,0.292192,0.30916,0.284705,0.30512,277892803.8
12-09-1988,Monday,September,1988,Q3,0.30916,0.314822,0.302484,0.30916,175292742.1
13-09-1988,Tuesday,September,1988,Q3,0.303433,0.310888,0.301704,0.30916,141724915.3
14-09-1988,Wednesday,September,1988,Q3,0.314822,0.319709,0.313062,0.316676,282508179.8
15-09-1988,Thursday,September,1988,Q3,0.316676,0.322365,0.313062,0.313693,196287582
16-09-1988,Friday,September,1988,Q3,0.313062,0.322365,0.312133,0.318515,146552553.6
19-09-1988,Monday,September,1988,Q3,0.316676,0.318515,0.310888,0.314822,109098756.6
20-09-1988,Tuesday,September,1988,Q3,0.314822,0.318515,0.312133,0.313062,121592149
21-09-1988,Wednesday,September,1988,Q3,0.314822,0.324263,0.313062,0.322365,108170351.1
22-09-1988,Thursday,September,1988,Q3,0.324263,0.331758,0.322365,0.331758,172494314.6
23-09-1988,Friday,September,1988,Q3,0.328103,0.333507,0.328103,0.329971,120173053.1
26-09-1988,Monday,September,1988,Q3,0.329971,0.331758,0.32027,0.322365,103064193.6
27-09-1988,Tuesday,September,1988,Q3,0.32027,0.328103,0.32027,0.327273,192998420.6
28-09-1988,Wednesday,September,1988,Q3,0.328103,0.332627,0.326,0.328103,100292324.6
29-09-1988,Thursday,September,1988,Q3,0.329971,0.333507,0.328103,0.331758,125610800.3
30-09-1988,Friday,September,1988,Q3,0.331758,0.331758,0.326,0.326,110000620.9
03-10-1988,Monday,October,1988,Q4,0.324263,0.326,0.316676,0.32027,107493974.2
04-10-1988,Tuesday,October,1988,Q4,0.318515,0.322365,0.310049,0.313062,61167451.72
05-10-1988,Wednesday,October,1988,Q4,0.310888,0.314822,0.30512,0.308302,145889390.6
06-10-1988,Thursday,October,1988,Q4,0.30512,0.308302,0.295847,0.299788,198661574
07-10-1988,Friday,October,1988,Q4,0.293991,0.299788,0.289565,0.299788,541859731.1
10-10-1988,Monday,October,1988,Q4,0.298019,0.299788,0.282909,0.290206,393901369.5
11-10-1988,Tuesday,October,1988,Q4,0.288281,0.298019,0.288281,0.293991,230385878.6
12-10-1988,Wednesday,October,1988,Q4,0.290206,0.293991,0.286542,0.292192,157427888.9
13-10-1988,Thursday,October,1988,Q4,0.290206,0.299788,0.290206,0.293991,194749036.2
14-10-1988,Friday,October,1988,Q4,0.298019,0.298019,0.287392,0.292192,186207905.4
17-10-1988,Monday,October,1988,Q4,0.290206,0.293991,0.288281,0.290206,110942257.6
18-10-1988,Tuesday,October,1988,Q4,0.293991,0.298019,0.288281,0.297102,168860384.1
19-10-1988,Wednesday,October,1988,Q4,0.299788,0.307333,0.298019,0.301704,328397039.7
20-10-1988,Thursday,October,1988,Q4,0.301704,0.313693,0.301704,0.313062,205412225.7
21-10-1988,Friday,October,1988,Q4,0.310888,0.314822,0.307333,0.30916,146366830.6
24-10-1988,Monday,October,1988,Q4,0.310888,0.310888,0.298543,0.301704,160053917.6
25-10-1988,Tuesday,October,1988,Q4,0.303433,0.303433,0.299788,0.300715,100875900.2
26-10-1988,Wednesday,October,1988,Q4,0.301704,0.301704,0.290206,0.295847,223476020.9
27-10-1988,Thursday,October,1988,Q4,0.292192,0.295847,0.288281,0.293991,170146843.5
28-10-1988,Friday,October,1988,Q4,0.293991,0.298019,0.290206,0.290206,100040306.1
31-10-1988,Monday,October,1988,Q4,0.292192,0.292192,0.282909,0.291156,287640774.3
01-11-1988,Tuesday,November,1988,Q4,0.290206,0.292192,0.284705,0.286542,170160035.2
02-11-1988,Wednesday,November,1988,Q4,0.288281,0.288281,0.27715,0.280756,246924423
03-11-1988,Thursday,November,1988,Q4,0.280756,0.282909,0.27715,0.279885,287110294.3
04-11-1988,Friday,November,1988,Q4,0.27715,0.286542,0.27715,0.284705,182122952.7
07-11-1988,Monday,November,1988,Q4,0.280756,0.284705,0.278937,0.282909,201406949.4
08-11-1988,Tuesday,November,1988,Q4,0.282909,0.292192,0.281979,0.290206,182985081
09-11-1988,Wednesday,November,1988,Q4,0.288281,0.297102,0.286542,0.295847,238873974.4
10-11-1988,Thursday,November,1988,Q4,0.298019,0.299788,0.293991,0.298019,118316279.5
11-11-1988,Friday,November,1988,Q4,0.293991,0.298543,0.290206,0.290206,128701006.5
14-11-1988,Monday,November,1988,Q4,0.292192,0.293991,0.288281,0.29306,100928915.9
15-11-1988,Tuesday,November,1988,Q4,0.293991,0.295847,0.292192,0.293991,94735220.76
16-11-1988,Wednesday,November,1988,Q4,0.293991,0.295847,0.284705,0.286542,175067291.2
17-11-1988,Thursday,November,1988,Q4,0.286542,0.290206,0.286542,0.288281,94191484.32
18-11-1988,Friday,November,1988,Q4,0.290206,0.290206,0.286542,0.286542,68196669.15
21-11-1988,Monday,November,1988,Q4,0.282909,0.284705,0.27322,0.275964,262773322.9
22-11-1988,Tuesday,November,1988,Q4,0.275056,0.278087,0.271471,0.272281,175478390.2
23-11-1988,Wednesday,November,1988,Q4,0.269663,0.278937,0.267787,0.278087,222613973.6
25-11-1988,Friday,November,1988,Q4,0.27322,0.27715,0.271471,0.275056,57188615.43
28-11-1988,Monday,November,1988,Q4,0.275056,0.27715,0.271471,0.275056,165027432.6
29-11-1988,Tuesday,November,1988,Q4,0.275056,0.27715,0.271471,0.27715,109735370.3
30-11-1988,Wednesday,November,1988,Q4,0.27715,0.286542,0.27715,0.28348,198754387.5
01-12-1988,Thursday,December,1988,Q4,0.284705,0.293991,0.282909,0.292192,251234833.7
02-12-1988,Friday,December,1988,Q4,0.288281,0.300715,0.286542,0.295847,395174626.1
05-12-1988,Monday,December,1988,Q4,0.298019,0.301704,0.292192,0.298019,182852455.7
06-12-1988,Tuesday,December,1988,Q4,0.295847,0.299788,0.293991,0.298019,124257990.7
07-12-1988,Wednesday,December,1988,Q4,0.293991,0.298019,0.292192,0.297102,116207541.1
08-12-1988,Thursday,December,1988,Q4,0.295847,0.295847,0.292192,0.294978,70411512.87
09-12-1988,Friday,December,1988,Q4,0.295847,0.298019,0.292192,0.294978,53236386.21
12-12-1988,Monday,December,1988,Q4,0.295847,0.298019,0.290206,0.290206,139589691.3
13-12-1988,Tuesday,December,1988,Q4,0.290206,0.292192,0.288281,0.292192,145120162.8
14-12-1988,Wednesday,December,1988,Q4,0.290206,0.301704,0.290206,0.299788,228900500.4
15-12-1988,Thursday,December,1988,Q4,0.301704,0.30512,0.295847,0.298019,133303137.2
16-12-1988,Friday,December,1988,Q4,0.298019,0.30512,0.295847,0.302484,217282330.8
19-12-1988,Monday,December,1988,Q4,0.303433,0.30916,0.301704,0.307333,277481665.3
20-12-1988,Tuesday,December,1988,Q4,0.30916,0.313062,0.306059,0.30916,324683469.2
21-12-1988,Wednesday,December,1988,Q4,0.30916,0.316676,0.30916,0.314822,286526781.4
22-12-1988,Thursday,December,1988,Q4,0.314822,0.316676,0.307333,0.30916,125557724.8
23-12-1988,Friday,December,1988,Q4,0.30916,0.312133,0.30916,0.310049,48501586.66
27-12-1988,Tuesday,December,1988,Q4,0.30916,0.313062,0.30512,0.30512,71034852.84
28-12-1988,Wednesday,December,1988,Q4,0.30512,0.307333,0.299788,0.303433,61034829.44
29-12-1988,Thursday,December,1988,Q4,0.303433,0.307333,0.303433,0.30512,139510036.2
30-12-1988,Friday,December,1988,Q4,0.30512,0.310888,0.303433,0.303433,96737931.81
03-01-1989,Tuesday,January,1989,Q1,0.303433,0.30512,0.301704,0.304586,118435624.1
04-01-1989,Wednesday,January,1989,Q1,0.307333,0.317615,0.30512,0.316676,284139480.2
05-01-1989,Thursday,January,1989,Q1,0.316676,0.326,0.310888,0.318515,363927732.2
06-01-1989,Friday,January,1989,Q1,0.318515,0.328103,0.318515,0.32121,235253294.3
09-01-1989,Monday,January,1989,Q1,0.324263,0.325181,0.318515,0.324263,93912927.63
10-01-1989,Tuesday,January,1989,Q1,0.32027,0.323294,0.313062,0.32121,122348142.7
11-01-1989,Wednesday,January,1989,Q1,0.318515,0.32027,0.310888,0.317615,184881705
12-01-1989,Thursday,January,1989,Q1,0.318515,0.324263,0.316676,0.322365,177998303.5
13-01-1989,Friday,January,1989,Q1,0.322365,0.328103,0.319709,0.326,229616626.5
16-01-1989,Monday,January,1989,Q1,0.326,0.331758,0.324263,0.329971,199643002.4
17-01-1989,Tuesday,January,1989,Q1,0.326,0.328103,0.301704,0.304586,895946528.5
18-01-1989,Wednesday,January,1989,Q1,0.307333,0.310049,0.298019,0.299788,577788280.3
19-01-1989,Thursday,January,1989,Q1,0.30512,0.30916,0.301704,0.30512,303131586.8
20-01-1989,Friday,January,1989,Q1,0.30512,0.313062,0.303433,0.30916,205730586.2
23-01-1989,Monday,January,1989,Q1,0.307333,0.310888,0.307333,0.30916,213780990.1
24-01-1989,Tuesday,January,1989,Q1,0.30916,0.314822,0.307333,0.313693,264417839.3
25-01-1989,Wednesday,January,1989,Q1,0.314822,0.316676,0.30916,0.313062,131366803.6
26-01-1989,Thursday,January,1989,Q1,0.307333,0.317615,0.306059,0.314822,337800192.5
27-01-1989,Friday,January,1989,Q1,0.288281,0.295847,0.27322,0.28348,2518926192
30-01-1989,Monday,January,1989,Q1,0.28348,0.286542,0.280756,0.281979,694513129
31-01-1989,Tuesday,January,1989,Q1,0.280756,0.284705,0.27715,0.284705,545135639.1
01-02-1989,Wednesday,February,1989,Q1,0.284705,0.298543,0.281979,0.295847,577350642.1
02-02-1989,Thursday,February,1989,Q1,0.298019,0.303433,0.295847,0.299788,560692707.6
03-02-1989,Friday,February,1989,Q1,0.301704,0.303433,0.293991,0.295847,211857930.2
06-02-1989,Monday,February,1989,Q1,0.298019,0.298019,0.288281,0.290206,138236881.8
07-02-1989,Tuesday,February,1989,Q1,0.288281,0.295847,0.288281,0.293991,195571334.4
08-02-1989,Wednesday,February,1989,Q1,0.293991,0.298019,0.286542,0.288281,185929409.5
09-02-1989,Thursday,February,1989,Q1,0.288281,0.293991,0.286542,0.288281,190425472.3
10-02-1989,Friday,February,1989,Q1,0.288281,0.288281,0.278937,0.280756,412495647.7
13-02-1989,Monday,February,1989,Q1,0.27715,0.280756,0.27715,0.278937,278502859.9
14-02-1989,Tuesday,February,1989,Q1,0.278087,0.278937,0.265732,0.269663,1055774991
15-02-1989,Wednesday,February,1989,Q1,0.269663,0.27322,0.267787,0.27322,391514070.3
16-02-1989,Thursday,February,1989,Q1,0.27322,0.280756,0.271471,0.274512,302786772.1
17-02-1989,Friday,February,1989,Q1,0.27322,0.278937,0.27322,0.27715,138369437.2
21-02-1989,Tuesday,February,1989,Q1,0.278087,0.284705,0.27715,0.282909,225651095.2
22-02-1989,Wednesday,February,1989,Q1,0.280756,0.282909,0.275056,0.27715,282216399
23-02-1989,Thursday,February,1989,Q1,0.275056,0.278937,0.27322,0.27715,112931669.6
24-02-1989,Friday,February,1989,Q1,0.278937,0.278937,0.271471,0.271471,180146907.4
27-02-1989,Monday,February,1989,Q1,0.271471,0.275056,0.269663,0.275056,137268598.5
28-02-1989,Tuesday,February,1989,Q1,0.275056,0.27715,0.271471,0.27322,208436185
01-03-1989,Wednesday,March,1989,Q1,0.27322,0.275056,0.267787,0.271471,201459976.2
02-03-1989,Thursday,March,1989,Q1,0.269663,0.27322,0.262078,0.263906,445639064.4
03-03-1989,Friday,March,1989,Q1,0.265732,0.265732,0.256389,0.262078,459193492.7
06-03-1989,Monday,March,1989,Q1,0.263906,0.270583,0.259944,0.267787,199550141.3
07-03-1989,Tuesday,March,1989,Q1,0.267787,0.271471,0.263906,0.269663,308701928.9
08-03-1989,Wednesday,March,1989,Q1,0.268448,0.27322,0.265732,0.265732,256128786.7
09-03-1989,Thursday,March,1989,Q1,0.265732,0.269663,0.259944,0.259944,158011460.5
10-03-1989,Friday,March,1989,Q1,0.259944,0.263906,0.258128,0.263906,121631945.7
13-03-1989,Monday,March,1989,Q1,0.263906,0.267787,0.262078,0.263906,155252819.6
14-03-1989,Tuesday,March,1989,Q1,0.263906,0.267787,0.263008,0.265732,191764937.4
15-03-1989,Wednesday,March,1989,Q1,0.265732,0.267787,0.262078,0.263906,106645197.5
16-03-1989,Thursday,March,1989,Q1,0.263906,0.267787,0.259944,0.265732,227640561
17-03-1989,Friday,March,1989,Q1,0.259944,0.269663,0.256389,0.263008,280797288
20-03-1989,Monday,March,1989,Q1,0.263906,0.265732,0.259944,0.263008,214868525.8
21-03-1989,Tuesday,March,1989,Q1,0.267787,0.267787,0.262078,0.263008,151804523
22-03-1989,Wednesday,March,1989,Q1,0.258128,0.262078,0.254542,0.255449,171526108.3
23-03-1989,Thursday,March,1989,Q1,0.256389,0.259944,0.254542,0.259393,140809798.6
27-03-1989,Monday,March,1989,Q1,0.258128,0.259944,0.252706,0.254542,179589827.5
28-03-1989,Tuesday,March,1989,Q1,0.256389,0.259944,0.256389,0.256389,167268862.1
29-03-1989,Wednesday,March,1989,Q1,0.256389,0.259944,0.256389,0.258128,88103987.59
30-03-1989,Thursday,March,1989,Q1,0.258128,0.263906,0.256389,0.262078,124629319.3
31-03-1989,Friday,March,1989,Q1,0.263906,0.269663,0.262078,0.268448,219483945.4
03-04-1989,Monday,April,1989,Q2,0.267787,0.27322,0.262078,0.263906,196910881.5
04-04-1989,Tuesday,April,1989,Q2,0.259944,0.263008,0.255449,0.259944,137043173
05-04-1989,Wednesday,April,1989,Q2,0.259944,0.265732,0.258128,0.263906,142401289.2
06-04-1989,Thursday,April,1989,Q2,0.262078,0.272281,0.259944,0.271471,185173426
07-04-1989,Friday,April,1989,Q2,0.271471,0.282909,0.271471,0.281979,420360377.3
10-04-1989,Monday,April,1989,Q2,0.280756,0.286542,0.27715,0.278937,160305883.4
11-04-1989,Tuesday,April,1989,Q2,0.282909,0.286542,0.278937,0.284705,173528795
12-04-1989,Wednesday,April,1989,Q2,0.288281,0.295847,0.285633,0.290206,459352596.5
13-04-1989,Thursday,April,1989,Q2,0.292192,0.298019,0.288281,0.290206,214656337.4
14-04-1989,Friday,April,1989,Q2,0.293991,0.295847,0.288281,0.292192,146075068.1
17-04-1989,Monday,April,1989,Q2,0.290206,0.295847,0.286542,0.295847,165955810.8
18-04-1989,Tuesday,April,1989,Q2,0.298019,0.30512,0.295847,0.302484,664300641.7
19-04-1989,Wednesday,April,1989,Q2,0.301704,0.313693,0.299788,0.308302,504313065
20-04-1989,Thursday,April,1989,Q2,0.307333,0.313062,0.303433,0.307333,212932203.3
21-04-1989,Friday,April,1989,Q2,0.30512,0.308302,0.299788,0.302484,136380018.1
24-04-1989,Monday,April,1989,Q2,0.301704,0.303433,0.298019,0.302484,131194343.1
25-04-1989,Tuesday,April,1989,Q2,0.301704,0.30512,0.299788,0.301704,137573651.9
26-04-1989,Wednesday,April,1989,Q2,0.301704,0.303433,0.294978,0.299788,220412355.9
27-04-1989,Thursday,April,1989,Q2,0.298019,0.301704,0.293991,0.297102,165053949.6
28-04-1989,Friday,April,1989,Q2,0.295847,0.298019,0.290206,0.293991,122984765.4
01-05-1989,Monday,May,1989,Q2,0.290206,0.295847,0.290206,0.293991,95517775.9
02-05-1989,Tuesday,May,1989,Q2,0.293991,0.303433,0.293991,0.300715,255478852.8
03-05-1989,Wednesday,May,1989,Q2,0.299788,0.307333,0.299788,0.303433,261155260.6
04-05-1989,Thursday,May,1989,Q2,0.303433,0.310888,0.301704,0.30916,223701475.8
05-05-1989,Friday,May,1989,Q2,0.32027,0.322365,0.313062,0.313062,545613009.2
08-05-1989,Monday,May,1989,Q2,0.313062,0.318515,0.313062,0.318515,243847504.6
09-05-1989,Tuesday,May,1989,Q2,0.316676,0.324263,0.316676,0.32027,410638867
10-05-1989,Wednesday,May,1989,Q2,0.324263,0.328103,0.32027,0.326,277614267.3
11-05-1989,Thursday,May,1989,Q2,0.326,0.333507,0.324263,0.330909,356368005.4
12-05-1989,Friday,May,1989,Q2,0.335413,0.339275,0.331758,0.339275,553172774.5
15-05-1989,Monday,May,1989,Q2,0.337437,0.348608,0.337437,0.346839,376447697.3
16-05-1989,Tuesday,May,1989,Q2,0.346839,0.348608,0.339275,0.342315,270783952.4
17-05-1989,Wednesday,May,1989,Q2,0.341152,0.343225,0.339275,0.341152,294219077.8
18-05-1989,Thursday,May,1989,Q2,0.341152,0.343225,0.337437,0.337437,250160546.4
19-05-1989,Friday,May,1989,Q2,0.337437,0.348608,0.337437,0.345053,391686508.6
22-05-1989,Monday,May,1989,Q2,0.345053,0.348608,0.341152,0.346839,225465414.7
23-05-1989,Tuesday,May,1989,Q2,0.346839,0.346839,0.341152,0.343225,159231642.7
24-05-1989,Wednesday,May,1989,Q2,0.341152,0.360034,0.341152,0.360034,352415700.3
25-05-1989,Thursday,May,1989,Q2,0.356184,0.369446,0.356184,0.363719,275160653.5
26-05-1989,Friday,May,1989,Q2,0.363719,0.369446,0.361942,0.365577,133236779
30-05-1989,Tuesday,May,1989,Q2,0.363719,0.369446,0.357388,0.358307,132533856.7
31-05-1989,Wednesday,May,1989,Q2,0.358307,0.362869,0.354367,0.360034,136433075.3
01-06-1989,Thursday,June,1989,Q2,0.360034,0.371354,0.358307,0.36762,212560836.3
02-06-1989,Friday,June,1989,Q2,0.365577,0.373348,0.365577,0.369446,147401339.4
05-06-1989,Monday,June,1989,Q2,0.36762,0.369446,0.350494,0.354367,146976904
06-06-1989,Tuesday,June,1989,Q2,0.352568,0.354367,0.348608,0.352568,171711772.6
07-06-1989,Wednesday,June,1989,Q2,0.352568,0.365577,0.352568,0.363719,208025024.3
08-06-1989,Thursday,June,1989,Q2,0.365577,0.369446,0.356184,0.35897,210796906.5
09-06-1989,Friday,June,1989,Q2,0.356184,0.360034,0.350494,0.354367,111804346.4
12-06-1989,Monday,June,1989,Q2,0.352568,0.360034,0.348608,0.358307,95756487.29
13-06-1989,Tuesday,June,1989,Q2,0.358307,0.36762,0.354367,0.365577,273516070.3
14-06-1989,Wednesday,June,1989,Q2,0.369446,0.378752,0.363719,0.373912,297587814.4
15-06-1989,Thursday,June,1989,Q2,0.373348,0.375188,0.358307,0.358307,191128334.9
16-06-1989,Friday,June,1989,Q2,0.337437,0.343225,0.328103,0.335413,641820458
19-06-1989,Monday,June,1989,Q2,0.335413,0.337437,0.328103,0.331758,216844732
20-06-1989,Tuesday,June,1989,Q2,0.331758,0.331758,0.318515,0.324263,159311203.7
21-06-1989,Wednesday,June,1989,Q2,0.324263,0.328103,0.318515,0.32027,153780651.3
22-06-1989,Thursday,June,1989,Q2,0.32027,0.329971,0.316676,0.326,162467699.3
23-06-1989,Friday,June,1989,Q2,0.326,0.333507,0.326,0.330909,146711672.6
26-06-1989,Monday,June,1989,Q2,0.331758,0.331758,0.326,0.328103,217693450
27-06-1989,Tuesday,June,1989,Q2,0.329971,0.333507,0.32027,0.32121,125265941
28-06-1989,Wednesday,June,1989,Q2,0.318515,0.318515,0.30916,0.314822,304365086.2
29-06-1989,Thursday,June,1989,Q2,0.30916,0.310888,0.301704,0.306059,276526731.7
30-06-1989,Friday,June,1989,Q2,0.30512,0.314822,0.298019,0.310888,195080579.3
03-07-1989,Monday,July,1989,Q3,0.314822,0.314822,0.307333,0.307333,57254956.43
05-07-1989,Wednesday,July,1989,Q3,0.30512,0.307333,0.301704,0.30512,141101546
06-07-1989,Thursday,July,1989,Q3,0.307333,0.314822,0.303433,0.310888,205956067.4
07-07-1989,Friday,July,1989,Q3,0.310888,0.316676,0.30512,0.310888,125650578.7
10-07-1989,Monday,July,1989,Q3,0.30916,0.310888,0.301704,0.30512,241208213.3
11-07-1989,Tuesday,July,1989,Q3,0.307333,0.30916,0.299788,0.299788,288847723.3
12-07-1989,Wednesday,July,1989,Q3,0.299788,0.303433,0.298019,0.301704,146990174.6
13-07-1989,Thursday,July,1989,Q3,0.301704,0.30916,0.298019,0.306059,266951049.5
14-07-1989,Friday,July,1989,Q3,0.307333,0.30916,0.299788,0.307333,304709860.4
17-07-1989,Monday,July,1989,Q3,0.307333,0.310888,0.299788,0.307333,155000853.8
18-07-1989,Tuesday,July,1989,Q3,0.307333,0.307333,0.292192,0.295847,565215300.6
19-07-1989,Wednesday,July,1989,Q3,0.298019,0.307333,0.293991,0.30512,282985619.8
20-07-1989,Thursday,July,1989,Q3,0.307333,0.310888,0.299788,0.301704,279550585.7
21-07-1989,Friday,July,1989,Q3,0.299788,0.301704,0.293991,0.301704,165173376.1
24-07-1989,Monday,July,1989,Q3,0.299788,0.299788,0.295847,0.295847,137348231.4
25-07-1989,Tuesday,July,1989,Q3,0.295847,0.299788,0.286542,0.292192,248489378.4
26-07-1989,Wednesday,July,1989,Q3,0.288281,0.290206,0.284705,0.288281,276791962
27-07-1989,Thursday,July,1989,Q3,0.288281,0.298019,0.286542,0.295847,204948091.8
28-07-1989,Friday,July,1989,Q3,0.295847,0.299788,0.293991,0.297102,141313810.3
31-07-1989,Monday,July,1989,Q3,0.295847,0.301704,0.293991,0.299788,132467559.2
01-08-1989,Tuesday,August,1989,Q3,0.299788,0.303433,0.295847,0.300715,165239640.2
02-08-1989,Wednesday,August,1989,Q3,0.299788,0.30512,0.298019,0.30512,120080170.9
03-08-1989,Thursday,August,1989,Q3,0.30512,0.313062,0.30512,0.310888,204788901.9
04-08-1989,Friday,August,1989,Q3,0.310888,0.322365,0.310049,0.322365,217123200.6
07-08-1989,Monday,August,1989,Q3,0.324263,0.331758,0.32121,0.329971,199192078.3
08-08-1989,Tuesday,August,1989,Q3,0.328103,0.337437,0.328103,0.332627,244165816.5
09-08-1989,Wednesday,August,1989,Q3,0.331758,0.345053,0.330909,0.331758,231102023.9
10-08-1989,Thursday,August,1989,Q3,0.331758,0.331758,0.322365,0.326,180425408.4
11-08-1989,Friday,August,1989,Q3,0.331758,0.331758,0.310888,0.315785,272455067.8
14-08-1989,Monday,August,1989,Q3,0.313062,0.316676,0.30512,0.307333,121764640.9
15-08-1989,Tuesday,August,1989,Q3,0.307333,0.313062,0.307333,0.312133,193886992
16-08-1989,Wednesday,August,1989,Q3,0.313062,0.314822,0.301704,0.304586,142732900.1
17-08-1989,Thursday,August,1989,Q3,0.303433,0.310888,0.301704,0.30916,181552708.4
18-08-1989,Friday,August,1989,Q3,0.314822,0.32027,0.313062,0.318515,99549599.54
21-08-1989,Monday,August,1989,Q3,0.318515,0.326,0.316676,0.318515,163210460.8
22-08-1989,Tuesday,August,1989,Q3,0.316676,0.324263,0.316676,0.323294,132427786.8
23-08-1989,Wednesday,August,1989,Q3,0.324263,0.333507,0.32027,0.329971,205624505.1
24-08-1989,Thursday,August,1989,Q3,0.329971,0.335413,0.328103,0.332627,192932093.8
25-08-1989,Friday,August,1989,Q3,0.331758,0.339275,0.331758,0.337437,191115071.3
28-08-1989,Monday,August,1989,Q3,0.335413,0.339275,0.331758,0.337437,96698162.44
29-08-1989,Tuesday,August,1989,Q3,0.337437,0.339275,0.329971,0.332627,209483900.7
30-08-1989,Wednesday,August,1989,Q3,0.331758,0.337437,0.331758,0.335413,137480898.3
31-08-1989,Thursday,August,1989,Q3,0.335413,0.339275,0.333507,0.335413,66658226.68
01-09-1989,Friday,September,1989,Q3,0.335413,0.337437,0.333507,0.336332,87772392.92
05-09-1989,Tuesday,September,1989,Q3,0.335413,0.342315,0.335413,0.337437,135968922.1
06-09-1989,Wednesday,September,1989,Q3,0.337437,0.338326,0.331758,0.337437,102732621.2
07-09-1989,Thursday,September,1989,Q3,0.337437,0.343225,0.337437,0.337437,134868112.8
08-09-1989,Friday,September,1989,Q3,0.337437,0.341152,0.335413,0.339275,66114359.63
11-09-1989,Monday,September,1989,Q3,0.337437,0.346839,0.335413,0.345053,116751297.8
12-09-1989,Tuesday,September,1989,Q3,0.343225,0.352568,0.339275,0.346839,122666430.3
13-09-1989,Wednesday,September,1989,Q3,0.348608,0.351364,0.339275,0.339275,152388097.7
14-09-1989,Thursday,September,1989,Q3,0.339275,0.341152,0.335413,0.337437,155465064.6
15-09-1989,Friday,September,1989,Q3,0.339275,0.341152,0.333507,0.339275,147865505.7
18-09-1989,Monday,September,1989,Q3,0.335413,0.339275,0.331758,0.331758,74788159.28
19-09-1989,Tuesday,September,1989,Q3,0.333507,0.335413,0.324263,0.326,95676894.89
20-09-1989,Wednesday,September,1989,Q3,0.331758,0.339275,0.329971,0.336332,139907882.7
21-09-1989,Thursday,September,1989,Q3,0.339275,0.346839,0.333507,0.337437,237972120.3
22-09-1989,Friday,September,1989,Q3,0.337437,0.341152,0.333507,0.338326,85849316.79
25-09-1989,Monday,September,1989,Q3,0.337437,0.345053,0.337437,0.341152,161234292
26-09-1989,Tuesday,September,1989,Q3,0.339275,0.343225,0.337437,0.341152,91565481.89
27-09-1989,Wednesday,September,1989,Q3,0.333507,0.340271,0.331758,0.337437,106724719
28-09-1989,Thursday,September,1989,Q3,0.339275,0.345053,0.339275,0.343225,94045568.12
29-09-1989,Friday,September,1989,Q3,0.341152,0.343225,0.335413,0.335413,82666210.1
02-10-1989,Monday,October,1989,Q4,0.335413,0.337437,0.329971,0.3348,162706460.3
03-10-1989,Tuesday,October,1989,Q4,0.333507,0.335413,0.325181,0.328764,201897659
04-10-1989,Wednesday,October,1989,Q4,0.329971,0.336332,0.328103,0.333507,188489073.9
05-10-1989,Thursday,October,1989,Q4,0.335413,0.350494,0.333507,0.343225,290452497.7
06-10-1989,Friday,October,1989,Q4,0.348608,0.363719,0.346839,0.362869,428318007.3
09-10-1989,Monday,October,1989,Q4,0.361942,0.375188,0.358307,0.373348,231566275.2
10-10-1989,Tuesday,October,1989,Q4,0.375188,0.380025,0.365577,0.373348,340001808.1
11-10-1989,Wednesday,October,1989,Q4,0.36762,0.371354,0.361942,0.368462,185863133.3
12-10-1989,Thursday,October,1989,Q4,0.369446,0.371354,0.365577,0.36762,97865248.98
13-10-1989,Friday,October,1989,Q4,0.36762,0.373348,0.339275,0.345053,238157798.8
16-10-1989,Monday,October,1989,Q4,0.337437,0.352568,0.32027,0.352568,503172496.5
17-10-1989,Tuesday,October,1989,Q4,0.346839,0.36762,0.339275,0.356184,296089175.7
18-10-1989,Wednesday,October,1989,Q4,0.350494,0.363719,0.346839,0.363719,170558022.5
19-10-1989,Thursday,October,1989,Q4,0.363719,0.373348,0.363719,0.36762,132507328.6
20-10-1989,Friday,October,1989,Q4,0.360034,0.371354,0.358307,0.361942,309670139.2
23-10-1989,Monday,October,1989,Q4,0.361942,0.363719,0.348608,0.352568,144417297.2
24-10-1989,Tuesday,October,1989,Q4,0.348608,0.365577,0.341152,0.35897,256301200.6
25-10-1989,Wednesday,October,1989,Q4,0.360034,0.360034,0.348608,0.350494,141088304.7
26-10-1989,Thursday,October,1989,Q4,0.343225,0.350494,0.339275,0.341152,200438748.1
27-10-1989,Friday,October,1989,Q4,0.341152,0.345053,0.335413,0.341152,153250170.3
30-10-1989,Monday,October,1989,Q4,0.343225,0.346839,0.339275,0.345053,102997906.2
31-10-1989,Tuesday,October,1989,Q4,0.345053,0.350494,0.343225,0.350494,108939631.6
01-11-1989,Wednesday,November,1989,Q4,0.348608,0.352568,0.345053,0.34768,72453936.59
02-11-1989,Thursday,November,1989,Q4,0.339275,0.339275,0.324263,0.331758,536037427.3
03-11-1989,Friday,November,1989,Q4,0.331758,0.335413,0.326,0.326,206818154.2
06-11-1989,Monday,November,1989,Q4,0.328103,0.331758,0.324263,0.326,145756744
07-11-1989,Tuesday,November,1989,Q4,0.326,0.335413,0.326,0.331758,179191956.6
08-11-1989,Wednesday,November,1989,Q4,0.333507,0.341152,0.333507,0.339275,168900120
09-11-1989,Thursday,November,1989,Q4,0.339275,0.346839,0.335413,0.346839,104430299.1
10-11-1989,Friday,November,1989,Q4,0.345053,0.354367,0.345053,0.352568,76804124.76
13-11-1989,Monday,November,1989,Q4,0.350494,0.356184,0.350494,0.350494,80544203.09
14-11-1989,Tuesday,November,1989,Q4,0.350494,0.352568,0.335413,0.337437,99920926.12
15-11-1989,Wednesday,November,1989,Q4,0.339275,0.341152,0.331758,0.333507,115796459.4
16-11-1989,Thursday,November,1989,Q4,0.335413,0.337437,0.329971,0.337437,114350769.6
17-11-1989,Friday,November,1989,Q4,0.335413,0.341152,0.335413,0.337437,104868010.2
20-11-1989,Monday,November,1989,Q4,0.339275,0.343225,0.335413,0.341152,127971495.4
21-11-1989,Tuesday,November,1989,Q4,0.341152,0.350494,0.341152,0.341152,166075187.8
22-11-1989,Wednesday,November,1989,Q4,0.343225,0.345053,0.335413,0.337437,115982032.6
24-11-1989,Friday,November,1989,Q4,0.337437,0.339275,0.337437,0.337437,32984218.68
27-11-1989,Monday,November,1989,Q4,0.337437,0.341152,0.329971,0.331758,124509967.7
28-11-1989,Tuesday,November,1989,Q4,0.329971,0.333507,0.322365,0.332627,160305883.4
29-11-1989,Wednesday,November,1989,Q4,0.328103,0.333507,0.32027,0.331758,181115099.5
30-11-1989,Thursday,November,1989,Q4,0.329971,0.335413,0.328103,0.333507,75133022.55
01-12-1989,Friday,December,1989,Q4,0.335413,0.339275,0.328764,0.331758,173157449.2
04-12-1989,Monday,December,1989,Q4,0.329971,0.343225,0.329971,0.341152,115292384
05-12-1989,Tuesday,December,1989,Q4,0.341152,0.345053,0.335413,0.339275,144191789.6
06-12-1989,Wednesday,December,1989,Q4,0.339275,0.341152,0.30916,0.322365,396673297.2
07-12-1989,Thursday,December,1989,Q4,0.318515,0.326,0.316676,0.322365,211274317.1
08-12-1989,Friday,December,1989,Q4,0.32027,0.324263,0.310888,0.314822,299099791.5
11-12-1989,Monday,December,1989,Q4,0.30916,0.313062,0.289565,0.295847,769725648.8
12-12-1989,Tuesday,December,1989,Q4,0.295847,0.298019,0.263906,0.271471,1214263905
13-12-1989,Wednesday,December,1989,Q4,0.271471,0.275056,0.267787,0.271471,461540961.7
14-12-1989,Thursday,December,1989,Q4,0.269663,0.272281,0.259944,0.263008,360877312.6
15-12-1989,Friday,December,1989,Q4,0.262078,0.263906,0.244933,0.254542,613597486
18-12-1989,Monday,December,1989,Q4,0.254542,0.263906,0.254542,0.262078,363781860.6
19-12-1989,Tuesday,December,1989,Q4,0.259944,0.267787,0.259944,0.263906,297455216.4
20-12-1989,Wednesday,December,1989,Q4,0.269663,0.27322,0.265732,0.269663,210770418.9
21-12-1989,Thursday,December,1989,Q4,0.269663,0.27322,0.267787,0.27322,360943612.1
22-12-1989,Friday,December,1989,Q4,0.27322,0.280756,0.271471,0.275056,218582136.8
26-12-1989,Tuesday,December,1989,Q4,0.27715,0.27715,0.265732,0.267787,160199870.3
27-12-1989,Wednesday,December,1989,Q4,0.267787,0.269663,0.263906,0.264823,304338530.8
28-12-1989,Thursday,December,1989,Q4,0.263906,0.265732,0.258128,0.260913,179112410.8
29-12-1989,Friday,December,1989,Q4,0.262078,0.269663,0.259393,0.265732,180478468.7
02-01-1990,Tuesday,January,1990,Q1,0.265732,0.282909,0.263906,0.280756,216937521.2
03-01-1990,Wednesday,January,1990,Q1,0.286542,0.286542,0.282909,0.282909,246301062.8
04-01-1990,Thursday,January,1990,Q1,0.288281,0.292192,0.280756,0.28348,262309172.7
05-01-1990,Friday,January,1990,Q1,0.284705,0.288281,0.278937,0.284705,146022052.4
08-01-1990,Monday,January,1990,Q1,0.282909,0.286542,0.278937,0.286542,120279127.1
09-01-1990,Tuesday,January,1990,Q1,0.286542,0.286542,0.278937,0.28348,102003199.2
10-01-1990,Wednesday,January,1990,Q1,0.28348,0.28348,0.269663,0.271471,236499941.9
11-01-1990,Thursday,January,1990,Q1,0.27322,0.27322,0.259944,0.259944,249921817.8
12-01-1990,Friday,January,1990,Q1,0.258128,0.262078,0.254542,0.259944,203555516.9
15-01-1990,Monday,January,1990,Q1,0.259944,0.269663,0.258128,0.258128,191526240.1
16-01-1990,Tuesday,January,1990,Q1,0.252706,0.263906,0.246946,0.263008,253701652.3
17-01-1990,Wednesday,January,1990,Q1,0.262078,0.262078,0.248853,0.250631,233635235.2
18-01-1990,Thursday,January,1990,Q1,0.248853,0.252706,0.243126,0.244319,323622442.4
19-01-1990,Friday,January,1990,Q1,0.254542,0.259944,0.252706,0.258128,313967220.5
22-01-1990,Monday,January,1990,Q1,0.256389,0.259944,0.250631,0.250631,172427973.6
23-01-1990,Tuesday,January,1990,Q1,0.254542,0.258128,0.248853,0.254542,166817863.2
24-01-1990,Wednesday,January,1990,Q1,0.244933,0.258128,0.243126,0.256389,201062081
25-01-1990,Thursday,January,1990,Q1,0.258128,0.262078,0.256389,0.257279,132082972.2
26-01-1990,Friday,January,1990,Q1,0.256389,0.256389,0.243126,0.246946,214629824.5
29-01-1990,Monday,January,1990,Q1,0.248853,0.252706,0.242137,0.250631,142016674.8
30-01-1990,Tuesday,January,1990,Q1,0.250631,0.259944,0.248853,0.256389,137892000.3
31-01-1990,Wednesday,January,1990,Q1,0.259944,0.262078,0.248853,0.256389,170451870.6
01-02-1990,Thursday,February,1990,Q1,0.259944,0.260913,0.252706,0.253327,138634701
02-02-1990,Friday,February,1990,Q1,0.250631,0.262078,0.250631,0.258128,140292602.5
05-02-1990,Monday,February,1990,Q1,0.258128,0.265732,0.256389,0.263906,120491437.9
06-02-1990,Tuesday,February,1990,Q1,0.262078,0.263906,0.256389,0.262078,87533640.02
07-02-1990,Wednesday,February,1990,Q1,0.248853,0.256389,0.244933,0.250631,369988739.3
08-02-1990,Thursday,February,1990,Q1,0.250631,0.252706,0.243126,0.248853,221009114.2
09-02-1990,Friday,February,1990,Q1,0.252706,0.259944,0.250631,0.258128,199032891.5
12-02-1990,Monday,February,1990,Q1,0.258128,0.259944,0.254542,0.256389,88714014.41
13-02-1990,Tuesday,February,1990,Q1,0.256389,0.263906,0.254542,0.259944,120982053.4
14-02-1990,Wednesday,February,1990,Q1,0.259944,0.262078,0.254542,0.258128,113753930.4
15-02-1990,Thursday,February,1990,Q1,0.254542,0.258128,0.252706,0.258128,116008598.1
16-02-1990,Friday,February,1990,Q1,0.258128,0.259944,0.254542,0.254542,150637452.7
20-02-1990,Tuesday,February,1990,Q1,0.252706,0.254542,0.248853,0.252706,145942449.8
21-02-1990,Wednesday,February,1990,Q1,0.246946,0.258128,0.244933,0.256389,208303541.5
22-02-1990,Thursday,February,1990,Q1,0.256389,0.259944,0.248853,0.248853,231128584.4
23-02-1990,Friday,February,1990,Q1,0.246946,0.252706,0.246946,0.250631,177573926.8
26-02-1990,Monday,February,1990,Q1,0.248853,0.258128,0.248853,0.256389,94271025.08
27-02-1990,Tuesday,February,1990,Q1,0.256389,0.258128,0.252706,0.252706,87573441.79
28-02-1990,Wednesday,February,1990,Q1,0.252706,0.256389,0.250631,0.256389,129470153.3
01-03-1990,Thursday,March,1990,Q1,0.252706,0.262078,0.250631,0.258128,241446906.5
02-03-1990,Friday,March,1990,Q1,0.252706,0.262078,0.250631,0.254542,124218209.2
05-03-1990,Monday,March,1990,Q1,0.252706,0.262078,0.252706,0.259944,216075468.8
06-03-1990,Tuesday,March,1990,Q1,0.263906,0.265732,0.259944,0.265732,184749003.7
07-03-1990,Wednesday,March,1990,Q1,0.263906,0.271471,0.263906,0.266829,241831558.4
08-03-1990,Thursday,March,1990,Q1,0.269663,0.278937,0.263906,0.27715,265067764
09-03-1990,Friday,March,1990,Q1,0.27715,0.282909,0.27322,0.278087,272919329.3
12-03-1990,Monday,March,1990,Q1,0.280756,0.282909,0.27322,0.275964,194152244.6
13-03-1990,Tuesday,March,1990,Q1,0.275056,0.280756,0.27322,0.278087,175942557.5
14-03-1990,Wednesday,March,1990,Q1,0.27715,0.280756,0.275056,0.278937,120531174.9
15-03-1990,Thursday,March,1990,Q1,0.275056,0.286542,0.275056,0.27715,142374814.8
16-03-1990,Friday,March,1990,Q1,0.301704,0.307333,0.294978,0.303433,763505496.4
19-03-1990,Monday,March,1990,Q1,0.30512,0.32027,0.301704,0.319709,511315787.8
20-03-1990,Tuesday,March,1990,Q1,0.318515,0.324263,0.307333,0.312133,463384467.7
21-03-1990,Wednesday,March,1990,Q1,0.310888,0.318515,0.310888,0.313693,180863037.5
22-03-1990,Thursday,March,1990,Q1,0.314822,0.318515,0.307333,0.307333,274325141.4
23-03-1990,Friday,March,1990,Q1,0.310888,0.324263,0.30916,0.318515,269974992.7
26-03-1990,Monday,March,1990,Q1,0.32027,0.327273,0.316676,0.318515,151645432.4
27-03-1990,Tuesday,March,1990,Q1,0.316676,0.318515,0.310888,0.316676,100186199
28-03-1990,Wednesday,March,1990,Q1,0.316676,0.317615,0.30916,0.310888,121897237.9
29-03-1990,Thursday,March,1990,Q1,0.30916,0.313062,0.307333,0.310049,114735394.1
30-03-1990,Friday,March,1990,Q1,0.301704,0.30916,0.301704,0.303433,264484243
02-04-1990,Monday,April,1990,Q2,0.301704,0.306059,0.298019,0.303433,176168077.2
03-04-1990,Tuesday,April,1990,Q2,0.30512,0.314822,0.30512,0.314822,165438601.4
04-04-1990,Wednesday,April,1990,Q2,0.313062,0.316676,0.307333,0.310888,177308650.8
05-04-1990,Thursday,April,1990,Q2,0.30916,0.310888,0.301704,0.303433,128117387.3
06-04-1990,Friday,April,1990,Q2,0.303433,0.310888,0.299788,0.300715,140014035.6
09-04-1990,Monday,April,1990,Q2,0.299788,0.313062,0.298019,0.310049,124907820.3
10-04-1990,Tuesday,April,1990,Q2,0.310888,0.316676,0.30916,0.310888,155504851.2
11-04-1990,Wednesday,April,1990,Q2,0.313062,0.324263,0.313062,0.32027,252415193.9
12-04-1990,Thursday,April,1990,Q2,0.324263,0.331758,0.32027,0.326,250810394.2
16-04-1990,Monday,April,1990,Q2,0.328103,0.333507,0.326,0.329971,268675147.2
17-04-1990,Tuesday,April,1990,Q2,0.326,0.328103,0.322365,0.326,155252819.6
18-04-1990,Wednesday,April,1990,Q2,0.326,0.329971,0.32027,0.326,229072903.2
19-04-1990,Thursday,April,1990,Q2,0.314822,0.325181,0.301704,0.303433,570148996.6
20-04-1990,Friday,April,1990,Q2,0.308302,0.313062,0.299788,0.303433,383105508.1
23-04-1990,Monday,April,1990,Q2,0.303433,0.30512,0.298019,0.299788,151990231.9
24-04-1990,Tuesday,April,1990,Q2,0.301704,0.30512,0.290206,0.292192,359670376.7
25-04-1990,Wednesday,April,1990,Q2,0.292192,0.293991,0.288281,0.292192,156990297.2
26-04-1990,Thursday,April,1990,Q2,0.293991,0.298019,0.287392,0.29306,168343045.1
27-04-1990,Friday,April,1990,Q2,0.293991,0.298019,0.292192,0.294978,137852232.9
30-04-1990,Monday,April,1990,Q2,0.295847,0.299788,0.293991,0.297102,161512856.8
01-05-1990,Tuesday,May,1990,Q2,0.299788,0.301704,0.297102,0.298543,193741105.1
02-05-1990,Wednesday,May,1990,Q2,0.299788,0.301704,0.295847,0.299788,160372204.2
03-05-1990,Thursday,May,1990,Q2,0.299788,0.303433,0.299788,0.301704,196937478.4
04-05-1990,Friday,May,1990,Q2,0.301704,0.307333,0.295847,0.301704,200757036.7
07-05-1990,Monday,May,1990,Q2,0.299788,0.314822,0.299788,0.313062,161035358.1
08-05-1990,Tuesday,May,1990,Q2,0.30916,0.316676,0.30916,0.314822,133170478.4
09-05-1990,Wednesday,May,1990,Q2,0.313693,0.316676,0.310888,0.315785,115146533.6
10-05-1990,Thursday,May,1990,Q2,0.314822,0.314822,0.30512,0.312133,212017076.5
11-05-1990,Friday,May,1990,Q2,0.312133,0.322365,0.307333,0.32121,254882043.9
14-05-1990,Monday,May,1990,Q2,0.322365,0.322365,0.310888,0.314822,268078393
15-05-1990,Tuesday,May,1990,Q2,0.312133,0.316676,0.30916,0.314822,176897486.1
16-05-1990,Wednesday,May,1990,Q2,0.314822,0.314822,0.30916,0.313693,103382494.3
17-05-1990,Thursday,May,1990,Q2,0.314822,0.318515,0.30916,0.313062,181871056.7
18-05-1990,Friday,May,1990,Q2,0.310888,0.313062,0.298019,0.299788,306062683.1
21-05-1990,Monday,May,1990,Q2,0.298019,0.301704,0.292192,0.298019,310823974.3
22-05-1990,Tuesday,May,1990,Q2,0.302484,0.313062,0.301704,0.312133,356540414.3
23-05-1990,Wednesday,May,1990,Q2,0.310888,0.32027,0.310888,0.316676,245730745.6
24-05-1990,Thursday,May,1990,Q2,0.318515,0.318515,0.313062,0.316676,175412045.1
25-05-1990,Friday,May,1990,Q2,0.298019,0.307333,0.293991,0.301704,382866836.2
29-05-1990,Tuesday,May,1990,Q2,0.301704,0.310888,0.295847,0.30916,287998925.4
30-05-1990,Wednesday,May,1990,Q2,0.313693,0.314822,0.310888,0.312133,327800187.3
31-05-1990,Thursday,May,1990,Q2,0.313062,0.313062,0.30916,0.310888,122069641.7
01-06-1990,Friday,June,1990,Q2,0.312133,0.316676,0.307333,0.307333,186194688.5
04-06-1990,Monday,June,1990,Q2,0.307333,0.30916,0.299788,0.307333,212468074.5
05-06-1990,Tuesday,June,1990,Q2,0.30916,0.30916,0.293991,0.298019,354577499.9
06-06-1990,Wednesday,June,1990,Q2,0.293991,0.298019,0.292192,0.298019,250744080.5
07-06-1990,Thursday,June,1990,Q2,0.298019,0.299788,0.290206,0.293991,220770467.6
08-06-1990,Friday,June,1990,Q2,0.290206,0.290206,0.282909,0.288281,395373557
11-06-1990,Monday,June,1990,Q2,0.284705,0.293991,0.284705,0.293991,186977127.2
12-06-1990,Tuesday,June,1990,Q2,0.294978,0.30512,0.292192,0.30512,195425492.1
13-06-1990,Wednesday,June,1990,Q2,0.304586,0.307333,0.299788,0.299788,164536679.5
14-06-1990,Thursday,June,1990,Q2,0.301704,0.303433,0.295847,0.299788,166168013.3
15-06-1990,Friday,June,1990,Q2,0.299788,0.301704,0.294978,0.298019,170690607.3
18-06-1990,Monday,June,1990,Q2,0.295847,0.298019,0.293991,0.295847,131910506.6
19-06-1990,Tuesday,June,1990,Q2,0.293991,0.299788,0.289565,0.298543,186181377.3
20-06-1990,Wednesday,June,1990,Q2,0.300715,0.303433,0.299788,0.301704,183237096.4
21-06-1990,Thursday,June,1990,Q2,0.301704,0.316676,0.301704,0.315785,247017264.8
22-06-1990,Friday,June,1990,Q2,0.316676,0.32121,0.310888,0.313062,336275052
25-06-1990,Monday,June,1990,Q2,0.313062,0.314822,0.303433,0.310888,144470241
26-06-1990,Tuesday,June,1990,Q2,0.314822,0.316676,0.304586,0.306059,150690438
27-06-1990,Wednesday,June,1990,Q2,0.307333,0.316676,0.303433,0.313062,115133258.9
28-06-1990,Thursday,June,1990,Q2,0.322365,0.326,0.314822,0.324263,295969759.2
29-06-1990,Friday,June,1990,Q2,0.324263,0.338326,0.322365,0.337437,385081672.9
02-07-1990,Monday,July,1990,Q3,0.335413,0.335413,0.329971,0.331758,160345712.5
03-07-1990,Tuesday,July,1990,Q3,0.330909,0.335413,0.329971,0.331758,117825530.5
05-07-1990,Thursday,July,1990,Q3,0.329971,0.333507,0.326,0.328103,127255391.6
06-07-1990,Friday,July,1990,Q3,0.328103,0.339275,0.326,0.337437,247561009.3
09-07-1990,Monday,July,1990,Q3,0.339275,0.354367,0.337437,0.351364,373556429
10-07-1990,Tuesday,July,1990,Q3,0.354367,0.358307,0.352568,0.354367,427986446.1
11-07-1990,Wednesday,July,1990,Q3,0.352568,0.354367,0.345053,0.354367,291486951.8
12-07-1990,Thursday,July,1990,Q3,0.352568,0.358307,0.350494,0.357388,216075468.8
13-07-1990,Friday,July,1990,Q3,0.358307,0.360034,0.352568,0.352568,273516070.3
16-07-1990,Monday,July,1990,Q3,0.352568,0.355275,0.341152,0.343806,212799577
17-07-1990,Tuesday,July,1990,Q3,0.345053,0.346839,0.331758,0.333507,162056571
18-07-1990,Wednesday,July,1990,Q3,0.335413,0.339275,0.324263,0.336332,341474054.4
19-07-1990,Thursday,July,1990,Q3,0.307333,0.32027,0.301704,0.314822,693903013.1
20-07-1990,Friday,July,1990,Q3,0.316676,0.32027,0.307333,0.30916,227176317.7
23-07-1990,Monday,July,1990,Q3,0.30916,0.314822,0.301704,0.313062,319948704.1
24-07-1990,Tuesday,July,1990,Q3,0.316676,0.318515,0.30916,0.317615,229629914.3
25-07-1990,Wednesday,July,1990,Q3,0.316676,0.326,0.314822,0.318515,124244712
26-07-1990,Thursday,July,1990,Q3,0.318515,0.32027,0.30916,0.312133,95133105.8
27-07-1990,Friday,July,1990,Q3,0.310888,0.314822,0.30512,0.312133,73793535.26
30-07-1990,Monday,July,1990,Q3,0.307333,0.32027,0.307333,0.319709,101194198
31-07-1990,Tuesday,July,1990,Q3,0.32027,0.322365,0.313062,0.316676,113687669.3
01-08-1990,Wednesday,August,1990,Q3,0.316676,0.322365,0.313062,0.319709,110730039.9
02-08-1990,Thursday,August,1990,Q3,0.310888,0.329971,0.310888,0.328103,264218937.7
03-08-1990,Friday,August,1990,Q3,0.328103,0.329971,0.299788,0.310888,318503022.4
06-08-1990,Monday,August,1990,Q3,0.293991,0.30512,0.290206,0.298019,212746531.9
07-08-1990,Tuesday,August,1990,Q3,0.303433,0.306059,0.292192,0.298019,235094128.8
08-08-1990,Wednesday,August,1990,Q3,0.298019,0.307333,0.298019,0.302484,121419799.9
09-08-1990,Thursday,August,1990,Q3,0.303433,0.30512,0.295847,0.298019,114138544.8
10-08-1990,Friday,August,1990,Q3,0.292192,0.295847,0.288281,0.292192,121618705.5
13-08-1990,Monday,August,1990,Q3,0.286542,0.301704,0.285633,0.300715,184868359.4
14-08-1990,Tuesday,August,1990,Q3,0.301704,0.301704,0.295847,0.299788,116247272
15-08-1990,Wednesday,August,1990,Q3,0.301704,0.303433,0.295847,0.295847,109005861.2
16-08-1990,Thursday,August,1990,Q3,0.293991,0.298543,0.290206,0.290206,146711672.6
17-08-1990,Friday,August,1990,Q3,0.290206,0.290206,0.269663,0.275056,291433957.4
20-08-1990,Monday,August,1990,Q3,0.275056,0.282909,0.27322,0.27715,88886385.8
21-08-1990,Tuesday,August,1990,Q3,0.269663,0.27715,0.265732,0.27322,190703977.4
22-08-1990,Wednesday,August,1990,Q3,0.278937,0.278937,0.263008,0.264823,145319099.7
23-08-1990,Thursday,August,1990,Q3,0.258128,0.263906,0.252706,0.259944,170160035.2
24-08-1990,Friday,August,1990,Q3,0.265732,0.271471,0.262078,0.267787,86936810.94
27-08-1990,Monday,August,1990,Q3,0.27715,0.286542,0.27322,0.284705,139098899.7
28-08-1990,Tuesday,August,1990,Q3,0.282909,0.289565,0.280756,0.287392,94960731.37
29-08-1990,Wednesday,August,1990,Q3,0.286542,0.287392,0.27715,0.280756,178727778.1
30-08-1990,Thursday,August,1990,Q3,0.280756,0.282909,0.271471,0.27322,145173201.8
31-08-1990,Friday,August,1990,Q3,0.271471,0.280756,0.271471,0.278937,117772528.9
04-09-1990,Tuesday,September,1990,Q3,0.275056,0.282909,0.275056,0.278937,97984642.13
05-09-1990,Wednesday,September,1990,Q3,0.280756,0.280756,0.269663,0.271471,75849220.49
06-09-1990,Thursday,September,1990,Q3,0.267787,0.271471,0.265732,0.269663,103767134.1
07-09-1990,Friday,September,1990,Q3,0.267787,0.27715,0.264823,0.274512,68886305.59
10-09-1990,Monday,September,1990,Q3,0.278937,0.278937,0.269663,0.269663,89973948.79
11-09-1990,Tuesday,September,1990,Q3,0.271471,0.272281,0.254542,0.256389,211101934.6
12-09-1990,Wednesday,September,1990,Q3,0.259944,0.259944,0.252706,0.256389,118899904.8
13-09-1990,Thursday,September,1990,Q3,0.259944,0.262078,0.248853,0.254542,115173021.2
14-09-1990,Friday,September,1990,Q3,0.252706,0.258128,0.250631,0.256389,134894606.5
17-09-1990,Monday,September,1990,Q3,0.256389,0.265732,0.252706,0.254542,91976596.05
18-09-1990,Tuesday,September,1990,Q3,0.254542,0.254542,0.248853,0.251844,147560500.9
19-09-1990,Wednesday,September,1990,Q3,0.250631,0.254542,0.241218,0.244933,216062169.8
20-09-1990,Thursday,September,1990,Q3,0.243126,0.243126,0.23553,0.238641,119523183
21-09-1990,Friday,September,1990,Q3,0.241218,0.244933,0.233753,0.237672,182202613.9
24-09-1990,Monday,September,1990,Q3,0.237672,0.237672,0.224329,0.228042,164006170.1
25-09-1990,Tuesday,September,1990,Q3,0.2298,0.231954,0.220458,0.226186,187043478.3
26-09-1990,Wednesday,September,1990,Q3,0.226186,0.2298,0.224329,0.224329,111472768.9
27-09-1990,Thursday,September,1990,Q3,0.226186,0.2298,0.211173,0.212863,168555290.2
28-09-1990,Friday,September,1990,Q3,0.21469,0.218661,0.205464,0.218661,208462652.4
01-10-1990,Monday,October,1990,Q4,0.22261,0.233753,0.220458,0.2298,184324627
02-10-1990,Tuesday,October,1990,Q4,0.233753,0.241218,0.22261,0.22348,320890366.1
03-10-1990,Wednesday,October,1990,Q4,0.224329,0.224329,0.201741,0.20357,317640973.1
04-10-1990,Thursday,October,1990,Q4,0.201741,0.211173,0.197879,0.211173,252813007.1
05-10-1990,Friday,October,1990,Q4,0.20357,0.216873,0.20357,0.211173,117812370.2
08-10-1990,Monday,October,1990,Q4,0.216873,0.220458,0.212863,0.219569,72865109.48
09-10-1990,Tuesday,October,1990,Q4,0.21469,0.218661,0.209308,0.211173,142785926.9
10-10-1990,Wednesday,October,1990,Q4,0.205464,0.211173,0.196033,0.199699,175146838
11-10-1990,Thursday,October,1990,Q4,0.201741,0.210197,0.192468,0.209308,243913829.4
12-10-1990,Friday,October,1990,Q4,0.212863,0.21469,0.20357,0.212863,270757409.1
15-10-1990,Monday,October,1990,Q4,0.21469,0.216873,0.200832,0.209308,238038408.7
16-10-1990,Tuesday,October,1990,Q4,0.207431,0.207431,0.182719,0.188457,361447641.9
17-10-1990,Wednesday,October,1990,Q4,0.190265,0.199699,0.188457,0.199699,365983418.5
18-10-1990,Thursday,October,1990,Q4,0.199699,0.216873,0.199699,0.21469,373012649.1
19-10-1990,Friday,October,1990,Q4,0.23553,0.239442,0.228042,0.236438,1105695647
22-10-1990,Monday,October,1990,Q4,0.237672,0.237672,0.2298,0.23465,299285419.4
23-10-1990,Tuesday,October,1990,Q4,0.233753,0.237672,0.228042,0.233753,197812738.6
24-10-1990,Wednesday,October,1990,Q4,0.231954,0.233753,0.226186,0.2298,167945191.5
25-10-1990,Thursday,October,1990,Q4,0.228042,0.23553,0.22348,0.226186,181725087.9
26-10-1990,Friday,October,1990,Q4,0.224329,0.23553,0.224329,0.226186,158913344
29-10-1990,Monday,October,1990,Q4,0.228042,0.2298,0.224329,0.225257,146220958.9
30-10-1990,Tuesday,October,1990,Q4,0.224329,0.231954,0.21779,0.228941,116101429.8
31-10-1990,Wednesday,October,1990,Q4,0.2298,0.240408,0.228042,0.231954,176154840
01-11-1990,Thursday,November,1990,Q4,0.2298,0.233753,0.224329,0.2298,107348071.1
02-11-1990,Friday,November,1990,Q4,0.2298,0.244319,0.2298,0.239442,175982395.7
05-11-1990,Monday,November,1990,Q4,0.243126,0.252706,0.241218,0.250631,218449514.5
06-11-1990,Tuesday,November,1990,Q4,0.252706,0.259944,0.250631,0.252706,218794303.9
07-11-1990,Wednesday,November,1990,Q4,0.252706,0.254542,0.24586,0.250631,240359423.5
08-11-1990,Thursday,November,1990,Q4,0.248853,0.263906,0.248853,0.259944,235942964.2
09-11-1990,Friday,November,1990,Q4,0.263906,0.269663,0.259944,0.267787,234735985.8
12-11-1990,Monday,November,1990,Q4,0.267787,0.27715,0.265732,0.27322,171764872.3
13-11-1990,Tuesday,November,1990,Q4,0.27322,0.275056,0.269663,0.271471,168091080.3
14-11-1990,Wednesday,November,1990,Q4,0.269663,0.280756,0.269663,0.278937,225876472.2
15-11-1990,Thursday,November,1990,Q4,0.27715,0.278937,0.267787,0.271471,191566017.6
16-11-1990,Friday,November,1990,Q4,0.269663,0.271471,0.262078,0.264823,216712041.9
19-11-1990,Monday,November,1990,Q4,0.267787,0.274512,0.265732,0.274512,265147290.6
20-11-1990,Tuesday,November,1990,Q4,0.275056,0.27715,0.265732,0.267787,181924074.5
21-11-1990,Wednesday,November,1990,Q4,0.265732,0.27322,0.262078,0.272281,145902659.2
23-11-1990,Friday,November,1990,Q4,0.27322,0.278937,0.271471,0.274512,62997719.49
26-11-1990,Monday,November,1990,Q4,0.271471,0.278937,0.271471,0.27715,96459428.78
27-11-1990,Tuesday,November,1990,Q4,0.278937,0.288281,0.27715,0.282909,194894949.4
28-11-1990,Wednesday,November,1990,Q4,0.284705,0.290206,0.27715,0.27715,207123182.3
29-11-1990,Thursday,November,1990,Q4,0.278937,0.278937,0.27322,0.27715,150040588.1
30-11-1990,Friday,November,1990,Q4,0.27322,0.280756,0.27322,0.27715,143886763.6
03-12-1990,Monday,December,1990,Q4,0.280756,0.288281,0.278937,0.287392,195863102
04-12-1990,Tuesday,December,1990,Q4,0.282909,0.292192,0.282909,0.290206,180173406.2
05-12-1990,Wednesday,December,1990,Q4,0.290206,0.303433,0.285633,0.302484,258608884
06-12-1990,Thursday,December,1990,Q4,0.310888,0.314822,0.30512,0.310888,630268729.6
07-12-1990,Friday,December,1990,Q4,0.30916,0.322365,0.30916,0.32027,390373520
10-12-1990,Monday,December,1990,Q4,0.318515,0.32027,0.313062,0.314822,296739011.4
11-12-1990,Tuesday,December,1990,Q4,0.310888,0.313062,0.301704,0.301704,411951846.5
12-12-1990,Wednesday,December,1990,Q4,0.299788,0.301704,0.293991,0.298543,286990977.1
13-12-1990,Thursday,December,1990,Q4,0.298019,0.30916,0.298019,0.307333,190332574.9
14-12-1990,Friday,December,1990,Q4,0.303433,0.30512,0.298019,0.300715,103104014.6
17-12-1990,Monday,December,1990,Q4,0.293991,0.30512,0.293991,0.302484,155252819.6
18-12-1990,Tuesday,December,1990,Q4,0.30916,0.32027,0.307333,0.318515,261685776.1
19-12-1990,Wednesday,December,1990,Q4,0.32027,0.32027,0.310049,0.315785,166565907.5
20-12-1990,Thursday,December,1990,Q4,0.310888,0.335413,0.310888,0.331758,474936270
21-12-1990,Friday,December,1990,Q4,0.333507,0.341152,0.328103,0.339275,409882927.1
24-12-1990,Monday,December,1990,Q4,0.337437,0.339275,0.331758,0.331758,69536173.66
26-12-1990,Wednesday,December,1990,Q4,0.331758,0.333507,0.324263,0.329971,122056392.3
27-12-1990,Thursday,December,1990,Q4,0.326,0.331758,0.326,0.328103,115637253.3
28-12-1990,Friday,December,1990,Q4,0.326,0.328103,0.322365,0.324263,75703369.1
31-12-1990,Monday,December,1990,Q4,0.324263,0.326,0.322365,0.324263,52427357.64
02-01-1991,Wednesday,January,1991,Q1,0.322365,0.331758,0.316676,0.328103,183528888.3
03-01-1991,Thursday,January,1991,Q1,0.328103,0.333507,0.324263,0.324263,177839171.3
04-01-1991,Friday,January,1991,Q1,0.324263,0.333507,0.324263,0.326,167587165.9
07-01-1991,Monday,January,1991,Q1,0.324263,0.341152,0.324263,0.326,368039131
08-01-1991,Tuesday,January,1991,Q1,0.329971,0.330909,0.32027,0.326,258966915.7
09-01-1991,Wednesday,January,1991,Q1,0.333507,0.346839,0.329971,0.341152,553318708.9
10-01-1991,Thursday,January,1991,Q1,0.345053,0.356184,0.345053,0.355275,515493521.6
11-01-1991,Friday,January,1991,Q1,0.354367,0.356184,0.346839,0.354367,364312313.2
14-01-1991,Monday,January,1991,Q1,0.346839,0.352568,0.346839,0.348608,249669809.5
15-01-1991,Tuesday,January,1991,Q1,0.350494,0.352568,0.346839,0.352568,227428295.7
16-01-1991,Wednesday,January,1991,Q1,0.354367,0.376984,0.352568,0.375188,462575479.6
17-01-1991,Thursday,January,1991,Q1,0.39567,0.397814,0.369446,0.386258,700640416.4
18-01-1991,Friday,January,1991,Q1,0.36762,0.3828,0.365577,0.378752,1116955678
21-01-1991,Monday,January,1991,Q1,0.375188,0.388508,0.375188,0.3828,384033914.7
22-01-1991,Tuesday,January,1991,Q1,0.384529,0.39567,0.380637,0.386258,506501417.1
23-01-1991,Wednesday,January,1991,Q1,0.386258,0.393912,0.384529,0.390297,289245649.9
24-01-1991,Thursday,January,1991,Q1,0.388508,0.397814,0.388508,0.392973,277017411.9
25-01-1991,Friday,January,1991,Q1,0.392017,0.404104,0.392017,0.403581,265027948.1
28-01-1991,Monday,January,1991,Q1,0.401378,0.41646,0.401378,0.410733,323847928.7
29-01-1991,Tuesday,January,1991,Q1,0.408996,0.410733,0.393912,0.40532,255253368.5
30-01-1991,Wednesday,January,1991,Q1,0.401378,0.42049,0.401378,0.418603,398795372.1
31-01-1991,Thursday,January,1991,Q1,0.418603,0.422219,0.412896,0.418603,287269486.2
01-02-1991,Friday,February,1991,Q1,0.418603,0.436421,0.418603,0.42049,526422013.3
04-02-1991,Monday,February,1991,Q1,0.42049,0.422219,0.414762,0.41646,317176822.9
05-02-1991,Tuesday,February,1991,Q1,0.41646,0.437331,0.412896,0.435514,421699920.3
06-02-1991,Wednesday,February,1991,Q1,0.435514,0.439158,0.425934,0.428817,263555764.6
07-02-1991,Thursday,February,1991,Q1,0.429765,0.443058,0.42049,0.435514,615971462.8
08-02-1991,Friday,February,1991,Q1,0.433705,0.454219,0.433705,0.451462,371301720.8
11-02-1991,Monday,February,1991,Q1,0.452422,0.463888,0.450585,0.462922,382521938.6
12-02-1991,Tuesday,February,1991,Q1,0.459999,0.461754,0.447899,0.452422,266142025
13-02-1991,Wednesday,February,1991,Q1,0.452422,0.454219,0.437331,0.452422,302614435.2
14-02-1991,Thursday,February,1991,Q1,0.452422,0.452422,0.427927,0.430682,447230551.9
15-02-1991,Friday,February,1991,Q1,0.431591,0.440917,0.431591,0.434337,432946639.8
19-02-1991,Tuesday,February,1991,Q1,0.433705,0.454219,0.432806,0.452422,267919221.4
20-02-1991,Wednesday,February,1991,Q1,0.448798,0.465676,0.446654,0.459999,252985524.2
21-02-1991,Thursday,February,1991,Q1,0.461754,0.469262,0.443058,0.444846,226022450.2
22-02-1991,Friday,February,1991,Q1,0.444846,0.465676,0.440917,0.450585,275399386.1
25-02-1991,Monday,February,1991,Q1,0.454219,0.455997,0.433705,0.437331,425440020.9
26-02-1991,Tuesday,February,1991,Q1,0.433705,0.443058,0.425934,0.439158,296062616.2
27-02-1991,Wednesday,February,1991,Q1,0.439158,0.440917,0.433705,0.439158,206486528.2
28-02-1991,Thursday,February,1991,Q1,0.439158,0.440917,0.424035,0.431591,269232232.2
01-03-1991,Friday,March,1991,Q1,0.429765,0.444846,0.429765,0.435514,149364232.5
04-03-1991,Monday,March,1991,Q1,0.437331,0.443058,0.429765,0.440323,104629200.6
05-03-1991,Tuesday,March,1991,Q1,0.444846,0.476807,0.444846,0.475929,522748296.2
06-03-1991,Wednesday,March,1991,Q1,0.482545,0.49492,0.474081,0.47505,620454346.2
07-03-1991,Thursday,March,1991,Q1,0.478931,0.508847,0.476807,0.506772,381010053.5
08-03-1991,Friday,March,1991,Q1,0.510725,0.514281,0.490043,0.490043,381540546.7
11-03-1991,Monday,March,1991,Q1,0.48616,0.488323,0.469262,0.478931,207666846.9
12-03-1991,Tuesday,March,1991,Q1,0.47505,0.480788,0.471108,0.474081,276712346.3
13-03-1991,Wednesday,March,1991,Q1,0.473172,0.501243,0.473172,0.499465,206698741.8
14-03-1991,Thursday,March,1991,Q1,0.503315,0.508847,0.48616,0.491859,268887479.3
15-03-1991,Friday,March,1991,Q1,0.495811,0.501243,0.491859,0.499465,242561013.8
18-03-1991,Monday,March,1991,Q1,0.495811,0.514281,0.495811,0.510725,253423109.8
19-03-1991,Tuesday,March,1991,Q1,0.501243,0.529589,0.495811,0.524155,499949693.3
20-03-1991,Wednesday,March,1991,Q1,0.521984,0.524155,0.504205,0.510725,428318007.3
21-03-1991,Thursday,March,1991,Q1,0.514281,0.518328,0.480788,0.488323,351460822.3
22-03-1991,Friday,March,1991,Q1,0.482545,0.488323,0.469262,0.476807,400400077.6
25-03-1991,Monday,March,1991,Q1,0.478931,0.490043,0.476807,0.48616,160876253.3
26-03-1991,Tuesday,March,1991,Q1,0.488323,0.529589,0.488323,0.527811,395068486.4
27-03-1991,Wednesday,March,1991,Q1,0.527811,0.529589,0.516255,0.521984,225253196
28-03-1991,Thursday,March,1991,Q1,0.521984,0.527811,0.510725,0.5126,93196809.67
01-04-1991,Monday,April,1991,Q2,0.5126,0.524155,0.508847,0.516255,139642673.6
02-04-1991,Tuesday,April,1991,Q2,0.520206,0.548649,0.516255,0.548649,346871897.4
03-04-1991,Wednesday,April,1991,Q2,0.546576,0.548649,0.527811,0.527811,284351687.8
04-04-1991,Thursday,April,1991,Q2,0.527811,0.542922,0.524155,0.539268,199457277.3
05-04-1991,Friday,April,1991,Q2,0.541045,0.541045,0.518328,0.522872,184032873.6
08-04-1991,Monday,April,1991,Q2,0.521984,0.527811,0.518328,0.527811,85822761.36
09-04-1991,Tuesday,April,1991,Q2,0.525933,0.527811,0.514281,0.518328,141446380.9
10-04-1991,Wednesday,April,1991,Q2,0.516255,0.521984,0.503315,0.504205,256261383.6
11-04-1991,Thursday,April,1991,Q2,0.510725,0.538082,0.508847,0.535415,421076579.3
12-04-1991,Friday,April,1991,Q2,0.539268,0.552304,0.525933,0.541045,435440079.7
15-04-1991,Monday,April,1991,Q2,0.465676,0.48616,0.452422,0.469262,2013538854
16-04-1991,Tuesday,April,1991,Q2,0.476807,0.48616,0.471108,0.484333,735110142.8
17-04-1991,Wednesday,April,1991,Q2,0.490043,0.490043,0.467444,0.476807,381779274.3
18-04-1991,Thursday,April,1991,Q2,0.473172,0.47505,0.458111,0.459999,292919415.6
19-04-1991,Friday,April,1991,Q2,0.459999,0.463888,0.448798,0.449321,340214018.7
22-04-1991,Monday,April,1991,Q2,0.448798,0.467444,0.443058,0.463888,304351814.6
23-04-1991,Tuesday,April,1991,Q2,0.469262,0.47505,0.454219,0.463888,280996271.5
24-04-1991,Wednesday,April,1991,Q2,0.465676,0.467444,0.455997,0.458111,124868043.8
25-04-1991,Thursday,April,1991,Q2,0.450585,0.450585,0.440917,0.440917,373463566
26-04-1991,Friday,April,1991,Q2,0.440917,0.444846,0.435514,0.441874,148091021.4
29-04-1991,Monday,April,1991,Q2,0.440917,0.454219,0.439158,0.439158,244775873.7
30-04-1991,Tuesday,April,1991,Q2,0.435514,0.439158,0.410733,0.414762,842471438
01-05-1991,Wednesday,May,1991,Q2,0.361942,0.369446,0.354367,0.356184,2212465693
02-05-1991,Thursday,May,1991,Q2,0.360034,0.375188,0.358307,0.369446,960509233.8
03-05-1991,Friday,May,1991,Q2,0.369446,0.373348,0.363719,0.369446,288595746.4
06-05-1991,Monday,May,1991,Q2,0.365577,0.380637,0.363719,0.378752,251433798
07-05-1991,Tuesday,May,1991,Q2,0.384529,0.386258,0.380637,0.381516,320293520.8
08-05-1991,Wednesday,May,1991,Q2,0.3828,0.3828,0.371354,0.375188,209338022
09-05-1991,Thursday,May,1991,Q2,0.376984,0.388508,0.375188,0.3828,282083802.1
10-05-1991,Friday,May,1991,Q2,0.388508,0.401378,0.3828,0.386258,286248223.7
13-05-1991,Monday,May,1991,Q2,0.393912,0.403581,0.388508,0.397814,290054618.7
14-05-1991,Tuesday,May,1991,Q2,0.397814,0.40532,0.39567,0.403581,256897936.5
15-05-1991,Wednesday,May,1991,Q2,0.388508,0.392017,0.369446,0.380637,613809707.7
16-05-1991,Thursday,May,1991,Q2,0.384529,0.386258,0.365577,0.369446,452509125.3
17-05-1991,Friday,May,1991,Q2,0.36762,0.36762,0.350494,0.354367,557814725.2
20-05-1991,Monday,May,1991,Q2,0.356184,0.358307,0.331758,0.333507,310452583
21-05-1991,Tuesday,May,1991,Q2,0.341152,0.350494,0.337437,0.341152,414219767.6
22-05-1991,Wednesday,May,1991,Q2,0.345053,0.350494,0.343225,0.348608,269126158.3
23-05-1991,Thursday,May,1991,Q2,0.350494,0.352568,0.337437,0.340271,247083539.9
24-05-1991,Friday,May,1991,Q2,0.343225,0.346839,0.339275,0.34596,115013866.8
28-05-1991,Tuesday,May,1991,Q2,0.346839,0.348608,0.341152,0.346839,203011651.8
29-05-1991,Wednesday,May,1991,Q2,0.348608,0.360034,0.34596,0.354367,454723954.9
30-05-1991,Thursday,May,1991,Q2,0.354367,0.360034,0.350494,0.35897,187507648.7
31-05-1991,Friday,May,1991,Q2,0.358307,0.360034,0.348608,0.354367,257985499.5
03-06-1991,Monday,June,1991,Q2,0.354367,0.373348,0.352568,0.371354,260598235.3
04-06-1991,Tuesday,June,1991,Q2,0.373348,0.373348,0.365577,0.370385,218223991.7
05-06-1991,Wednesday,June,1991,Q2,0.371354,0.371354,0.360034,0.361942,157839058.7
06-06-1991,Thursday,June,1991,Q2,0.363719,0.363719,0.350494,0.351364,199536854.5
07-06-1991,Friday,June,1991,Q2,0.348608,0.354367,0.343806,0.34768,180876321.3
10-06-1991,Monday,June,1991,Q2,0.346839,0.355275,0.345053,0.346839,198276885.7
11-06-1991,Tuesday,June,1991,Q2,0.339275,0.343225,0.333507,0.336332,223290307
12-06-1991,Wednesday,June,1991,Q2,0.331758,0.337437,0.310888,0.319709,515864848.1
13-06-1991,Thursday,June,1991,Q2,0.32027,0.324263,0.314822,0.317615,250293151.5
14-06-1991,Friday,June,1991,Q2,0.322365,0.322365,0.307333,0.310049,266778685.2
17-06-1991,Monday,June,1991,Q2,0.30916,0.318515,0.30916,0.316676,197282251.6
18-06-1991,Tuesday,June,1991,Q2,0.318515,0.326,0.313062,0.317615,289749578.5
19-06-1991,Wednesday,June,1991,Q2,0.314822,0.318515,0.310888,0.314822,211897727.9
20-06-1991,Thursday,June,1991,Q2,0.310888,0.316676,0.307333,0.316676,170571247.6
21-06-1991,Friday,June,1991,Q2,0.316676,0.32027,0.314822,0.316676,243953576.5
24-06-1991,Monday,June,1991,Q2,0.314822,0.318515,0.310888,0.314822,246287784
25-06-1991,Tuesday,June,1991,Q2,0.316676,0.324263,0.314822,0.319709,269895344.6
26-06-1991,Wednesday,June,1991,Q2,0.322365,0.328103,0.318515,0.324263,296566619.7
27-06-1991,Thursday,June,1991,Q2,0.32027,0.322365,0.314822,0.32027,179046113.3
28-06-1991,Friday,June,1991,Q2,0.318515,0.32027,0.303433,0.313062,268383376.6
01-07-1991,Monday,July,1991,Q3,0.318515,0.324263,0.314822,0.32027,230704137.8
02-07-1991,Tuesday,July,1991,Q3,0.318515,0.322365,0.314822,0.318515,142268677.1
03-07-1991,Wednesday,July,1991,Q3,0.318515,0.328103,0.314822,0.325181,367535169
05-07-1991,Friday,July,1991,Q3,0.324263,0.346839,0.322365,0.343806,392614882.7
08-07-1991,Monday,July,1991,Q3,0.341152,0.356184,0.339275,0.352568,363635956.5
09-07-1991,Tuesday,July,1991,Q3,0.356184,0.363719,0.350494,0.353488,268144697.6
10-07-1991,Wednesday,July,1991,Q3,0.358307,0.363719,0.352568,0.356184,185412154.6
11-07-1991,Thursday,July,1991,Q3,0.354367,0.356184,0.346839,0.352568,172786092.3
12-07-1991,Friday,July,1991,Q3,0.356184,0.356184,0.348608,0.352568,157202444.1
15-07-1991,Monday,July,1991,Q3,0.352568,0.352568,0.343225,0.343225,163396130.1
16-07-1991,Tuesday,July,1991,Q3,0.343225,0.345053,0.328103,0.329971,264059853.2
17-07-1991,Wednesday,July,1991,Q3,0.328103,0.335413,0.318515,0.32027,247415170
18-07-1991,Thursday,July,1991,Q3,0.331758,0.340271,0.324263,0.338326,471673664.1
19-07-1991,Friday,July,1991,Q3,0.341152,0.348608,0.339275,0.346839,152069822.2
22-07-1991,Monday,July,1991,Q3,0.345053,0.348608,0.343225,0.346839,128687724.7
23-07-1991,Tuesday,July,1991,Q3,0.348608,0.350494,0.335413,0.339275,157560532.4
24-07-1991,Wednesday,July,1991,Q3,0.341152,0.345053,0.335413,0.339275,155663964.1
25-07-1991,Thursday,July,1991,Q3,0.341152,0.345053,0.339275,0.341152,77918179.4
26-07-1991,Friday,July,1991,Q3,0.345053,0.345053,0.337437,0.338326,87904961.53
29-07-1991,Monday,July,1991,Q3,0.341152,0.343225,0.335413,0.343225,63117085.31
30-07-1991,Tuesday,July,1991,Q3,0.343225,0.352568,0.343225,0.350494,108780378.9
31-07-1991,Wednesday,July,1991,Q3,0.350494,0.353488,0.339275,0.348608,121738044
01-08-1991,Thursday,August,1991,Q3,0.346839,0.371354,0.345053,0.370385,531010876.4
02-08-1991,Friday,August,1991,Q3,0.375188,0.378752,0.369446,0.376984,323290843.7
05-08-1991,Monday,August,1991,Q3,0.375188,0.375188,0.363719,0.365577,119324233.9
06-08-1991,Tuesday,August,1991,Q3,0.36762,0.378752,0.360034,0.373348,261022647.5
07-08-1991,Wednesday,August,1991,Q3,0.373348,0.384529,0.372479,0.380025,250584962.6
08-08-1991,Thursday,August,1991,Q3,0.3828,0.390297,0.376984,0.380637,224338159.3
09-08-1991,Friday,August,1991,Q3,0.380637,0.384529,0.375188,0.3828,182839214.4
12-08-1991,Monday,August,1991,Q3,0.3828,0.393912,0.380637,0.390297,168780778.5
13-08-1991,Tuesday,August,1991,Q3,0.392017,0.407166,0.392017,0.403581,339365279.5
14-08-1991,Wednesday,August,1991,Q3,0.412896,0.414762,0.406228,0.413844,237680328.4
15-08-1991,Thursday,August,1991,Q3,0.414762,0.414762,0.399622,0.401378,172348445
16-08-1991,Friday,August,1991,Q3,0.397814,0.408996,0.393912,0.401378,188051444.8
19-08-1991,Monday,August,1991,Q3,0.373348,0.389092,0.365577,0.380637,381872101.9
20-08-1991,Tuesday,August,1991,Q3,0.388508,0.390297,0.380637,0.384529,236155070.5
21-08-1991,Wednesday,August,1991,Q3,0.39567,0.408116,0.392017,0.40532,264510726.6
22-08-1991,Thursday,August,1991,Q3,0.407166,0.412896,0.40532,0.408996,196154907.1
23-08-1991,Friday,August,1991,Q3,0.407166,0.418603,0.397814,0.399622,284696498.4
26-08-1991,Monday,August,1991,Q3,0.399622,0.403581,0.39567,0.399622,120305678.5
27-08-1991,Tuesday,August,1991,Q3,0.399622,0.407166,0.397814,0.407166,118833508.1
28-08-1991,Wednesday,August,1991,Q3,0.407166,0.408996,0.400489,0.401378,127401205.5
29-08-1991,Thursday,August,1991,Q3,0.401378,0.406228,0.39567,0.399622,134231518.4
30-08-1991,Friday,August,1991,Q3,0.399622,0.401378,0.393912,0.399622,78316080.65
03-09-1991,Tuesday,September,1991,Q3,0.397814,0.401378,0.392017,0.39567,80968613.2
04-09-1991,Wednesday,September,1991,Q3,0.397814,0.397814,0.387561,0.388508,141844304.4
05-09-1991,Thursday,September,1991,Q3,0.388508,0.390297,0.3828,0.384529,92228631.73
06-09-1991,Friday,September,1991,Q3,0.384529,0.390297,0.380637,0.388508,93873195.72
09-09-1991,Monday,September,1991,Q3,0.390297,0.403581,0.388508,0.401378,149775323.4
10-09-1991,Tuesday,September,1991,Q3,0.397814,0.402671,0.375188,0.377873,216513093.8
11-09-1991,Wednesday,September,1991,Q3,0.3828,0.384529,0.373348,0.380637,210783627.7
12-09-1991,Thursday,September,1991,Q3,0.386258,0.386258,0.375188,0.381516,141167880.9
13-09-1991,Friday,September,1991,Q3,0.376984,0.378752,0.365577,0.366464,197441409
16-09-1991,Monday,September,1991,Q3,0.371354,0.371354,0.350494,0.356184,243675104.9
17-09-1991,Tuesday,September,1991,Q3,0.354367,0.369446,0.352568,0.369446,160345712.5
18-09-1991,Wednesday,September,1991,Q3,0.36762,0.380637,0.365577,0.377873,143701021.3
19-09-1991,Thursday,September,1991,Q3,0.378752,0.380637,0.373348,0.375188,211181518.9
20-09-1991,Friday,September,1991,Q3,0.375188,0.384529,0.373348,0.381516,222799670.3
23-09-1991,Monday,September,1991,Q3,0.376984,0.3828,0.371354,0.373348,103806927.7
24-09-1991,Tuesday,September,1991,Q3,0.373348,0.380025,0.363719,0.378752,125637270.6
25-09-1991,Wednesday,September,1991,Q3,0.378752,0.380637,0.371354,0.380637,64496348.04
26-09-1991,Thursday,September,1991,Q3,0.378752,0.378752,0.369446,0.376984,84337335.6
27-09-1991,Friday,September,1991,Q3,0.376984,0.3828,0.36762,0.369446,74377043.09
30-09-1991,Monday,September,1991,Q3,0.371354,0.375188,0.369446,0.373348,74841267.12
01-10-1991,Tuesday,October,1991,Q4,0.371354,0.386258,0.369446,0.3828,155571143.6
02-10-1991,Wednesday,October,1991,Q4,0.390297,0.390297,0.373348,0.375188,21299855.85
03-10-1991,Thursday,October,1991,Q4,0.376984,0.376984,0.358307,0.360034,214338004.3
04-10-1991,Friday,October,1991,Q4,0.361942,0.36762,0.358307,0.363719,93992512.94
07-10-1991,Monday,October,1991,Q4,0.361942,0.36762,0.358307,0.362869,76618421.99
08-10-1991,Tuesday,October,1991,Q4,0.362869,0.365577,0.350494,0.363719,203979897.6
09-10-1991,Wednesday,October,1991,Q4,0.363719,0.36762,0.360034,0.361942,157189222
10-10-1991,Thursday,October,1991,Q4,0.36762,0.369446,0.352568,0.360034,186168095.6
11-10-1991,Friday,October,1991,Q4,0.362869,0.368462,0.350494,0.365577,142162577.8
14-10-1991,Monday,October,1991,Q4,0.369446,0.378752,0.36762,0.376124,132480811.6
15-10-1991,Tuesday,October,1991,Q4,0.380637,0.39567,0.376984,0.39567,341288363.7
16-10-1991,Wednesday,October,1991,Q4,0.39567,0.407166,0.393912,0.403581,237866047.4
17-10-1991,Thursday,October,1991,Q4,0.399622,0.401378,0.388508,0.39502,179536806.7
18-10-1991,Friday,October,1991,Q4,0.41564,0.418603,0.410733,0.414762,529273437.2
21-10-1991,Monday,October,1991,Q4,0.41646,0.421379,0.408996,0.412896,138183817.5
22-10-1991,Tuesday,October,1991,Q4,0.418603,0.424035,0.410733,0.410733,246553094.4
23-10-1991,Wednesday,October,1991,Q4,0.414762,0.41646,0.397814,0.400489,199921515.5
24-10-1991,Thursday,October,1991,Q4,0.399622,0.401378,0.388508,0.392973,210664280.1
25-10-1991,Friday,October,1991,Q4,0.390297,0.393912,0.3828,0.386258,126671817.9
28-10-1991,Monday,October,1991,Q4,0.388508,0.390297,0.3828,0.388508,92202066.17
29-10-1991,Tuesday,October,1991,Q4,0.388508,0.392017,0.3828,0.390297,119881326.1
30-10-1991,Wednesday,October,1991,Q4,0.392017,0.397814,0.373348,0.375188,175544698.8
31-10-1991,Thursday,October,1991,Q4,0.3828,0.390297,0.376984,0.388508,274497506.7
01-11-1991,Friday,November,1991,Q4,0.386258,0.392017,0.380637,0.384529,238330197.5
04-11-1991,Monday,November,1991,Q4,0.3828,0.3828,0.365577,0.375188,231261177.3
05-11-1991,Tuesday,November,1991,Q4,0.375188,0.380637,0.36762,0.36762,255306417.6
06-11-1991,Wednesday,November,1991,Q4,0.369446,0.371354,0.358307,0.361942,280399360.4
07-11-1991,Thursday,November,1991,Q4,0.365577,0.380637,0.363719,0.375188,351381252.2
08-11-1991,Friday,November,1991,Q4,0.386258,0.40532,0.384529,0.401378,445042206.9
11-11-1991,Monday,November,1991,Q4,0.403581,0.410733,0.401378,0.40532,195319389.9
12-11-1991,Tuesday,November,1991,Q4,0.408996,0.412896,0.40532,0.410733,197388303.2
13-11-1991,Wednesday,November,1991,Q4,0.407166,0.410733,0.403581,0.408116,220160372.9
14-11-1991,Thursday,November,1991,Q4,0.408996,0.41646,0.407166,0.412896,222627221.9
15-11-1991,Friday,November,1991,Q4,0.410733,0.412896,0.375188,0.376984,304272196.9
18-11-1991,Monday,November,1991,Q4,0.376984,0.39567,0.376984,0.392973,282707150.1
19-11-1991,Tuesday,November,1991,Q4,0.390297,0.390297,0.375188,0.386258,338065516
20-11-1991,Wednesday,November,1991,Q4,0.386258,0.392017,0.378752,0.380637,199059481.4
21-11-1991,Thursday,November,1991,Q4,0.380637,0.390297,0.380637,0.384529,126486070.6
22-11-1991,Friday,November,1991,Q4,0.384529,0.390297,0.378752,0.386258,115862699.1
25-11-1991,Monday,November,1991,Q4,0.384529,0.393912,0.384529,0.386258,92878473.48
26-11-1991,Tuesday,November,1991,Q4,0.388508,0.392017,0.376984,0.388508,164921294.9
27-11-1991,Wednesday,November,1991,Q4,0.386258,0.388508,0.380637,0.384529,74881053.7
29-11-1991,Friday,November,1991,Q4,0.380637,0.388508,0.380637,0.3828,40371592.3
02-12-1991,Monday,December,1991,Q4,0.3828,0.392017,0.376984,0.390297,140796517.9
03-12-1991,Tuesday,December,1991,Q4,0.392017,0.392017,0.378752,0.380637,121804414.3
04-12-1991,Wednesday,December,1991,Q4,0.3828,0.3828,0.376984,0.380637,95385146.54
05-12-1991,Thursday,December,1991,Q4,0.380637,0.384529,0.371354,0.376984,117467503.9
06-12-1991,Friday,December,1991,Q4,0.373348,0.375188,0.365577,0.36762,233263844.8
09-12-1991,Monday,December,1991,Q4,0.369446,0.376984,0.36762,0.370385,115849423.4
10-12-1991,Tuesday,December,1991,Q4,0.369446,0.373348,0.365577,0.370385,145199728.8
11-12-1991,Wednesday,December,1991,Q4,0.371354,0.375188,0.365577,0.369446,100133232.9
12-12-1991,Thursday,December,1991,Q4,0.372479,0.375188,0.369446,0.372479,108647859.9
13-12-1991,Friday,December,1991,Q4,0.375188,0.3828,0.375188,0.380025,112639870.7
16-12-1991,Monday,December,1991,Q4,0.380025,0.3828,0.376984,0.380637,91406291.02
17-12-1991,Tuesday,December,1991,Q4,0.380637,0.384529,0.378752,0.380637,115862699.1
18-12-1991,Wednesday,December,1991,Q4,0.378752,0.392017,0.376984,0.390297,220969370.1
19-12-1991,Thursday,December,1991,Q4,0.386258,0.390297,0.3828,0.3828,136565738.1
20-12-1991,Friday,December,1991,Q4,0.386258,0.388508,0.378752,0.378752,151791314.1
23-12-1991,Monday,December,1991,Q4,0.380637,0.390297,0.376984,0.388508,122162446
24-12-1991,Tuesday,December,1991,Q4,0.392017,0.40532,0.390297,0.393912,223290307
26-12-1991,Thursday,December,1991,Q4,0.397814,0.414762,0.393912,0.413844,159271391.8
27-12-1991,Friday,December,1991,Q4,0.412896,0.42049,0.410733,0.414762,198635067.2
30-12-1991,Monday,December,1991,Q4,0.414762,0.431591,0.414762,0.427927,217467995.1
31-12-1991,Tuesday,December,1991,Q4,0.432806,0.437331,0.422219,0.425292,158714381.7
02-01-1992,Thursday,January,1992,Q1,0.42049,0.450585,0.418603,0.448798,276659357
03-01-1992,Friday,January,1992,Q1,0.452422,0.454219,0.439158,0.444846,225293031.2
06-01-1992,Monday,January,1992,Q1,0.443058,0.444846,0.435514,0.437331,135279243.2
07-01-1992,Tuesday,January,1992,Q1,0.433705,0.448798,0.433705,0.445736,167520840.1
08-01-1992,Wednesday,January,1992,Q1,0.440917,0.461754,0.440917,0.455997,275611545.1
09-01-1992,Thursday,January,1992,Q1,0.455997,0.469262,0.454219,0.469262,246911162.5
10-01-1992,Friday,January,1992,Q1,0.463888,0.471108,0.459999,0.469262,232361989.6
13-01-1992,Monday,January,1992,Q1,0.469262,0.473172,0.463888,0.467444,127719499.2
14-01-1992,Tuesday,January,1992,Q1,0.469262,0.488323,0.469262,0.48616,324232499.6
15-01-1992,Wednesday,January,1992,Q1,0.48616,0.490043,0.47505,0.478931,385731545
16-01-1992,Thursday,January,1992,Q1,0.480788,0.484333,0.471108,0.473172,347588103.5
17-01-1992,Friday,January,1992,Q1,0.510725,0.520206,0.488323,0.488323,1004594406
20-01-1992,Monday,January,1992,Q1,0.48616,0.491859,0.482545,0.482545,248277210.3
21-01-1992,Tuesday,January,1992,Q1,0.484333,0.484333,0.459999,0.460866,229828803.7
22-01-1992,Wednesday,January,1992,Q1,0.463888,0.480788,0.461754,0.478931,217507830.2
23-01-1992,Thursday,January,1992,Q1,0.484333,0.488323,0.47505,0.48616,163833778.5
24-01-1992,Friday,January,1992,Q1,0.48616,0.495811,0.482545,0.487375,210319508
27-01-1992,Monday,January,1992,Q1,0.488323,0.491859,0.484333,0.48616,98820157.29
28-01-1992,Tuesday,January,1992,Q1,0.488323,0.492679,0.47505,0.491859,205717303.4
29-01-1992,Wednesday,January,1992,Q1,0.488323,0.495811,0.476807,0.476807,171181330.1
30-01-1992,Thursday,January,1992,Q1,0.478931,0.480788,0.473172,0.480788,103157036.4
31-01-1992,Friday,January,1992,Q1,0.482545,0.491859,0.478931,0.488323,171181330.1
03-02-1992,Monday,February,1992,Q1,0.488323,0.499465,0.48616,0.495811,187255701.1
04-02-1992,Tuesday,February,1992,Q1,0.495811,0.499465,0.490043,0.495811,228462815.6
05-02-1992,Wednesday,February,1992,Q1,0.499465,0.503315,0.49098,0.498576,191247763.4
06-02-1992,Thursday,February,1992,Q1,0.495811,0.497587,0.482545,0.483436,110292381.4
07-02-1992,Friday,February,1992,Q1,0.484333,0.488323,0.473172,0.482545,174709178.5
10-02-1992,Monday,February,1992,Q1,0.482545,0.484333,0.47505,0.475929,102361307.8
11-02-1992,Tuesday,February,1992,Q1,0.47505,0.480788,0.469262,0.474081,144483523.8
12-02-1992,Wednesday,February,1992,Q1,0.480788,0.494032,0.47505,0.491859,163369607.1
13-02-1992,Thursday,February,1992,Q1,0.491859,0.491859,0.480788,0.484333,90013757.65
14-02-1992,Friday,February,1992,Q1,0.480788,0.484333,0.476807,0.483436,85955449.44
18-02-1992,Tuesday,February,1992,Q1,0.484333,0.48616,0.473172,0.473172,80942101.3
19-02-1992,Wednesday,February,1992,Q1,0.473172,0.47505,0.465676,0.467444,113289742.8
20-02-1992,Thursday,February,1992,Q1,0.471108,0.488323,0.469262,0.487375,154961077.3
21-02-1992,Friday,February,1992,Q1,0.488323,0.494032,0.48616,0.490043,179497005.9
24-02-1992,Monday,February,1992,Q1,0.499465,0.501243,0.495811,0.498576,202971915.9
25-02-1992,Tuesday,February,1992,Q1,0.499465,0.516255,0.491859,0.516255,269059848.7
26-02-1992,Wednesday,February,1992,Q1,0.514281,0.527811,0.514281,0.526921,271274680.2
27-02-1992,Thursday,February,1992,Q1,0.527811,0.527811,0.5126,0.516255,144669237.7
28-02-1992,Friday,February,1992,Q1,0.516255,0.520206,0.505094,0.508847,107043033.9
02-03-1992,Monday,March,1992,Q1,0.510725,0.516255,0.506772,0.506772,105690217.3
03-03-1992,Tuesday,March,1992,Q1,0.510725,0.5126,0.499465,0.500353,117560331.5
04-03-1992,Wednesday,March,1992,Q1,0.499465,0.503315,0.488323,0.490043,136618793.2
05-03-1992,Thursday,March,1992,Q1,0.48616,0.494032,0.47505,0.478931,280319804.4
06-03-1992,Friday,March,1992,Q1,0.478931,0.482545,0.47505,0.482545,159019419.9
09-03-1992,Monday,March,1992,Q1,0.480788,0.484333,0.478931,0.480788,129006043.7
10-03-1992,Tuesday,March,1992,Q1,0.482545,0.488323,0.480788,0.480788,145292557.5
11-03-1992,Wednesday,March,1992,Q1,0.480788,0.484333,0.47505,0.476807,155902715
12-03-1992,Thursday,March,1992,Q1,0.476807,0.480788,0.463888,0.473172,181062006.9
13-03-1992,Friday,March,1992,Q1,0.476807,0.480788,0.467444,0.475929,93767097.49
16-03-1992,Monday,March,1992,Q1,0.473172,0.478931,0.465676,0.478042,66658226.68
17-03-1992,Tuesday,March,1992,Q1,0.478931,0.480788,0.473172,0.474081,100769815.2
18-03-1992,Wednesday,March,1992,Q1,0.476807,0.482545,0.47505,0.480788,95955405.01
19-03-1992,Thursday,March,1992,Q1,0.480788,0.480788,0.473172,0.47505,140345604
20-03-1992,Friday,March,1992,Q1,0.47505,0.476807,0.47505,0.476807,64138289.07
23-03-1992,Monday,March,1992,Q1,0.47505,0.480788,0.47505,0.47505,59297398.38
24-03-1992,Tuesday,March,1992,Q1,0.478931,0.490043,0.476807,0.490043,247985415.3
25-03-1992,Wednesday,March,1992,Q1,0.490043,0.490043,0.484333,0.48616,143939759
26-03-1992,Thursday,March,1992,Q1,0.488323,0.491859,0.480788,0.482545,145677181
27-03-1992,Friday,March,1992,Q1,0.481599,0.482545,0.455997,0.459999,313251047.9
30-03-1992,Monday,March,1992,Q1,0.461754,0.461754,0.435514,0.438239,401474352.7
31-03-1992,Tuesday,March,1992,Q1,0.439158,0.450585,0.437331,0.439158,251791816.5
01-04-1992,Wednesday,April,1992,Q2,0.431591,0.446654,0.431591,0.444846,189059361.8
02-04-1992,Thursday,April,1992,Q2,0.444846,0.448798,0.440323,0.443058,158648087.3
03-04-1992,Friday,April,1992,Q2,0.443058,0.446654,0.440917,0.444846,137905299.3
06-04-1992,Monday,April,1992,Q2,0.444846,0.459999,0.444846,0.458111,120769870.1
07-04-1992,Tuesday,April,1992,Q2,0.459999,0.461754,0.431591,0.431591,272614242.5
08-04-1992,Wednesday,April,1992,Q2,0.429765,0.429765,0.412896,0.421379,434617702.5
09-04-1992,Thursday,April,1992,Q2,0.422219,0.439158,0.41646,0.431591,227521123.3
10-04-1992,Friday,April,1992,Q2,0.431591,0.433705,0.414762,0.418603,324537601.6
13-04-1992,Monday,April,1992,Q2,0.418603,0.427927,0.41646,0.425934,145451702.8
14-04-1992,Tuesday,April,1992,Q2,0.435514,0.446654,0.431591,0.443058,170995640.5
15-04-1992,Wednesday,April,1992,Q2,0.437331,0.45904,0.433705,0.455997,257388731.2
16-04-1992,Thursday,April,1992,Q2,0.454219,0.458111,0.440917,0.444846,306327898.3
20-04-1992,Monday,April,1992,Q2,0.444846,0.444846,0.422219,0.427927,243993374.2
21-04-1992,Tuesday,April,1992,Q2,0.429765,0.431591,0.422219,0.424035,213582099.8
22-04-1992,Wednesday,April,1992,Q2,0.424035,0.437331,0.424035,0.434337,203117818.9
23-04-1992,Thursday,April,1992,Q2,0.433705,0.439158,0.422219,0.429765,216486558.6
24-04-1992,Friday,April,1992,Q2,0.429765,0.439158,0.422219,0.425934,116379912.5
27-04-1992,Monday,April,1992,Q2,0.422219,0.424035,0.414762,0.42049,166101699.7
28-04-1992,Tuesday,April,1992,Q2,0.41646,0.42049,0.399622,0.408996,206194772.7
29-04-1992,Wednesday,April,1992,Q2,0.408996,0.429765,0.408996,0.429765,235531787.2
30-04-1992,Thursday,April,1992,Q2,0.431591,0.454219,0.425934,0.453369,308197977
01-05-1992,Friday,May,1992,Q2,0.452422,0.458111,0.439158,0.446654,159125518.2
04-05-1992,Monday,May,1992,Q2,0.448798,0.461754,0.446654,0.455997,145929174.1
05-05-1992,Tuesday,May,1992,Q2,0.455997,0.456847,0.448798,0.455997,213250515.2
06-05-1992,Wednesday,May,1992,Q2,0.458111,0.468373,0.455997,0.465676,210770418.9
07-05-1992,Thursday,May,1992,Q2,0.463888,0.469262,0.455997,0.458111,204099288.8
08-05-1992,Friday,May,1992,Q2,0.463888,0.474081,0.459999,0.467444,235293034.3
11-05-1992,Monday,May,1992,Q2,0.467444,0.473172,0.463888,0.469262,107639793.1
12-05-1992,Tuesday,May,1992,Q2,0.469262,0.47505,0.465676,0.469262,91233920.64
13-05-1992,Wednesday,May,1992,Q2,0.471108,0.476807,0.469262,0.473172,115425039.7
14-05-1992,Thursday,May,1992,Q2,0.473172,0.47505,0.454219,0.462922,185823280.9
15-05-1992,Friday,May,1992,Q2,0.459999,0.461754,0.455997,0.456847,143648007.6
18-05-1992,Monday,May,1992,Q2,0.463888,0.463888,0.452422,0.455384,152865528.5
19-05-1992,Tuesday,May,1992,Q2,0.458111,0.458111,0.444846,0.447899,155929226.9
20-05-1992,Wednesday,May,1992,Q2,0.450585,0.454219,0.446654,0.452422,205107196.6
21-05-1992,Thursday,May,1992,Q2,0.454219,0.454219,0.443058,0.445736,163051274
22-05-1992,Friday,May,1992,Q2,0.444846,0.450585,0.444846,0.448798,55026837.03
26-05-1992,Tuesday,May,1992,Q2,0.448798,0.450585,0.443058,0.446654,113223412.9
27-05-1992,Wednesday,May,1992,Q2,0.446654,0.454219,0.444846,0.454219,182467872.7
28-05-1992,Thursday,May,1992,Q2,0.452422,0.454219,0.444846,0.448798,150677222
29-05-1992,Friday,May,1992,Q2,0.450585,0.456847,0.448798,0.450585,211075453
01-06-1992,Monday,June,1992,Q2,0.431591,0.448798,0.422219,0.433705,293728371.2
02-06-1992,Tuesday,June,1992,Q2,0.433705,0.433705,0.424035,0.425934,184351171.3
03-06-1992,Wednesday,June,1992,Q2,0.425934,0.425934,0.407166,0.408116,355930297.3
04-06-1992,Thursday,June,1992,Q2,0.408996,0.412896,0.403581,0.410733,213330081.3
05-06-1992,Friday,June,1992,Q2,0.412896,0.41646,0.408996,0.413844,133488826.8
08-06-1992,Monday,June,1992,Q2,0.414762,0.414762,0.407166,0.408996,123554998.6
09-06-1992,Tuesday,June,1992,Q2,0.408996,0.408996,0.403581,0.407166,119934352.9
10-06-1992,Wednesday,June,1992,Q2,0.407166,0.412896,0.403581,0.40532,149921259.8
11-06-1992,Thursday,June,1992,Q2,0.40532,0.408996,0.403581,0.406228,166393433.8
12-06-1992,Friday,June,1992,Q2,0.410733,0.414762,0.408996,0.411612,114284419.5
15-06-1992,Monday,June,1992,Q2,0.407166,0.407166,0.39567,0.396649,224032979.4
16-06-1992,Tuesday,June,1992,Q2,0.390297,0.392017,0.36762,0.371354,432641574.3
17-06-1992,Wednesday,June,1992,Q2,0.369446,0.371354,0.354367,0.358307,360280459.2
18-06-1992,Thursday,June,1992,Q2,0.358307,0.369446,0.337437,0.341152,513597021.1
19-06-1992,Friday,June,1992,Q2,0.346839,0.346839,0.329971,0.337437,506156586.2
22-06-1992,Monday,June,1992,Q2,0.331758,0.337437,0.322365,0.333507,461753158.1
23-06-1992,Tuesday,June,1992,Q2,0.339275,0.343225,0.335413,0.341152,368927716.6
24-06-1992,Wednesday,June,1992,Q2,0.343225,0.346839,0.341152,0.346839,249935071.2
25-06-1992,Thursday,June,1992,Q2,0.350494,0.350494,0.341152,0.343806,190186707.3
26-06-1992,Friday,June,1992,Q2,0.345053,0.346839,0.335413,0.341152,130690359.8
29-06-1992,Monday,June,1992,Q2,0.345053,0.355275,0.341152,0.352568,223131218.4
30-06-1992,Tuesday,June,1992,Q2,0.352568,0.363719,0.350494,0.361942,228953522.2
01-07-1992,Wednesday,July,1992,Q3,0.361942,0.373348,0.360034,0.369446,169961151.9
02-07-1992,Thursday,July,1992,Q3,0.369446,0.369446,0.345053,0.348608,303914076.1
06-07-1992,Monday,July,1992,Q3,0.350494,0.352568,0.343225,0.348608,144470241
07-07-1992,Tuesday,July,1992,Q3,0.348608,0.348608,0.328103,0.333507,245226818
08-07-1992,Wednesday,July,1992,Q3,0.331758,0.345053,0.331758,0.345053,232043747.6
09-07-1992,Thursday,July,1992,Q3,0.346839,0.350494,0.345053,0.34596,196327338.2
10-07-1992,Friday,July,1992,Q3,0.346839,0.348608,0.338326,0.345053,170279448.6
13-07-1992,Monday,July,1992,Q3,0.345053,0.355275,0.341152,0.354367,148687796.8
14-07-1992,Tuesday,July,1992,Q3,0.354367,0.361942,0.354367,0.358307,149191829.7
15-07-1992,Wednesday,July,1992,Q3,0.358307,0.369446,0.356184,0.361942,206592695.2
16-07-1992,Thursday,July,1992,Q3,0.360034,0.369446,0.356184,0.36762,165544693.6
17-07-1992,Friday,July,1992,Q3,0.339275,0.346839,0.336332,0.339275,501660612.5
20-07-1992,Monday,July,1992,Q3,0.337437,0.341152,0.331758,0.337437,227507870.9
21-07-1992,Tuesday,July,1992,Q3,0.343225,0.348608,0.339275,0.345053,156247562.1
22-07-1992,Wednesday,July,1992,Q3,0.341152,0.343225,0.331758,0.333507,191804754.3
23-07-1992,Thursday,July,1992,Q3,0.335413,0.337437,0.329971,0.337437,203104497.7
24-07-1992,Friday,July,1992,Q3,0.335413,0.348608,0.331758,0.34596,159828418.1
27-07-1992,Monday,July,1992,Q3,0.345053,0.350494,0.341152,0.341152,2838199.888
28-07-1992,Tuesday,July,1992,Q3,0.343225,0.350494,0.341152,0.350494,158966407.3
29-07-1992,Wednesday,July,1992,Q3,0.351364,0.360034,0.350494,0.356184,296951203.8
30-07-1992,Thursday,July,1992,Q3,0.356184,0.358307,0.352568,0.356184,163290068.4
31-07-1992,Friday,July,1992,Q3,0.356184,0.358307,0.352568,0.352568,107414387.8
03-08-1992,Monday,August,1992,Q3,0.352568,0.356184,0.343225,0.345053,81167633.18
04-08-1992,Tuesday,August,1992,Q3,0.339275,0.345053,0.337437,0.343225,141764682.7
05-08-1992,Wednesday,August,1992,Q3,0.343225,0.343225,0.335413,0.337437,164908120.4
06-08-1992,Thursday,August,1992,Q3,0.333507,0.335413,0.322365,0.331758,305479170.2
07-08-1992,Friday,August,1992,Q3,0.316676,0.329971,0.313062,0.327273,259523904.5
10-08-1992,Monday,August,1992,Q3,0.326,0.335413,0.324263,0.332627,108289721
11-08-1992,Tuesday,August,1992,Q3,0.335413,0.335413,0.324263,0.328103,143648007.6
12-08-1992,Wednesday,August,1992,Q3,0.329971,0.333507,0.326,0.332627,143740863.6
13-08-1992,Thursday,August,1992,Q3,0.335413,0.343225,0.333507,0.337437,202481230.6
14-08-1992,Friday,August,1992,Q3,0.339275,0.341152,0.335413,0.337437,161167994.5
17-08-1992,Monday,August,1992,Q3,0.333507,0.337437,0.329971,0.337437,152414618.7
18-08-1992,Tuesday,August,1992,Q3,0.335413,0.341152,0.335413,0.337437,132998034.2
19-08-1992,Wednesday,August,1992,Q3,0.336332,0.341152,0.335413,0.335413,201950723.3
20-08-1992,Thursday,August,1992,Q3,0.337437,0.339275,0.333507,0.337437,128966254
21-08-1992,Friday,August,1992,Q3,0.337437,0.341152,0.331758,0.336332,129629351.2
24-08-1992,Monday,August,1992,Q3,0.333507,0.337437,0.326,0.326,180199848.2
25-08-1992,Tuesday,August,1992,Q3,0.326,0.335413,0.326,0.3348,156738258.5
26-08-1992,Wednesday,August,1992,Q3,0.333507,0.335413,0.326,0.333507,143356211.7
27-08-1992,Thursday,August,1992,Q3,0.337437,0.340271,0.333507,0.335413,97984642.13
28-08-1992,Friday,August,1992,Q3,0.333507,0.341152,0.331758,0.339275,72520305.94
31-08-1992,Monday,August,1992,Q3,0.339275,0.348608,0.337437,0.346839,143422512.2
01-09-1992,Tuesday,September,1992,Q3,0.348608,0.350494,0.345053,0.350494,71392961.43
02-09-1992,Wednesday,September,1992,Q3,0.350494,0.36762,0.350494,0.365577,224868613
03-09-1992,Thursday,September,1992,Q3,0.369446,0.371354,0.360034,0.360034,250876714
04-09-1992,Friday,September,1992,Q3,0.363719,0.363719,0.352568,0.356184,74881053.7
08-09-1992,Tuesday,September,1992,Q3,0.352568,0.361942,0.350494,0.360034,82891720.71
09-09-1992,Wednesday,September,1992,Q3,0.361942,0.371354,0.360034,0.369446,186154882.6
10-09-1992,Thursday,September,1992,Q3,0.361942,0.373348,0.358307,0.371354,270200398
11-09-1992,Friday,September,1992,Q3,0.369446,0.371354,0.358307,0.35897,213011778.5
14-09-1992,Monday,September,1992,Q3,0.369446,0.376984,0.365577,0.373348,254218886
15-09-1992,Tuesday,September,1992,Q3,0.371354,0.371354,0.360034,0.363719,258767939.2
16-09-1992,Wednesday,September,1992,Q3,0.360034,0.363719,0.350494,0.354367,211632464.1
17-09-1992,Thursday,September,1992,Q3,0.356184,0.356184,0.342315,0.346839,204192145.7
18-09-1992,Friday,September,1992,Q3,0.345053,0.353488,0.341152,0.350494,136897295.3
21-09-1992,Monday,September,1992,Q3,0.352568,0.360034,0.348608,0.350494,106194178.3
22-09-1992,Tuesday,September,1992,Q3,0.352568,0.352568,0.341152,0.345053,132082972.2
23-09-1992,Wednesday,September,1992,Q3,0.346839,0.358307,0.343225,0.358307,146804491.1
24-09-1992,Thursday,September,1992,Q3,0.356184,0.360034,0.348608,0.348608,148793934.5
25-09-1992,Friday,September,1992,Q3,0.348608,0.350494,0.341152,0.343225,162785994
28-09-1992,Monday,September,1992,Q3,0.339275,0.339275,0.329971,0.337437,177056684
29-09-1992,Tuesday,September,1992,Q3,0.335413,0.343225,0.331758,0.338326,186234495.3
30-09-1992,Wednesday,September,1992,Q3,0.339275,0.343225,0.335413,0.340271,118475463.3
01-10-1992,Thursday,October,1992,Q4,0.337437,0.340271,0.333507,0.333507,145332355.2
02-10-1992,Friday,October,1992,Q4,0.335413,0.337437,0.324263,0.329971,134456934.9
05-10-1992,Monday,October,1992,Q4,0.326,0.329971,0.313062,0.328103,313755016
06-10-1992,Tuesday,October,1992,Q4,0.329971,0.339275,0.322365,0.337437,134337624.7
07-10-1992,Wednesday,October,1992,Q4,0.339275,0.341152,0.328103,0.329971,134178426.8
08-10-1992,Thursday,October,1992,Q4,0.331758,0.333507,0.324263,0.328103,150358872.7
09-10-1992,Friday,October,1992,Q4,0.328103,0.331758,0.324263,0.327273,69562762.51
12-10-1992,Monday,October,1992,Q4,0.326,0.333507,0.326,0.331758,84828058.36
13-10-1992,Tuesday,October,1992,Q4,0.337437,0.346839,0.331758,0.342315,174284723.9
14-10-1992,Wednesday,October,1992,Q4,0.341152,0.348608,0.339275,0.346839,113356071.6
15-10-1992,Thursday,October,1992,Q4,0.345053,0.346839,0.341152,0.343225,89310842.48
16-10-1992,Friday,October,1992,Q4,0.352568,0.373348,0.350494,0.369446,534472452.7
19-10-1992,Monday,October,1992,Q4,0.369446,0.371354,0.365577,0.369446,232149782.1
20-10-1992,Tuesday,October,1992,Q4,0.369446,0.376984,0.365577,0.370385,340147739.5
21-10-1992,Wednesday,October,1992,Q4,0.371354,0.373348,0.361942,0.365577,135292489.5
22-10-1992,Thursday,October,1992,Q4,0.365577,0.371354,0.363719,0.36762,100027068.9
23-10-1992,Friday,October,1992,Q4,0.371354,0.373348,0.363719,0.36762,108263197.9
26-10-1992,Monday,October,1992,Q4,0.36762,0.388508,0.365577,0.388508,296858403.5
27-10-1992,Tuesday,October,1992,Q4,0.388508,0.39567,0.384529,0.388508,250996073.7
28-10-1992,Wednesday,October,1992,Q4,0.386258,0.397814,0.3828,0.393912,232799710.9
29-10-1992,Thursday,October,1992,Q4,0.393912,0.407166,0.388508,0.401378,253290538.2
30-10-1992,Friday,October,1992,Q4,0.403581,0.403581,0.392017,0.39567,153740883.9
02-11-1992,Monday,November,1992,Q4,0.39567,0.397814,0.390297,0.393912,201420169.4
03-11-1992,Tuesday,November,1992,Q4,0.39567,0.39567,0.388508,0.392017,133515346.8
04-11-1992,Wednesday,November,1992,Q4,0.392017,0.397814,0.392017,0.39567,168104350
05-11-1992,Thursday,November,1992,Q4,0.39567,0.414762,0.39567,0.414762,352946248.1
06-11-1992,Friday,November,1992,Q4,0.412896,0.425934,0.412896,0.42049,312587929.5
09-11-1992,Monday,November,1992,Q4,0.422219,0.422219,0.412896,0.41646,133727500.7
10-11-1992,Tuesday,November,1992,Q4,0.414762,0.425934,0.412896,0.424035,144735511.9
11-11-1992,Wednesday,November,1992,Q4,0.425934,0.439158,0.424035,0.427927,166287367
12-11-1992,Thursday,November,1992,Q4,0.429765,0.433705,0.425292,0.428817,127414476.1
13-11-1992,Friday,November,1992,Q4,0.429765,0.431591,0.422219,0.424035,100358654.4
16-11-1992,Monday,November,1992,Q4,0.424035,0.435514,0.422219,0.432806,79987216.27
17-11-1992,Tuesday,November,1992,Q4,0.431591,0.433705,0.413844,0.41646,199894967.2
18-11-1992,Wednesday,November,1992,Q4,0.422219,0.439158,0.418603,0.435514,360943612.1
19-11-1992,Thursday,November,1992,Q4,0.435514,0.448798,0.435514,0.439158,284842405.5
20-11-1992,Friday,November,1992,Q4,0.440917,0.443058,0.429765,0.433705,184125724.5
23-11-1992,Monday,November,1992,Q4,0.425934,0.429765,0.424035,0.427927,180849789.2
24-11-1992,Tuesday,November,1992,Q4,0.429765,0.433705,0.425934,0.433705,185703949.5
25-11-1992,Wednesday,November,1992,Q4,0.429765,0.431591,0.422219,0.425934,138953006.8
27-11-1992,Friday,November,1992,Q4,0.425934,0.431591,0.424035,0.425934,55888922.81
30-11-1992,Monday,November,1992,Q4,0.424035,0.433705,0.419217,0.433705,190067352.6
01-12-1992,Tuesday,December,1992,Q4,0.431591,0.444846,0.427927,0.439158,154112246
02-12-1992,Wednesday,December,1992,Q4,0.439158,0.440917,0.429765,0.431591,115783124
03-12-1992,Thursday,December,1992,Q4,0.425934,0.434337,0.423098,0.433705,222136511.3
04-12-1992,Friday,December,1992,Q4,0.431591,0.433705,0.425934,0.428817,113422405.6
07-12-1992,Monday,December,1992,Q4,0.427927,0.435514,0.427927,0.435514,170783474.4
08-12-1992,Tuesday,December,1992,Q4,0.435514,0.443058,0.435514,0.438239,232852744.8
09-12-1992,Wednesday,December,1992,Q4,0.435514,0.437331,0.431591,0.434337,188767639.7
10-12-1992,Thursday,December,1992,Q4,0.431591,0.434337,0.425934,0.431591,166008899.4
11-12-1992,Friday,December,1992,Q4,0.431591,0.439158,0.431591,0.433705,142321716.1
14-12-1992,Monday,December,1992,Q4,0.433705,0.435514,0.427927,0.431591,130862757.5
15-12-1992,Tuesday,December,1992,Q4,0.427927,0.429765,0.418603,0.425292,216155023.7
16-12-1992,Wednesday,December,1992,Q4,0.424035,0.429765,0.410733,0.414762,267534659.6
17-12-1992,Thursday,December,1992,Q4,0.41646,0.433705,0.41646,0.428817,276937832.7
18-12-1992,Friday,December,1992,Q4,0.433705,0.446654,0.431591,0.439158,278821147.5
21-12-1992,Monday,December,1992,Q4,0.439158,0.452422,0.437331,0.449321,303224496.4
22-12-1992,Tuesday,December,1992,Q4,0.450585,0.461754,0.450585,0.456847,331765772.2
23-12-1992,Wednesday,December,1992,Q4,0.454219,0.455997,0.446654,0.450585,133024636.2
24-12-1992,Thursday,December,1992,Q4,0.452422,0.452422,0.444846,0.444846,54429987.69
28-12-1992,Monday,December,1992,Q4,0.446654,0.450585,0.446654,0.448798,83422211.83
29-12-1992,Tuesday,December,1992,Q4,0.448798,0.458111,0.448798,0.449321,137693078.5
30-12-1992,Wednesday,December,1992,Q4,0.450585,0.450585,0.443058,0.443058,119112012.2
31-12-1992,Thursday,December,1992,Q4,0.443058,0.452422,0.443058,0.450585,109218156.9
04-01-1993,Monday,January,1993,Q1,0.448798,0.452422,0.435514,0.439158,152918649.5
05-01-1993,Tuesday,January,1993,Q1,0.437331,0.446654,0.431591,0.446654,220558197.2
06-01-1993,Wednesday,January,1993,Q1,0.458111,0.467444,0.455997,0.465676,333224633.4
07-01-1993,Thursday,January,1993,Q1,0.465676,0.471108,0.456847,0.459999,322256429.1
08-01-1993,Friday,January,1993,Q1,0.458111,0.47505,0.450585,0.469262,380041862.4
11-01-1993,Monday,January,1993,Q1,0.467444,0.48524,0.465676,0.483436,324139715.6
12-01-1993,Tuesday,January,1993,Q1,0.473172,0.480788,0.463888,0.463888,409909355.9
13-01-1993,Wednesday,January,1993,Q1,0.463888,0.482545,0.461754,0.478931,236407145.7
14-01-1993,Thursday,January,1993,Q1,0.482545,0.491859,0.480788,0.490043,435546152.6
15-01-1993,Friday,January,1993,Q1,0.459999,0.469262,0.452422,0.454219,1068865216
18-01-1993,Monday,January,1993,Q1,0.448798,0.452422,0.437331,0.448798,395081723.6
19-01-1993,Tuesday,January,1993,Q1,0.450585,0.455997,0.446654,0.450585,324511041.1
20-01-1993,Wednesday,January,1993,Q1,0.450585,0.454219,0.448798,0.452422,187971867.6
21-01-1993,Thursday,January,1993,Q1,0.450585,0.454219,0.443058,0.452422,218383175.5
22-01-1993,Friday,January,1993,Q1,0.454219,0.454219,0.444846,0.448798,174006289.7
25-01-1993,Monday,January,1993,Q1,0.446654,0.455997,0.446654,0.452422,239523793.9
26-01-1993,Tuesday,January,1993,Q1,0.455997,0.467444,0.455997,0.458111,338224665.4
27-01-1993,Wednesday,January,1993,Q1,0.459999,0.465676,0.443058,0.454219,268356963.9
28-01-1993,Thursday,January,1993,Q1,0.452422,0.454219,0.446654,0.451462,217932219.1
29-01-1993,Friday,January,1993,Q1,0.454219,0.461754,0.444846,0.448798,315107770.9
01-02-1993,Monday,February,1993,Q1,0.446654,0.461754,0.446654,0.461754,284855647.8
02-02-1993,Tuesday,February,1993,Q1,0.458111,0.463888,0.454219,0.454219,215916315.4
03-02-1993,Wednesday,February,1993,Q1,0.459999,0.459999,0.440917,0.452422,312839884.1
04-02-1993,Thursday,February,1993,Q1,0.452422,0.454219,0.444846,0.448798,246486756.4
05-02-1993,Friday,February,1993,Q1,0.446654,0.448798,0.424035,0.431591,435320661.2
08-02-1993,Monday,February,1993,Q1,0.429765,0.433705,0.418603,0.425934,332840024.1
09-02-1993,Tuesday,February,1993,Q1,0.429765,0.432806,0.425934,0.428817,282614298.3
10-02-1993,Wednesday,February,1993,Q1,0.429765,0.431591,0.414762,0.42049,317694031.3
11-02-1993,Thursday,February,1993,Q1,0.42049,0.424035,0.414762,0.41564,199258349.5
12-02-1993,Friday,February,1993,Q1,0.414762,0.418603,0.40532,0.406228,326115838.8
16-02-1993,Tuesday,February,1993,Q1,0.403581,0.403581,0.388508,0.399622,482827567.2
17-02-1993,Wednesday,February,1993,Q1,0.401378,0.407166,0.392017,0.406228,295545419
18-02-1993,Thursday,February,1993,Q1,0.414762,0.41646,0.403581,0.414762,331712702.9
19-02-1993,Friday,February,1993,Q1,0.41646,0.418603,0.412896,0.414762,210544902.2
22-02-1993,Monday,February,1993,Q1,0.414762,0.422219,0.412896,0.41564,116950231.8
23-02-1993,Tuesday,February,1993,Q1,0.414762,0.41646,0.407166,0.408996,229815573.5
24-02-1993,Wednesday,February,1993,Q1,0.392973,0.406228,0.392973,0.404104,339338723.1
25-02-1993,Thursday,February,1993,Q1,0.401378,0.412896,0.401378,0.412896,198024951.3
26-02-1993,Friday,February,1993,Q1,0.408996,0.408996,0.393912,0.399622,349192847.5
01-03-1993,Monday,March,1993,Q1,0.399622,0.403581,0.397814,0.401378,141273969
02-03-1993,Tuesday,March,1993,Q1,0.399622,0.410733,0.399622,0.408996,174894859
03-03-1993,Wednesday,March,1993,Q1,0.407166,0.414762,0.401378,0.411612,240027826.8
04-03-1993,Thursday,March,1993,Q1,0.410733,0.41646,0.403581,0.414762,223025126.2
05-03-1993,Friday,March,1993,Q1,0.412896,0.42049,0.412896,0.414762,132175767.3
08-03-1993,Monday,March,1993,Q1,0.414762,0.427927,0.414762,0.425934,209603270.6
09-03-1993,Tuesday,March,1993,Q1,0.425934,0.433705,0.425934,0.427927,183343161.2
10-03-1993,Wednesday,March,1993,Q1,0.427927,0.431591,0.422219,0.427927,156897398.8
11-03-1993,Thursday,March,1993,Q1,0.429765,0.431591,0.424035,0.428817,171247594.1
12-03-1993,Friday,March,1993,Q1,0.427927,0.427927,0.418603,0.424035,150027325.6
15-03-1993,Monday,March,1993,Q1,0.422219,0.431591,0.417617,0.429765,161088445.7
16-03-1993,Tuesday,March,1993,Q1,0.431591,0.435514,0.425934,0.425934,119934352.9
17-03-1993,Wednesday,March,1993,Q1,0.425934,0.429765,0.414762,0.41564,208674932.9
18-03-1993,Thursday,March,1993,Q1,0.414762,0.419217,0.410733,0.410733,125743400.3
19-03-1993,Friday,March,1993,Q1,0.414762,0.41646,0.403581,0.40532,182481088.6
22-03-1993,Monday,March,1993,Q1,0.403581,0.406228,0.397814,0.401378,195624420
23-03-1993,Tuesday,March,1993,Q1,0.401378,0.407166,0.396649,0.397814,121419799.9
24-03-1993,Wednesday,March,1993,Q1,0.397814,0.408996,0.39567,0.40532,169417362.8
25-03-1993,Thursday,March,1993,Q1,0.40532,0.412896,0.403581,0.412896,202547483.5
26-03-1993,Friday,March,1993,Q1,0.412896,0.412896,0.39567,0.401378,179709174
29-03-1993,Monday,March,1993,Q1,0.393912,0.39567,0.3828,0.384529,309908884
30-03-1993,Tuesday,March,1993,Q1,0.385399,0.393912,0.378752,0.393912,312680787.4
31-03-1993,Wednesday,March,1993,Q1,0.39567,0.397814,0.386258,0.388508,264112815.2
01-04-1993,Thursday,April,1993,Q2,0.386258,0.392017,0.384529,0.390297,128130685.2
02-04-1993,Friday,April,1993,Q2,0.380637,0.386258,0.373348,0.377873,300532164.1
05-04-1993,Monday,April,1993,Q2,0.376984,0.380637,0.373348,0.376984,176645505.1
06-04-1993,Tuesday,April,1993,Q2,0.376984,0.378752,0.36762,0.36762,199377734.5
07-04-1993,Wednesday,April,1993,Q2,0.369446,0.3828,0.365577,0.380637,192839251
08-04-1993,Thursday,April,1993,Q2,0.376984,0.380637,0.369446,0.375188,193528903.6
12-04-1993,Monday,April,1993,Q2,0.373348,0.384529,0.373348,0.376984,110186280.1
13-04-1993,Tuesday,April,1993,Q2,0.380637,0.386258,0.363719,0.365577,194775592.7
14-04-1993,Wednesday,April,1993,Q2,0.363719,0.36762,0.35897,0.36762,201380433.4
15-04-1993,Thursday,April,1993,Q2,0.363719,0.363719,0.352568,0.356184,258980185.3
16-04-1993,Friday,April,1993,Q2,0.363719,0.36762,0.357388,0.362869,813280331.6
19-04-1993,Monday,April,1993,Q2,0.365577,0.373348,0.363719,0.365577,269829101.8
20-04-1993,Tuesday,April,1993,Q2,0.36762,0.378752,0.363719,0.376984,284258835.9
21-04-1993,Wednesday,April,1993,Q2,0.378752,0.3828,0.371354,0.373912,243078280.9
22-04-1993,Thursday,April,1993,Q2,0.371354,0.380637,0.369446,0.376984,186711865.4
23-04-1993,Friday,April,1993,Q2,0.375188,0.378752,0.36762,0.371354,158847019.2
26-04-1993,Monday,April,1993,Q2,0.371354,0.375188,0.365577,0.369446,121738044
27-04-1993,Tuesday,April,1993,Q2,0.36762,0.378752,0.36762,0.378752,153555166
28-04-1993,Wednesday,April,1993,Q2,0.375188,0.392017,0.375188,0.387561,193303483.1
29-04-1993,Thursday,April,1993,Q2,0.388508,0.390297,0.377873,0.3828,97626540.63
30-04-1993,Friday,April,1993,Q2,0.3828,0.39567,0.3828,0.386258,156711750.7
03-05-1993,Monday,May,1993,Q2,0.386258,0.392017,0.384529,0.391157,77188742.21
04-05-1993,Tuesday,May,1993,Q2,0.393912,0.408996,0.392017,0.402671,202282233.9
05-05-1993,Wednesday,May,1993,Q2,0.399622,0.418603,0.399622,0.410733,299670055
06-05-1993,Thursday,May,1993,Q2,0.410733,0.412896,0.403581,0.40532,83435449.05
07-05-1993,Friday,May,1993,Q2,0.403581,0.412896,0.403581,0.412896,96976620.92
10-05-1993,Monday,May,1993,Q2,0.414762,0.421379,0.414762,0.414762,163329831.7
11-05-1993,Tuesday,May,1993,Q2,0.414762,0.41646,0.407166,0.410733,187547482.8
12-05-1993,Wednesday,May,1993,Q2,0.408996,0.412896,0.399622,0.401378,124602791.2
13-05-1993,Thursday,May,1993,Q2,0.403581,0.42049,0.403581,0.418603,428344525.3
14-05-1993,Friday,May,1993,Q2,0.41646,0.422219,0.414762,0.418603,139032625.5
17-05-1993,Monday,May,1993,Q2,0.418603,0.422219,0.414762,0.42049,82467265.04
18-05-1993,Tuesday,May,1993,Q2,0.418603,0.424035,0.414762,0.418603,193581918.3
19-05-1993,Wednesday,May,1993,Q2,0.412896,0.433705,0.410733,0.431591,204590040.9
20-05-1993,Thursday,May,1993,Q2,0.431591,0.444846,0.431591,0.443058,344033721.9
21-05-1993,Friday,May,1993,Q2,0.443058,0.445736,0.427927,0.433705,175491685.1
24-05-1993,Monday,May,1993,Q2,0.427927,0.443058,0.427927,0.434337,177998303.5
25-05-1993,Tuesday,May,1993,Q2,0.427927,0.433705,0.42049,0.425292,214006451.1
26-05-1993,Wednesday,May,1993,Q2,0.422219,0.435514,0.417617,0.435514,143953069.1
27-05-1993,Thursday,May,1993,Q2,0.435514,0.440917,0.431591,0.433705,233621964.5
28-05-1993,Friday,May,1993,Q2,0.429765,0.433705,0.424035,0.426772,217826157.3
01-06-1993,Tuesday,June,1993,Q2,0.425934,0.435514,0.425934,0.429765,159947858.9
02-06-1993,Wednesday,June,1993,Q2,0.427927,0.439158,0.422219,0.429765,237401817.3
03-06-1993,Thursday,June,1993,Q2,0.429765,0.431591,0.422219,0.425292,185743691.5
04-06-1993,Friday,June,1993,Q2,0.42049,0.424035,0.410733,0.413844,253038522.7
07-06-1993,Monday,June,1993,Q2,0.410733,0.412896,0.380025,0.3828,571130424.9
08-06-1993,Tuesday,June,1993,Q2,0.36762,0.376984,0.361942,0.373348,735481451.2
09-06-1993,Wednesday,June,1993,Q2,0.339275,0.343806,0.331758,0.333507,1395445292
10-06-1993,Thursday,June,1993,Q2,0.328103,0.337437,0.322365,0.335413,655680014.6
11-06-1993,Friday,June,1993,Q2,0.339275,0.341152,0.327273,0.329971,286951192.5
14-06-1993,Monday,June,1993,Q2,0.331758,0.337437,0.328103,0.336332,295439274.2
15-06-1993,Tuesday,June,1993,Q2,0.341152,0.341152,0.315785,0.316676,530891490.3
16-06-1993,Wednesday,June,1993,Q2,0.318515,0.326,0.313062,0.318515,418105705.5
17-06-1993,Thursday,June,1993,Q2,0.32027,0.32027,0.30512,0.310888,484843510.4
18-06-1993,Friday,June,1993,Q2,0.313693,0.317615,0.299788,0.30916,368622670.2
21-06-1993,Monday,June,1993,Q2,0.30512,0.30512,0.298019,0.298543,323967313.8
22-06-1993,Tuesday,June,1993,Q2,0.308302,0.316676,0.299788,0.312133,398331087.3
23-06-1993,Wednesday,June,1993,Q2,0.314822,0.314822,0.301704,0.30512,214006451.1
24-06-1993,Thursday,June,1993,Q2,0.30512,0.314822,0.301704,0.314822,263874185.8
25-06-1993,Friday,June,1993,Q2,0.304586,0.307333,0.298019,0.301704,304524179.9
28-06-1993,Monday,June,1993,Q2,0.30512,0.30512,0.292192,0.302484,418742318.1
29-06-1993,Tuesday,June,1993,Q2,0.303433,0.303433,0.290206,0.293991,348463416.4
30-06-1993,Wednesday,June,1993,Q2,0.292192,0.299788,0.290206,0.298019,237136576.8
01-07-1993,Thursday,July,1993,Q3,0.293991,0.299788,0.286542,0.286542,258343595.9
02-07-1993,Friday,July,1993,Q3,0.288281,0.292192,0.284705,0.290206,226924328.6
06-07-1993,Tuesday,July,1993,Q3,0.288281,0.293991,0.282909,0.284705,183847141.5
07-07-1993,Wednesday,July,1993,Q3,0.282909,0.285633,0.27322,0.275056,268847616.8
08-07-1993,Thursday,July,1993,Q3,0.275056,0.282909,0.27322,0.275056,164563214.7
09-07-1993,Friday,July,1993,Q3,0.278937,0.280756,0.275056,0.27715,185770242.9
12-07-1993,Monday,July,1993,Q3,0.27715,0.287392,0.27322,0.286542,205902987.9
13-07-1993,Tuesday,July,1993,Q3,0.292192,0.292192,0.278937,0.280756,187229139.6
14-07-1993,Wednesday,July,1993,Q3,0.27715,0.282909,0.269663,0.280756,291659412.3
15-07-1993,Thursday,July,1993,Q3,0.280756,0.284705,0.265732,0.269663,400293968.2
16-07-1993,Friday,July,1993,Q3,0.21469,0.22348,0.199699,0.207431,2511141061
19-07-1993,Monday,July,1993,Q3,0.211173,0.216873,0.192468,0.193404,954713430.7
20-07-1993,Tuesday,July,1993,Q3,0.197879,0.209308,0.194165,0.20266,629870830.4
21-07-1993,Wednesday,July,1993,Q3,0.196033,0.201741,0.192468,0.197879,539870341.3
22-07-1993,Thursday,July,1993,Q3,0.196033,0.20357,0.194165,0.199699,250067661.1
23-07-1993,Friday,July,1993,Q3,0.20357,0.207431,0.196033,0.197879,276831763.8
26-07-1993,Monday,July,1993,Q3,0.201741,0.207431,0.196033,0.20266,180969201.6
27-07-1993,Tuesday,July,1993,Q3,0.201741,0.207431,0.197879,0.199699,235186955.4
28-07-1993,Wednesday,July,1993,Q3,0.197879,0.20357,0.197879,0.20266,108700815.9
29-07-1993,Thursday,July,1993,Q3,0.20357,0.207431,0.201741,0.205464,143727619.3
30-07-1993,Friday,July,1993,Q3,0.207431,0.212863,0.20357,0.209308,253940351.6
02-08-1993,Monday,August,1993,Q3,0.212863,0.220458,0.211173,0.21469,256141940.8
03-08-1993,Tuesday,August,1993,Q3,0.218661,0.220458,0.216873,0.218661,208979866.8
04-08-1993,Wednesday,August,1993,Q3,0.220458,0.2298,0.218661,0.228042,287746951.5
05-08-1993,Thursday,August,1993,Q3,0.231954,0.231954,0.218661,0.22261,247932391.5
06-08-1993,Friday,August,1993,Q3,0.220458,0.228042,0.220458,0.220458,149112316.3
09-08-1993,Monday,August,1993,Q3,0.220458,0.228042,0.218661,0.224329,191141628.8
10-08-1993,Tuesday,August,1993,Q3,0.22261,0.224329,0.212863,0.21469,180916118
11-08-1993,Wednesday,August,1993,Q3,0.21469,0.21469,0.20357,0.207431,197719885.7
12-08-1993,Thursday,August,1993,Q3,0.207431,0.209308,0.196033,0.199699,400453081.1
13-08-1993,Friday,August,1993,Q3,0.199699,0.209308,0.197879,0.206343,164377629.3
16-08-1993,Monday,August,1993,Q3,0.207431,0.211173,0.205464,0.207431,121313663.2
17-08-1993,Tuesday,August,1993,Q3,0.209308,0.21469,0.205464,0.213782,128104128.8
18-08-1993,Wednesday,August,1993,Q3,0.218661,0.224329,0.212863,0.21469,223476020.9
19-08-1993,Thursday,August,1993,Q3,0.216873,0.216873,0.207431,0.207431,180146907.4
20-08-1993,Friday,August,1993,Q3,0.209308,0.211173,0.20357,0.211173,118342822.8
23-08-1993,Monday,August,1993,Q3,0.211173,0.216873,0.207431,0.213782,107971377.7
24-08-1993,Tuesday,August,1993,Q3,0.212863,0.216873,0.209308,0.211173,119907817.7
25-08-1993,Wednesday,August,1993,Q3,0.211173,0.212863,0.201741,0.205464,172613704.7
26-08-1993,Thursday,August,1993,Q3,0.205464,0.205464,0.199699,0.20266,208582035.4
27-08-1993,Friday,August,1993,Q3,0.20357,0.20357,0.197879,0.199699,220929596.7
30-08-1993,Monday,August,1993,Q3,0.199699,0.199699,0.195133,0.196033,324152950.8
31-08-1993,Tuesday,August,1993,Q3,0.199699,0.201741,0.196033,0.199699,151419906.6
01-09-1993,Wednesday,September,1993,Q3,0.199699,0.201741,0.194165,0.196942,267110209
02-09-1993,Thursday,September,1993,Q3,0.196033,0.197879,0.190265,0.194165,334245846.3
03-09-1993,Friday,September,1993,Q3,0.196033,0.196033,0.190265,0.194165,192945401.9
07-09-1993,Tuesday,September,1993,Q3,0.196033,0.20357,0.194165,0.197879,169974419.5
08-09-1993,Wednesday,September,1993,Q3,0.197879,0.20357,0.196033,0.201741,268370176.8
09-09-1993,Thursday,September,1993,Q3,0.201741,0.20357,0.196033,0.196033,177069964.8
10-09-1993,Friday,September,1993,Q3,0.197879,0.197879,0.191174,0.197879,159258186
13-09-1993,Monday,September,1993,Q3,0.197879,0.199699,0.186759,0.190265,302892940.2
14-09-1993,Tuesday,September,1993,Q3,0.182719,0.188457,0.180981,0.182719,327588052.6
15-09-1993,Wednesday,September,1993,Q3,0.184585,0.188457,0.177355,0.184585,305187340.9
16-09-1993,Thursday,September,1993,Q3,0.182719,0.188457,0.182719,0.186759,101790994.6
17-09-1993,Friday,September,1993,Q3,0.183646,0.192468,0.182719,0.190265,203714607.5
20-09-1993,Monday,September,1993,Q3,0.190265,0.192468,0.186759,0.187608,131486097.5
21-09-1993,Tuesday,September,1993,Q3,0.186759,0.190265,0.180092,0.184585,173475739.9
22-09-1993,Wednesday,September,1993,Q3,0.182719,0.192468,0.182719,0.192468,130836263.9
23-09-1993,Thursday,September,1993,Q3,0.192468,0.192468,0.184585,0.186759,155067163.4
24-09-1993,Friday,September,1993,Q3,0.188457,0.190265,0.184585,0.188457,90676908.5
27-09-1993,Monday,September,1993,Q3,0.188457,0.190265,0.182719,0.186759,134019276.4
28-09-1993,Tuesday,September,1993,Q3,0.186759,0.188457,0.182719,0.186759,111963483.6
29-09-1993,Wednesday,September,1993,Q3,0.182719,0.187608,0.179144,0.180092,280346368
30-09-1993,Thursday,September,1993,Q3,0.180981,0.180981,0.173416,0.176152,325532268.2
01-10-1993,Friday,October,1993,Q4,0.171627,0.173416,0.169434,0.171627,397866896.7
04-10-1993,Monday,October,1993,Q4,0.170707,0.173416,0.16592,0.171627,228356676.9
05-10-1993,Tuesday,October,1993,Q4,0.173416,0.180981,0.173416,0.177355,208780945
06-10-1993,Wednesday,October,1993,Q4,0.179144,0.180981,0.176152,0.178305,207560776
07-10-1993,Thursday,October,1993,Q4,0.177355,0.179144,0.171627,0.173416,159748866.2
08-10-1993,Friday,October,1993,Q4,0.175192,0.175192,0.167627,0.170707,165080485.8
11-10-1993,Monday,October,1993,Q4,0.171627,0.180981,0.171627,0.179144,190823293.6
12-10-1993,Tuesday,October,1993,Q4,0.180981,0.188457,0.179144,0.180981,362760582.9
13-10-1993,Wednesday,October,1993,Q4,0.182719,0.182719,0.177355,0.180981,209603270.6
14-10-1993,Thursday,October,1993,Q4,0.180981,0.184585,0.177355,0.179144,190279588.5
15-10-1993,Friday,October,1993,Q4,0.209308,0.21469,0.201741,0.212863,1131173252
18-10-1993,Monday,October,1993,Q4,0.211173,0.216873,0.209308,0.213782,394325738.1
19-10-1993,Tuesday,October,1993,Q4,0.212863,0.21469,0.205464,0.209308,252905941
20-10-1993,Wednesday,October,1993,Q4,0.211173,0.212863,0.205464,0.209308,163900097.2
21-10-1993,Thursday,October,1993,Q4,0.207431,0.23553,0.205464,0.228042,742603524.6
22-10-1993,Friday,October,1993,Q4,0.2298,0.237672,0.224329,0.228042,469021150.8
25-10-1993,Monday,October,1993,Q4,0.228042,0.2298,0.22348,0.226186,259484173.6
26-10-1993,Tuesday,October,1993,Q4,0.224329,0.226186,0.218661,0.224329,263449694.7
27-10-1993,Wednesday,October,1993,Q4,0.226186,0.243126,0.224329,0.239442,543610416.6
28-10-1993,Thursday,October,1993,Q4,0.239442,0.243126,0.233753,0.233753,289484313.7
29-10-1993,Friday,October,1993,Q4,0.233753,0.239442,0.2298,0.231954,162069862.8
01-11-1993,Monday,November,1993,Q4,0.231954,0.237672,0.228042,0.237672,125491438.5
02-11-1993,Tuesday,November,1993,Q4,0.23553,0.248853,0.233753,0.246946,265545208.1
03-11-1993,Wednesday,November,1993,Q4,0.248853,0.248853,0.233753,0.238641,209550182
04-11-1993,Thursday,November,1993,Q4,0.237672,0.243126,0.231954,0.243126,219510539.3
05-11-1993,Friday,November,1993,Q4,0.240408,0.243126,0.231954,0.240408,447654968.1
08-11-1993,Monday,November,1993,Q4,0.241218,0.242137,0.2298,0.231954,197746438.1
09-11-1993,Tuesday,November,1993,Q4,0.233753,0.23553,0.224329,0.227125,202786304.2
10-11-1993,Wednesday,November,1993,Q4,0.228042,0.231954,0.226186,0.231954,91154373.8
11-11-1993,Thursday,November,1993,Q4,0.231954,0.241218,0.2298,0.236438,168661390.4
12-11-1993,Friday,November,1993,Q4,0.237672,0.241218,0.2298,0.239442,170120285.1
15-11-1993,Monday,November,1993,Q4,0.237672,0.246946,0.237672,0.241218,186035503.7
16-11-1993,Tuesday,November,1993,Q4,0.241218,0.258128,0.239442,0.256389,358901217.7
17-11-1993,Wednesday,November,1993,Q4,0.256389,0.263906,0.246946,0.252706,358357386.1
18-11-1993,Thursday,November,1993,Q4,0.252706,0.254542,0.248853,0.252706,135478167
19-11-1993,Friday,November,1993,Q4,0.248853,0.252706,0.244933,0.248853,145610863.3
22-11-1993,Monday,November,1993,Q4,0.246946,0.248853,0.243126,0.244933,178343170.8
23-11-1993,Tuesday,November,1993,Q4,0.244933,0.248853,0.23553,0.248853,220452103
24-11-1993,Wednesday,November,1993,Q4,0.246946,0.252706,0.24586,0.248853,107096086.1
26-11-1993,Friday,November,1993,Q4,0.246946,0.248853,0.243126,0.24586,51445905.02
29-11-1993,Monday,November,1993,Q4,0.243126,0.244933,0.237672,0.239442,114523259.4
30-11-1993,Tuesday,November,1993,Q4,0.239442,0.24586,0.237672,0.237672,133409251.6
01-12-1993,Wednesday,December,1993,Q4,0.241218,0.243126,0.23553,0.237672,131698339.5
02-12-1993,Thursday,December,1993,Q4,0.239442,0.241218,0.233753,0.239442,119191582.3
03-12-1993,Friday,December,1993,Q4,0.239442,0.241218,0.233753,0.237672,142653309.7
06-12-1993,Monday,December,1993,Q4,0.237672,0.244933,0.23553,0.243126,185889594.6
07-12-1993,Tuesday,December,1993,Q4,0.241218,0.243126,0.237672,0.243126,75610495.95
08-12-1993,Wednesday,December,1993,Q4,0.241218,0.243126,0.237672,0.240408,46883596.33
09-12-1993,Thursday,December,1993,Q4,0.239442,0.241218,0.224329,0.226186,216420287.5
10-12-1993,Friday,December,1993,Q4,0.228042,0.2298,0.209308,0.212863,588836071
13-12-1993,Monday,December,1993,Q4,0.212863,0.22261,0.209308,0.22261,289325222
14-12-1993,Tuesday,December,1993,Q4,0.220458,0.224329,0.218661,0.219569,347747259.9
15-12-1993,Wednesday,December,1993,Q4,0.218661,0.224329,0.218661,0.224329,146698452.6
16-12-1993,Thursday,December,1993,Q4,0.22261,0.224329,0.218661,0.221336,149642734.5
17-12-1993,Friday,December,1993,Q4,0.22261,0.224329,0.219569,0.22261,171884286.7
20-12-1993,Monday,December,1993,Q4,0.220458,0.224329,0.212863,0.21469,223847375.8
21-12-1993,Tuesday,December,1993,Q4,0.21469,0.216873,0.205464,0.207431,297375673.6
22-12-1993,Wednesday,December,1993,Q4,0.205464,0.21469,0.20357,0.211173,214775732.6
23-12-1993,Thursday,December,1993,Q4,0.205464,0.205464,0.199699,0.205464,268754787.2
27-12-1993,Monday,December,1993,Q4,0.209308,0.216873,0.205464,0.21469,189390959.5
28-12-1993,Tuesday,December,1993,Q4,0.216873,0.22261,0.21469,0.219569,188873706.6
29-12-1993,Wednesday,December,1993,Q4,0.220458,0.220458,0.21469,0.21469,127122708.6
30-12-1993,Thursday,December,1993,Q4,0.21469,0.228042,0.21469,0.224329,372482100.2
31-12-1993,Friday,December,1993,Q4,0.224329,0.228042,0.220458,0.220458,190611157.9
03-01-1994,Monday,January,1994,Q1,0.22261,0.226186,0.218661,0.225257,214961356.4
04-01-1994,Tuesday,January,1994,Q1,0.228042,0.237672,0.226186,0.237672,337694180.3
05-01-1994,Wednesday,January,1994,Q1,0.239442,0.255449,0.239442,0.254542,724871340.2
06-01-1994,Thursday,January,1994,Q1,0.254542,0.256389,0.244933,0.246946,434007675.7
07-01-1994,Friday,January,1994,Q1,0.241218,0.250631,0.23553,0.249743,353821536.7
10-01-1994,Monday,January,1994,Q1,0.248853,0.255449,0.246946,0.253327,238714877.7
11-01-1994,Tuesday,January,1994,Q1,0.252706,0.254542,0.239442,0.240408,420851161.8
12-01-1994,Wednesday,January,1994,Q1,0.243126,0.243126,0.2298,0.2298,519989552
13-01-1994,Thursday,January,1994,Q1,0.226186,0.231954,0.224329,0.230978,629499473.4
14-01-1994,Friday,January,1994,Q1,0.231954,0.239442,0.2298,0.233753,254019926.8
17-01-1994,Monday,January,1994,Q1,0.233753,0.237672,0.226186,0.228941,172547367.7
18-01-1994,Tuesday,January,1994,Q1,0.228042,0.228042,0.218661,0.221336,429617746.5
19-01-1994,Wednesday,January,1994,Q1,0.220458,0.224329,0.216873,0.220458,333450090.4
20-01-1994,Thursday,January,1994,Q1,0.22261,0.231954,0.22261,0.225257,317455337.1
21-01-1994,Friday,January,1994,Q1,0.250631,0.252706,0.243126,0.251844,1160642950
24-01-1994,Monday,January,1994,Q1,0.250631,0.265732,0.250631,0.263906,819619872.1
25-01-1994,Tuesday,January,1994,Q1,0.262078,0.263906,0.250631,0.255449,523795955.1
26-01-1994,Wednesday,January,1994,Q1,0.254542,0.256389,0.250631,0.252706,196340591.6
27-01-1994,Thursday,January,1994,Q1,0.252706,0.258128,0.248853,0.257279,156605615
28-01-1994,Friday,January,1994,Q1,0.258128,0.262078,0.254542,0.256389,161565857.3
31-01-1994,Monday,January,1994,Q1,0.252706,0.254542,0.246946,0.246946,282282705.6
01-02-1994,Tuesday,February,1994,Q1,0.248853,0.252706,0.243126,0.250631,185584570.5
02-02-1994,Wednesday,February,1994,Q1,0.250631,0.250631,0.244933,0.248853,173422712
03-02-1994,Thursday,February,1994,Q1,0.248853,0.253327,0.244933,0.252706,163409383.6
04-02-1994,Friday,February,1994,Q1,0.252706,0.263906,0.250631,0.252706,419206543.1
07-02-1994,Monday,February,1994,Q1,0.252706,0.279885,0.252706,0.275056,859049775.1
08-02-1994,Tuesday,February,1994,Q1,0.271471,0.275056,0.265732,0.269663,337946163.4
09-02-1994,Wednesday,February,1994,Q1,0.269663,0.275056,0.265732,0.27322,221420274.9
10-02-1994,Thursday,February,1994,Q1,0.27322,0.282909,0.271471,0.275056,357654427.4
11-02-1994,Friday,February,1994,Q1,0.27322,0.282909,0.27322,0.278937,194497086.6
14-02-1994,Monday,February,1994,Q1,0.278937,0.286542,0.27715,0.278937,290770812.6
15-02-1994,Tuesday,February,1994,Q1,0.27715,0.282909,0.27322,0.279885,153674620.9
16-02-1994,Wednesday,February,1994,Q1,0.282909,0.282909,0.27715,0.27715,144496829.9
17-02-1994,Thursday,February,1994,Q1,0.280756,0.285633,0.27322,0.278937,171884286.7
18-02-1994,Friday,February,1994,Q1,0.275056,0.278937,0.27322,0.27322,176526161.5
22-02-1994,Tuesday,February,1994,Q1,0.27322,0.282909,0.269663,0.280756,254086284
23-02-1994,Wednesday,February,1994,Q1,0.280756,0.288281,0.278937,0.280756,308516275.7
24-02-1994,Thursday,February,1994,Q1,0.278937,0.280756,0.27322,0.275964,234298414.4
25-02-1994,Friday,February,1994,Q1,0.278937,0.280756,0.267787,0.271471,280439195.6
28-02-1994,Monday,February,1994,Q1,0.27322,0.278937,0.271471,0.275056,146632152.1
01-03-1994,Tuesday,March,1994,Q1,0.27715,0.27715,0.269663,0.27322,250889930.9
02-03-1994,Wednesday,March,1994,Q1,0.265732,0.27322,0.262078,0.268448,348317552.8
03-03-1994,Thursday,March,1994,Q1,0.269663,0.27322,0.267787,0.269663,223184307
04-03-1994,Friday,March,1994,Q1,0.271471,0.282909,0.269663,0.27715,268622181.1
07-03-1994,Monday,March,1994,Q1,0.278937,0.287392,0.27715,0.285633,367561662.7
08-03-1994,Tuesday,March,1994,Q1,0.286542,0.286542,0.27715,0.278937,220319546.6
09-03-1994,Wednesday,March,1994,Q1,0.275964,0.282909,0.271471,0.282909,294311976.3
10-03-1994,Thursday,March,1994,Q1,0.280756,0.28348,0.27715,0.280756,170239646.8
11-03-1994,Friday,March,1994,Q1,0.278937,0.284705,0.27715,0.280756,191645638.4
14-03-1994,Monday,March,1994,Q1,0.290206,0.290206,0.284705,0.287392,523053267.6
15-03-1994,Tuesday,March,1994,Q1,0.288281,0.288281,0.280756,0.28348,242216166.7
16-03-1994,Wednesday,March,1994,Q1,0.282909,0.284705,0.275056,0.27715,174271494.8
17-03-1994,Thursday,March,1994,Q1,0.27715,0.278937,0.27322,0.275056,185001047.5
18-03-1994,Friday,March,1994,Q1,0.27715,0.27715,0.269663,0.274512,264868777.5
21-03-1994,Monday,March,1994,Q1,0.274512,0.275056,0.265732,0.267787,291911425.7
22-03-1994,Tuesday,March,1994,Q1,0.265732,0.267787,0.259944,0.263906,287547944.6
23-03-1994,Wednesday,March,1994,Q1,0.265732,0.267787,0.258128,0.264823,256592939.8
24-03-1994,Thursday,March,1994,Q1,0.264823,0.265732,0.256389,0.260913,222733325.2
25-03-1994,Friday,March,1994,Q1,0.262078,0.262078,0.246946,0.246946,406925265.2
28-03-1994,Monday,March,1994,Q1,0.248853,0.256389,0.246946,0.250631,334617229.6
29-03-1994,Tuesday,March,1994,Q1,0.250631,0.254542,0.243126,0.246946,252839570.6
30-03-1994,Wednesday,March,1994,Q1,0.244933,0.250631,0.239442,0.244933,201101925.3
31-03-1994,Thursday,March,1994,Q1,0.244933,0.252706,0.237672,0.250631,247561009.3
04-04-1994,Monday,April,1994,Q2,0.243126,0.250631,0.239442,0.250631,199298154.3
05-04-1994,Tuesday,April,1994,Q2,0.254542,0.258128,0.252706,0.252706,115929056.3
06-04-1994,Wednesday,April,1994,Q2,0.256389,0.256389,0.246946,0.252706,152865528.5
07-04-1994,Thursday,April,1994,Q2,0.252706,0.254542,0.246946,0.251844,91618564.41
08-04-1994,Friday,April,1994,Q2,0.254542,0.256389,0.250631,0.252706,209417587
11-04-1994,Monday,April,1994,Q2,0.252706,0.252706,0.244933,0.252706,126499383.8
12-04-1994,Tuesday,April,1994,Q2,0.251844,0.251844,0.239442,0.241218,162030024.6
13-04-1994,Wednesday,April,1994,Q2,0.243126,0.244933,0.23553,0.239442,276075756
14-04-1994,Thursday,April,1994,Q2,0.2298,0.239442,0.226186,0.237672,262879438.3
15-04-1994,Friday,April,1994,Q2,0.23553,0.237672,0.226186,0.228042,223038334.1
18-04-1994,Monday,April,1994,Q2,0.2298,0.2298,0.220458,0.22348,272707020.4
19-04-1994,Tuesday,April,1994,Q2,0.224329,0.226186,0.21469,0.218661,196871108
20-04-1994,Wednesday,April,1994,Q2,0.220458,0.226186,0.211173,0.212863,333755165.1
21-04-1994,Thursday,April,1994,Q2,0.21469,0.2298,0.20357,0.22348,486143209.1
22-04-1994,Friday,April,1994,Q2,0.23553,0.241218,0.21469,0.224329,826344012.9
25-04-1994,Monday,April,1994,Q2,0.224329,0.233753,0.22261,0.233753,425400183.7
26-04-1994,Tuesday,April,1994,Q2,0.237672,0.237672,0.233753,0.23553,194470530.2
28-04-1994,Thursday,April,1994,Q2,0.233753,0.23553,0.224329,0.228042,118979456.7
29-04-1994,Friday,April,1994,Q2,0.226186,0.2298,0.224329,0.226186,112242022.1
02-05-1994,Monday,May,1994,Q2,0.226186,0.23553,0.226186,0.233753,145915885.3
03-05-1994,Tuesday,May,1994,Q2,0.233753,0.23553,0.22261,0.228042,157374876.2
04-05-1994,Wednesday,May,1994,Q2,0.233753,0.250631,0.2298,0.248853,431222560.4
05-05-1994,Thursday,May,1994,Q2,0.250631,0.254542,0.243126,0.247896,341434267.8
06-05-1994,Friday,May,1994,Q2,0.243126,0.246946,0.23553,0.243688,222361974.3
09-05-1994,Monday,May,1994,Q2,0.243126,0.244933,0.231954,0.23553,166340448.5
10-05-1994,Tuesday,May,1994,Q2,0.239442,0.241218,0.233753,0.233753,173886871.2
11-05-1994,Wednesday,May,1994,Q2,0.233753,0.237672,0.224329,0.228042,172321876.4
12-05-1994,Thursday,May,1994,Q2,0.2298,0.231954,0.22261,0.223747,126830900.5
13-05-1994,Friday,May,1994,Q2,0.224329,0.2298,0.220458,0.226186,109668997.9
16-05-1994,Monday,May,1994,Q2,0.226186,0.2298,0.22261,0.22261,160319194.6
17-05-1994,Tuesday,May,1994,Q2,0.224329,0.224329,0.216873,0.221336,213277037.2
18-05-1994,Wednesday,May,1994,Q2,0.224329,0.231954,0.220458,0.230978,146671892.1
19-05-1994,Thursday,May,1994,Q2,0.231954,0.244933,0.2298,0.242137,323967313.8
20-05-1994,Friday,May,1994,Q2,0.239442,0.243126,0.233753,0.234067,116220786.5
23-05-1994,Monday,May,1994,Q2,0.233753,0.23553,0.226186,0.2298,142043274.8
24-05-1994,Tuesday,May,1994,Q2,0.233753,0.23553,0.228042,0.231954,149735557
25-05-1994,Wednesday,May,1994,Q2,0.228042,0.239442,0.226186,0.23553,161181290.5
26-05-1994,Thursday,May,1994,Q2,0.237672,0.237672,0.228042,0.2298,86485906.14
27-05-1994,Friday,May,1994,Q2,0.228042,0.231954,0.22261,0.2259,128701006.5
31-05-1994,Tuesday,May,1994,Q2,0.22261,0.22261,0.21469,0.220458,304802692.1
01-06-1994,Wednesday,June,1994,Q2,0.21469,0.215954,0.210197,0.212863,456806235
02-06-1994,Thursday,June,1994,Q2,0.213782,0.21469,0.204506,0.206343,455811490.5
03-06-1994,Friday,June,1994,Q2,0.204506,0.211173,0.201741,0.208357,418821905.4
06-06-1994,Monday,June,1994,Q2,0.207431,0.209308,0.20357,0.206343,149244872.7
07-06-1994,Tuesday,June,1994,Q2,0.205464,0.209308,0.205464,0.207431,166075187.8
08-06-1994,Wednesday,June,1994,Q2,0.207431,0.208357,0.196033,0.196942,324656913.8
09-06-1994,Thursday,June,1994,Q2,0.193404,0.20357,0.192468,0.20357,347588103.5
10-06-1994,Friday,June,1994,Q2,0.204506,0.206343,0.198728,0.199699,169019503.1
13-06-1994,Monday,June,1994,Q2,0.198728,0.204853,0.198728,0.20357,110013880.4
14-06-1994,Tuesday,June,1994,Q2,0.205464,0.206343,0.200832,0.203864,182786093.4
15-06-1994,Wednesday,June,1994,Q2,0.20357,0.211173,0.20266,0.209938,188847190.6
16-06-1994,Thursday,June,1994,Q2,0.209308,0.209308,0.196942,0.198728,258409891.4
17-06-1994,Friday,June,1994,Q2,0.196033,0.201741,0.195133,0.199699,265836991.8
20-06-1994,Monday,June,1994,Q2,0.197879,0.205464,0.196033,0.204506,236712177.8
21-06-1994,Tuesday,June,1994,Q2,0.20266,0.205464,0.194165,0.196033,288078499.6
22-06-1994,Wednesday,June,1994,Q2,0.197879,0.201741,0.196033,0.197879,134828330.3
23-06-1994,Thursday,June,1994,Q2,0.197879,0.197879,0.187608,0.189445,241446906.5
24-06-1994,Friday,June,1994,Q2,0.189445,0.196942,0.186759,0.19311,346792327.3
27-06-1994,Monday,June,1994,Q2,0.190265,0.197879,0.18577,0.197879,303091837.7
28-06-1994,Tuesday,June,1994,Q2,0.197879,0.204506,0.193404,0.201741,206314086.9
29-06-1994,Wednesday,June,1994,Q2,0.201741,0.204506,0.195133,0.196942,160531364.7
30-06-1994,Thursday,June,1994,Q2,0.197879,0.20266,0.197879,0.199699,120464800.5
01-07-1994,Friday,July,1994,Q3,0.198728,0.199699,0.191174,0.194165,212295613
05-07-1994,Tuesday,July,1994,Q3,0.193404,0.201741,0.193404,0.199699,101658431.1
06-07-1994,Wednesday,July,1994,Q3,0.197879,0.199699,0.196033,0.196942,115318964.7
07-07-1994,Thursday,July,1994,Q3,0.195133,0.20357,0.192468,0.202303,201486466.8
08-07-1994,Friday,July,1994,Q3,0.199699,0.208357,0.199699,0.203864,246579643.7
11-07-1994,Monday,July,1994,Q3,0.204506,0.206343,0.200832,0.20357,126021915.4
12-07-1994,Tuesday,July,1994,Q3,0.20357,0.214394,0.198728,0.213782,286937934
13-07-1994,Wednesday,July,1994,Q3,0.21469,0.228042,0.21469,0.223747,533185938.6
14-07-1994,Thursday,July,1994,Q3,0.22348,0.224329,0.212863,0.215954,213940118.2
15-07-1994,Friday,July,1994,Q3,0.212863,0.215954,0.207431,0.212863,112454187.1
18-07-1994,Monday,July,1994,Q3,0.212074,0.218661,0.211173,0.213782,90504477.37
19-07-1994,Tuesday,July,1994,Q3,0.215954,0.216873,0.206343,0.208715,137799136.2
20-07-1994,Wednesday,July,1994,Q3,0.206343,0.208357,0.198728,0.200832,257401935
21-07-1994,Thursday,July,1994,Q3,0.200832,0.21469,0.199699,0.211173,342787005.5
22-07-1994,Friday,July,1994,Q3,0.238641,0.240963,0.226186,0.233753,931437442.5
25-07-1994,Monday,July,1994,Q3,0.23465,0.240408,0.231954,0.238868,500493433.8
26-07-1994,Tuesday,July,1994,Q3,0.239442,0.241218,0.23465,0.236438,223582093.8
27-07-1994,Wednesday,July,1994,Q3,0.23553,0.236438,0.230978,0.234067,158422601
28-07-1994,Thursday,July,1994,Q3,0.233753,0.242137,0.232814,0.240408,290492310.6
29-07-1994,Friday,July,1994,Q3,0.240408,0.256389,0.240408,0.253968,658120260.6
01-08-1994,Monday,August,1994,Q3,0.253327,0.254542,0.246946,0.251844,271500200
02-08-1994,Tuesday,August,1994,Q3,0.252706,0.253327,0.244319,0.245575,319206037.8
03-08-1994,Wednesday,August,1994,Q3,0.246946,0.250631,0.242137,0.249743,268622181.1
04-08-1994,Thursday,August,1994,Q3,0.249743,0.254542,0.249743,0.250631,218781026.1
05-08-1994,Friday,August,1994,Q3,0.247896,0.251844,0.247896,0.250631,103037741.4
08-08-1994,Monday,August,1994,Q3,0.249743,0.256389,0.248853,0.254542,167295312.3
09-08-1994,Tuesday,August,1994,Q3,0.252706,0.255449,0.249743,0.253327,93077421.58
10-08-1994,Wednesday,August,1994,Q3,0.253327,0.263008,0.250631,0.260913,300266909.4
11-08-1994,Thursday,August,1994,Q3,0.258128,0.264823,0.255449,0.258791,352986024.5
12-08-1994,Friday,August,1994,Q3,0.259393,0.264823,0.255449,0.262078,212733272.5
15-08-1994,Monday,August,1994,Q3,0.262078,0.263906,0.258128,0.260913,142189080.6
16-08-1994,Tuesday,August,1994,Q3,0.259393,0.262078,0.256389,0.262078,184417456.6
17-08-1994,Wednesday,August,1994,Q3,0.263008,0.266829,0.260913,0.263906,338887822.3
18-08-1994,Thursday,August,1994,Q3,0.262078,0.265732,0.259944,0.260913,244245396.8
19-08-1994,Friday,August,1994,Q3,0.262078,0.263906,0.258128,0.263008,154589681.9
22-08-1994,Monday,August,1994,Q3,0.262078,0.263906,0.260913,0.263008,180491675.5
23-08-1994,Tuesday,August,1994,Q3,0.263008,0.270583,0.262078,0.263906,253940351.6
24-08-1994,Wednesday,August,1994,Q3,0.262078,0.263906,0.259393,0.263008,203184137.7
25-08-1994,Thursday,August,1994,Q3,0.258128,0.274512,0.258128,0.264499,353821536.7
26-08-1994,Friday,August,1994,Q3,0.265732,0.272281,0.265732,0.269663,241805027.2
29-08-1994,Monday,August,1994,Q3,0.269663,0.272281,0.265732,0.266829,180120325.7
30-08-1994,Tuesday,August,1994,Q3,0.265732,0.274512,0.264823,0.27322,215611246.8
31-08-1994,Wednesday,August,1994,Q3,0.271471,0.281979,0.269663,0.272615,416633570.6
01-09-1994,Thursday,September,1994,Q3,0.266829,0.269663,0.260913,0.263906,241911145.7
02-09-1994,Friday,September,1994,Q3,0.265732,0.267787,0.263906,0.266829,119960904.3
06-09-1994,Tuesday,September,1994,Q3,0.265732,0.268448,0.263906,0.268122,108263197.9
07-09-1994,Wednesday,September,1994,Q3,0.268448,0.275964,0.266829,0.272281,241446906.5
08-09-1994,Thursday,September,1994,Q3,0.271471,0.27322,0.268448,0.272281,188091180.8
09-09-1994,Friday,September,1994,Q3,0.269663,0.271471,0.266829,0.269663,186194688.5
12-09-1994,Monday,September,1994,Q3,0.268448,0.269663,0.266829,0.269663,107215468.1
13-09-1994,Tuesday,September,1994,Q3,0.269663,0.27322,0.268448,0.270255,123422402.6
14-09-1994,Wednesday,September,1994,Q3,0.268448,0.269663,0.263906,0.264823,117334804.7
15-09-1994,Thursday,September,1994,Q3,0.264823,0.272281,0.264823,0.271471,306646227.4
16-09-1994,Friday,September,1994,Q3,0.270583,0.280756,0.267787,0.274512,431209266.5
19-09-1994,Monday,September,1994,Q3,0.274512,0.27715,0.267787,0.267787,206460028.4
20-09-1994,Tuesday,September,1994,Q3,0.264823,0.266829,0.259393,0.260596,233582191.1
21-09-1994,Wednesday,September,1994,Q3,0.259944,0.260913,0.254542,0.257279,278091714.4
22-09-1994,Thursday,September,1994,Q3,0.258128,0.258128,0.253327,0.255449,173170701.6
23-09-1994,Friday,September,1994,Q3,0.255449,0.259944,0.255449,0.255728,157348313.7
26-09-1994,Monday,September,1994,Q3,0.255449,0.259944,0.253327,0.255728,167799349.2
27-09-1994,Tuesday,September,1994,Q3,0.254542,0.257279,0.251844,0.255449,129178509.2
28-09-1994,Wednesday,September,1994,Q3,0.256389,0.259393,0.253327,0.255449,96233924.24
29-09-1994,Thursday,September,1994,Q3,0.254542,0.259393,0.251844,0.257279,129523241.9
30-09-1994,Friday,September,1994,Q3,0.257279,0.259944,0.253327,0.253968,84907584.95
03-10-1994,Monday,October,1994,Q4,0.253327,0.254542,0.244933,0.249743,153462349.5
04-10-1994,Tuesday,October,1994,Q4,0.250631,0.256389,0.248853,0.254542,192295489.2
05-10-1994,Wednesday,October,1994,Q4,0.253327,0.287392,0.251844,0.285633,840521796.3
06-10-1994,Thursday,October,1994,Q4,0.281979,0.282591,0.271471,0.27322,623955643.3
07-10-1994,Friday,October,1994,Q4,0.272281,0.279569,0.267787,0.278937,431501015.8
10-10-1994,Monday,October,1994,Q4,0.279885,0.298543,0.278937,0.29306,619804471
11-10-1994,Tuesday,October,1994,Q4,0.312133,0.315785,0.297102,0.298543,997432514.3
12-10-1994,Wednesday,October,1994,Q4,0.298543,0.32121,0.294978,0.317615,707324835.4
13-10-1994,Thursday,October,1994,Q4,0.32121,0.323294,0.306059,0.310049,622045870.2
14-10-1994,Friday,October,1994,Q4,0.313062,0.316676,0.308302,0.310049,208475937.2
17-10-1994,Monday,October,1994,Q4,0.308302,0.313062,0.29306,0.299788,359975495.9
18-10-1994,Tuesday,October,1994,Q4,0.306059,0.313693,0.30512,0.310888,555003000.7
19-10-1994,Wednesday,October,1994,Q4,0.30916,0.317615,0.30916,0.310888,415744938.5
20-10-1994,Thursday,October,1994,Q4,0.310888,0.315463,0.30512,0.30916,258317043.5
21-10-1994,Friday,October,1994,Q4,0.307333,0.322365,0.307333,0.32121,382137391
24-10-1994,Monday,October,1994,Q4,0.322365,0.325181,0.315785,0.318515,242163156.1
25-10-1994,Tuesday,October,1994,Q4,0.313693,0.32121,0.313062,0.32121,357004625.1
26-10-1994,Wednesday,October,1994,Q4,0.32121,0.326,0.32121,0.326,233011895.2
27-10-1994,Thursday,October,1994,Q4,0.326,0.329971,0.32027,0.322365,188767639.7
28-10-1994,Friday,October,1994,Q4,0.319709,0.323294,0.314822,0.317615,323662246.2
31-10-1994,Monday,October,1994,Q4,0.316676,0.327273,0.313062,0.325507,421447904.8
01-11-1994,Tuesday,November,1994,Q4,0.323294,0.327839,0.319709,0.325181,258264013.7
02-11-1994,Wednesday,November,1994,Q4,0.325181,0.326,0.312133,0.312133,259033243.5
03-11-1994,Thursday,November,1994,Q4,0.314822,0.316676,0.30916,0.313062,130876060.6
04-11-1994,Friday,November,1994,Q4,0.313062,0.313693,0.301704,0.304586,227414980.5
07-11-1994,Monday,November,1994,Q4,0.304586,0.310888,0.302484,0.307333,133860187.8
08-11-1994,Tuesday,November,1994,Q4,0.306059,0.32121,0.303433,0.318515,413238340.3
09-11-1994,Wednesday,November,1994,Q4,0.322365,0.324263,0.30916,0.313693,481169785.2
10-11-1994,Thursday,November,1994,Q4,0.314822,0.315785,0.30916,0.311529,181154817.3
11-11-1994,Friday,November,1994,Q4,0.310888,0.313062,0.30916,0.310049,73740465.89
14-11-1994,Monday,November,1994,Q4,0.310888,0.322365,0.310888,0.32027,165345741.5
15-11-1994,Tuesday,November,1994,Q4,0.32027,0.324263,0.310888,0.312133,198489223.9
16-11-1994,Wednesday,November,1994,Q4,0.307333,0.313388,0.306059,0.308666,221911037.2
17-11-1994,Thursday,November,1994,Q4,0.308302,0.30916,0.300715,0.301704,178144198.4
18-11-1994,Friday,November,1994,Q4,0.301704,0.30512,0.298543,0.301704,174112342.4
21-11-1994,Monday,November,1994,Q4,0.301704,0.303433,0.286542,0.287392,239908515.7
22-11-1994,Tuesday,November,1994,Q4,0.284705,0.294978,0.280756,0.281979,265651352.9
23-11-1994,Wednesday,November,1994,Q4,0.278937,0.285633,0.274512,0.278087,388185151.7
25-11-1994,Friday,November,1994,Q4,0.278087,0.284705,0.27715,0.284705,99735323.58
28-11-1994,Monday,November,1994,Q4,0.28348,0.288281,0.281407,0.285329,164218384.8
29-11-1994,Tuesday,November,1994,Q4,0.286542,0.290206,0.284705,0.288281,170677305.3
30-11-1994,Wednesday,November,1994,Q4,0.289565,0.297102,0.278937,0.280756,369498083.4
01-12-1994,Thursday,December,1994,Q4,0.278937,0.28348,0.271471,0.272615,366288442.5
02-12-1994,Friday,December,1994,Q4,0.275056,0.27715,0.268448,0.275619,203979897.6
05-12-1994,Monday,December,1994,Q4,0.275056,0.281979,0.272281,0.280193,213475927.6
06-12-1994,Tuesday,December,1994,Q4,0.278937,0.289565,0.278087,0.283224,281937861.6
07-12-1994,Wednesday,December,1994,Q4,0.282909,0.285329,0.271984,0.275964,162587070.2
08-12-1994,Thursday,December,1994,Q4,0.278087,0.278937,0.269663,0.270583,201141694.7
09-12-1994,Friday,December,1994,Q4,0.270583,0.274512,0.262078,0.27322,308741700.3
12-12-1994,Monday,December,1994,Q4,0.274512,0.27715,0.267787,0.275056,265346281.2
13-12-1994,Tuesday,December,1994,Q4,0.275964,0.278385,0.27322,0.274512,141154626.5
14-12-1994,Wednesday,December,1994,Q4,0.275056,0.287392,0.275056,0.285633,368781815.6
15-12-1994,Thursday,December,1994,Q4,0.286542,0.289565,0.278087,0.279885,269510729.2
16-12-1994,Friday,December,1994,Q4,0.280756,0.284705,0.27715,0.280756,212892401.6
19-12-1994,Monday,December,1994,Q4,0.280756,0.297102,0.280756,0.294978,394113564.9
20-12-1994,Tuesday,December,1994,Q4,0.294978,0.295847,0.289565,0.290206,207401696.5
21-12-1994,Wednesday,December,1994,Q4,0.285633,0.290206,0.282909,0.289565,186433425.2
22-12-1994,Thursday,December,1994,Q4,0.290206,0.29306,0.288281,0.291156,157587011.9
23-12-1994,Friday,December,1994,Q4,0.290206,0.297102,0.290206,0.29306,111181014.5
27-12-1994,Tuesday,December,1994,Q4,0.295847,0.299788,0.29306,0.294978,97003199.64
28-12-1994,Wednesday,December,1994,Q4,0.294978,0.295847,0.288281,0.294978,105584169.7
29-12-1994,Thursday,December,1994,Q4,0.295847,0.300715,0.294978,0.298019,143687801.3
30-12-1994,Friday,December,1994,Q4,0.297102,0.300715,0.292192,0.293991,86552212.72
03-01-1995,Tuesday,January,1995,Q1,0.29306,0.29306,0.285633,0.289565,122998089.7
04-01-1995,Wednesday,January,1995,Q1,0.291156,0.298543,0.291156,0.297102,187905531.7
05-01-1995,Thursday,January,1995,Q1,0.295847,0.297102,0.292192,0.29306,87202042.32
06-01-1995,Friday,January,1995,Q1,0.313693,0.325181,0.310049,0.316676,1274900873
09-01-1995,Monday,January,1995,Q1,0.313693,0.315785,0.30916,0.310671,324564097.3
10-01-1995,Tuesday,January,1995,Q1,0.310888,0.331758,0.310888,0.329377,728014610.7
11-01-1995,Wednesday,January,1995,Q1,0.329971,0.362534,0.321792,0.352568,1034753684
12-01-1995,Thursday,January,1995,Q1,0.34768,0.349852,0.337437,0.342315,653398800.6
13-01-1995,Friday,January,1995,Q1,0.34768,0.34768,0.3348,0.338326,416089805.8
16-01-1995,Monday,January,1995,Q1,0.338326,0.341152,0.333507,0.335413,223781086.4
17-01-1995,Tuesday,January,1995,Q1,0.335413,0.343225,0.332627,0.339275,390903938.2
18-01-1995,Wednesday,January,1995,Q1,0.339275,0.343806,0.337437,0.343806,151167930.6
19-01-1995,Thursday,January,1995,Q1,0.343225,0.346839,0.339275,0.34596,372177064
20-01-1995,Friday,January,1995,Q1,0.354367,0.354367,0.32027,0.32121,1184595357
23-01-1995,Monday,January,1995,Q1,0.315785,0.32121,0.30916,0.318515,471938911.7
24-01-1995,Tuesday,January,1995,Q1,0.318515,0.319709,0.312133,0.313693,258264013.7
25-01-1995,Wednesday,January,1995,Q1,0.298019,0.316676,0.298019,0.308836,612297766
26-01-1995,Thursday,January,1995,Q1,0.308302,0.313062,0.295847,0.298019,291765505.5
27-01-1995,Friday,January,1995,Q1,0.300715,0.304586,0.293991,0.300715,353556264.8
30-01-1995,Monday,January,1995,Q1,0.302484,0.30512,0.300715,0.302484,273051930.3
31-01-1995,Tuesday,January,1995,Q1,0.30512,0.308302,0.301704,0.304586,251964273.9
01-02-1995,Wednesday,February,1995,Q1,0.307333,0.307333,0.300715,0.302484,187534168.7
02-02-1995,Thursday,February,1995,Q1,0.302484,0.315785,0.302484,0.313693,241075555.6
03-02-1995,Friday,February,1995,Q1,0.316676,0.317615,0.304586,0.30512,377999435.7
06-02-1995,Monday,February,1995,Q1,0.307333,0.307333,0.298019,0.30512,287786691.5
07-02-1995,Tuesday,February,1995,Q1,0.304586,0.30916,0.301704,0.307946,238728082.6
08-02-1995,Wednesday,February,1995,Q1,0.30916,0.319709,0.308302,0.319128,477058285.1
09-02-1995,Thursday,February,1995,Q1,0.317615,0.330909,0.317615,0.328764,562947354.1
10-02-1995,Friday,February,1995,Q1,0.328764,0.332935,0.327273,0.329971,415599119.5
13-02-1995,Monday,February,1995,Q1,0.328103,0.335413,0.326,0.329971,335558856.1
14-02-1995,Tuesday,February,1995,Q1,0.329971,0.332627,0.32121,0.323571,196115101.2
15-02-1995,Wednesday,February,1995,Q1,0.326,0.328103,0.32027,0.320913,218449514.5
16-02-1995,Thursday,February,1995,Q1,0.325181,0.326,0.32121,0.325507,259073038.2
17-02-1995,Friday,February,1995,Q1,0.323294,0.324263,0.32027,0.32027,144218317.7
21-02-1995,Tuesday,February,1995,Q1,0.32121,0.322365,0.308302,0.30916,357123958.6
22-02-1995,Wednesday,February,1995,Q1,0.306059,0.30916,0.302484,0.307946,347455468.1
23-02-1995,Thursday,February,1995,Q1,0.310049,0.315785,0.301704,0.302859,372667796.9
24-02-1995,Friday,February,1995,Q1,0.302484,0.304586,0.290206,0.293991,673571311.9
27-02-1995,Monday,February,1995,Q1,0.288281,0.293991,0.287392,0.288281,318317380.4
28-02-1995,Tuesday,February,1995,Q1,0.290206,0.300715,0.286542,0.298019,264033268.4
01-03-1995,Wednesday,March,1995,Q1,0.299788,0.302484,0.297377,0.301704,265783937.7
02-03-1995,Thursday,March,1995,Q1,0.302484,0.307333,0.299788,0.301704,318237830.5
03-03-1995,Friday,March,1995,Q1,0.299788,0.30673,0.298019,0.303433,172613704.7
06-03-1995,Monday,March,1995,Q1,0.299788,0.301704,0.298019,0.299788,157162633.2
07-03-1995,Tuesday,March,1995,Q1,0.300715,0.300715,0.288281,0.288903,178555342.9
08-03-1995,Wednesday,March,1995,Q1,0.292192,0.302484,0.284705,0.298287,432071386.7
09-03-1995,Thursday,March,1995,Q1,0.300715,0.304586,0.297102,0.299788,232905751.4
10-03-1995,Friday,March,1995,Q1,0.298543,0.304586,0.297102,0.298019,162719734
13-03-1995,Monday,March,1995,Q1,0.298543,0.298543,0.286542,0.287392,385744802.5
14-03-1995,Tuesday,March,1995,Q1,0.288281,0.288281,0.259944,0.263906,861914584.1
15-03-1995,Wednesday,March,1995,Q1,0.267787,0.27322,0.263008,0.263906,865588238.4
16-03-1995,Thursday,March,1995,Q1,0.265732,0.271471,0.263906,0.265732,375068325.2
17-03-1995,Friday,March,1995,Q1,0.267787,0.267787,0.263008,0.264823,255359508.2
20-03-1995,Monday,March,1995,Q1,0.264823,0.268448,0.263906,0.265732,224855351.5
21-03-1995,Tuesday,March,1995,Q1,0.267787,0.27715,0.265732,0.27322,361606754.8
22-03-1995,Wednesday,March,1995,Q1,0.27322,0.298019,0.27322,0.287095,567390358.7
23-03-1995,Thursday,March,1995,Q1,0.285633,0.286542,0.27868,0.279885,201420169.4
24-03-1995,Friday,March,1995,Q1,0.281979,0.285633,0.280756,0.284705,151711643.8
27-03-1995,Monday,March,1995,Q1,0.28348,0.28348,0.275964,0.280193,169099085.3
28-03-1995,Tuesday,March,1995,Q1,0.27322,0.274197,0.257279,0.259393,816834737.5
29-03-1995,Wednesday,March,1995,Q1,0.256389,0.263008,0.255449,0.259393,588385181.4
30-03-1995,Thursday,March,1995,Q1,0.260913,0.267787,0.259944,0.266829,323768317.1
31-03-1995,Friday,March,1995,Q1,0.264823,0.268448,0.262078,0.265732,216990547
03-04-1995,Monday,April,1995,Q2,0.267787,0.269663,0.264823,0.267787,182719821.3
04-04-1995,Tuesday,April,1995,Q2,0.269663,0.270583,0.253327,0.255449,507058450.5
05-04-1995,Wednesday,April,1995,Q2,0.257279,0.262078,0.254542,0.262078,313635660.3
06-04-1995,Thursday,April,1995,Q2,0.280756,0.286542,0.267787,0.27715,855946373.2
07-04-1995,Friday,April,1995,Q2,0.278937,0.279885,0.27322,0.27715,350187556.6
10-04-1995,Monday,April,1995,Q2,0.278087,0.278937,0.272281,0.275964,139496775.7
11-04-1995,Tuesday,April,1995,Q2,0.27715,0.285633,0.275964,0.284705,254019926.8
12-04-1995,Wednesday,April,1995,Q2,0.288281,0.298543,0.281979,0.293991,562138307.3
13-04-1995,Thursday,April,1995,Q2,0.295847,0.295847,0.285633,0.288281,206473314.2
17-04-1995,Monday,April,1995,Q2,0.287392,0.297102,0.285633,0.289565,247269250.8
18-04-1995,Tuesday,April,1995,Q2,0.290206,0.291156,0.282909,0.282909,273701760.9
19-04-1995,Wednesday,April,1995,Q2,0.282909,0.282909,0.268448,0.274512,330890399.6
20-04-1995,Thursday,April,1995,Q2,0.279885,0.290206,0.275964,0.28348,390187839.5
21-04-1995,Friday,April,1995,Q2,0.280756,0.298019,0.279885,0.294978,789394257.9
24-04-1995,Monday,April,1995,Q2,0.293991,0.298543,0.290206,0.293991,322375757.4
25-04-1995,Tuesday,April,1995,Q2,0.294978,0.297102,0.280756,0.284705,324033636.6
26-04-1995,Wednesday,April,1995,Q2,0.28348,0.292192,0.281979,0.288281,272879476.9
27-04-1995,Thursday,April,1995,Q2,0.290206,0.290206,0.284705,0.285633,165624286
28-04-1995,Friday,April,1995,Q2,0.286542,0.289565,0.282909,0.288281,231287728.7
01-05-1995,Monday,May,1995,Q2,0.288281,0.292192,0.286542,0.288281,210730576.6
02-05-1995,Tuesday,May,1995,Q2,0.288281,0.289565,0.282909,0.287392,142109535.8
03-05-1995,Wednesday,May,1995,Q2,0.288281,0.291156,0.286542,0.287392,199868415.8
04-05-1995,Thursday,May,1995,Q2,0.288281,0.300715,0.286542,0.290206,359564281.5
05-05-1995,Friday,May,1995,Q2,0.292192,0.294978,0.287392,0.29306,246314387.1
08-05-1995,Monday,May,1995,Q2,0.300715,0.30916,0.299788,0.30512,458238559
09-05-1995,Tuesday,May,1995,Q2,0.306059,0.312133,0.301704,0.310888,382402650.7
10-05-1995,Wednesday,May,1995,Q2,0.313062,0.315785,0.307333,0.312479,325731231.5
11-05-1995,Thursday,May,1995,Q2,0.313693,0.313693,0.304586,0.30916,620056427.7
12-05-1995,Friday,May,1995,Q2,0.308302,0.329377,0.30512,0.328764,767285371.4
15-05-1995,Monday,May,1995,Q2,0.325181,0.329971,0.32027,0.328764,465798292.9
16-05-1995,Tuesday,May,1995,Q2,0.325181,0.3348,0.32027,0.329971,393755467.5
17-05-1995,Wednesday,May,1995,Q2,0.329971,0.3348,0.328103,0.331758,311606480.9
18-05-1995,Thursday,May,1995,Q2,0.332627,0.332627,0.326,0.327273,440002407.6
19-05-1995,Friday,May,1995,Q2,0.323294,0.329971,0.32121,0.322365,382004733.2
22-05-1995,Monday,May,1995,Q2,0.32027,0.332627,0.318515,0.332627,440373777.7
23-05-1995,Tuesday,May,1995,Q2,0.332627,0.3348,0.328103,0.330909,327614484.6
24-05-1995,Wednesday,May,1995,Q2,0.329971,0.333507,0.323294,0.328103,313410238.8
25-05-1995,Thursday,May,1995,Q2,0.326,0.331758,0.324263,0.327273,216539659.4
26-05-1995,Friday,May,1995,Q2,0.324263,0.325181,0.318515,0.321792,135650572.8
30-05-1995,Tuesday,May,1995,Q2,0.32121,0.323294,0.313062,0.316676,232547667.1
31-05-1995,Wednesday,May,1995,Q2,0.317615,0.317615,0.30916,0.313388,188913520.5
01-06-1995,Thursday,June,1995,Q2,0.315785,0.32027,0.314822,0.31793,221115289.3
02-06-1995,Friday,June,1995,Q2,0.315785,0.319709,0.313062,0.317615,125159806.4
05-06-1995,Monday,June,1995,Q2,0.319709,0.328103,0.317615,0.328103,301553399.3
06-06-1995,Tuesday,June,1995,Q2,0.328764,0.3348,0.328103,0.331758,373330975.1
07-06-1995,Wednesday,June,1995,Q2,0.332627,0.332627,0.325181,0.325181,147454359.1
08-06-1995,Thursday,June,1995,Q2,0.327273,0.327273,0.317615,0.323571,161207794.3
09-06-1995,Friday,June,1995,Q2,0.328764,0.329971,0.325181,0.328103,220995929.6
12-06-1995,Monday,June,1995,Q2,0.331758,0.335413,0.330909,0.332935,251181796.7
13-06-1995,Tuesday,June,1995,Q2,0.335413,0.336332,0.330909,0.331758,149138707.7
14-06-1995,Wednesday,June,1995,Q2,0.330909,0.330909,0.327273,0.328764,139788604
15-06-1995,Thursday,June,1995,Q2,0.328764,0.329971,0.327273,0.328764,109841439.1
16-06-1995,Friday,June,1995,Q2,0.330909,0.331758,0.328103,0.330909,105637155
19-06-1995,Monday,June,1995,Q2,0.330909,0.341152,0.328103,0.3348,556010988.5
20-06-1995,Tuesday,June,1995,Q2,0.346839,0.360034,0.346839,0.357388,874540601.8
21-06-1995,Wednesday,June,1995,Q2,0.35897,0.377873,0.352568,0.372479,741303794.5
22-06-1995,Thursday,June,1995,Q2,0.369446,0.373912,0.366464,0.370385,561196702
23-06-1995,Friday,June,1995,Q2,0.36762,0.369446,0.360034,0.36762,274683146.7
26-06-1995,Monday,June,1995,Q2,0.363719,0.365577,0.35897,0.362869,180916118
27-06-1995,Tuesday,June,1995,Q2,0.357388,0.363719,0.349852,0.349852,257083595.7
28-06-1995,Wednesday,June,1995,Q2,0.346839,0.358307,0.342315,0.351364,315412804
29-06-1995,Thursday,June,1995,Q2,0.349852,0.362869,0.346839,0.356184,275386118.5
30-06-1995,Friday,June,1995,Q2,0.356184,0.360993,0.34768,0.35017,195969217.4
03-07-1995,Monday,July,1995,Q3,0.350494,0.355275,0.348608,0.353765,46644802.94
05-07-1995,Wednesday,July,1995,Q3,0.353488,0.360993,0.350494,0.350494,209669537.7
06-07-1995,Thursday,July,1995,Q3,0.350494,0.354367,0.345053,0.354367,217998533.8
07-07-1995,Friday,July,1995,Q3,0.353488,0.371354,0.352568,0.366464,458410930.4
10-07-1995,Monday,July,1995,Q3,0.366464,0.376124,0.362869,0.366464,352800367.3
11-07-1995,Tuesday,July,1995,Q3,0.360034,0.366464,0.354979,0.355275,254232113.1
12-07-1995,Wednesday,July,1995,Q3,0.356184,0.361942,0.34768,0.354367,336076106
13-07-1995,Thursday,July,1995,Q3,0.357388,0.36762,0.355275,0.35897,417217100.7
14-07-1995,Friday,July,1995,Q3,0.357388,0.369446,0.354367,0.36762,329113226.5
17-07-1995,Monday,July,1995,Q3,0.368462,0.375188,0.366464,0.369446,267813124.2
18-07-1995,Tuesday,July,1995,Q3,0.369446,0.373646,0.360034,0.362869,301526851.9
19-07-1995,Wednesday,July,1995,Q3,0.354367,0.361942,0.339275,0.343225,616992721.3
20-07-1995,Thursday,July,1995,Q3,0.346839,0.357388,0.339275,0.354979,392283293.1
21-07-1995,Friday,July,1995,Q3,0.324263,0.338326,0.324263,0.329971,897458482.4
24-07-1995,Monday,July,1995,Q3,0.331758,0.343225,0.329971,0.342315,254152592.6
25-07-1995,Tuesday,July,1995,Q3,0.346839,0.349852,0.343806,0.345053,312057456.6
26-07-1995,Wednesday,July,1995,Q3,0.348608,0.348608,0.342315,0.342315,203024973.1
27-07-1995,Thursday,July,1995,Q3,0.343225,0.358307,0.343225,0.353171,385068426.5
28-07-1995,Friday,July,1995,Q3,0.352568,0.356184,0.339275,0.343225,308993749.1
31-07-1995,Monday,July,1995,Q3,0.343225,0.343806,0.337437,0.339275,187719884.6
01-08-1995,Tuesday,August,1995,Q3,0.338326,0.338326,0.328103,0.328103,249762623.9
02-08-1995,Wednesday,August,1995,Q3,0.330909,0.339275,0.329971,0.3348,325797559.3
03-08-1995,Thursday,August,1995,Q3,0.332627,0.343806,0.330909,0.339275,253330310.6
04-08-1995,Friday,August,1995,Q3,0.339275,0.340271,0.329971,0.333507,227733315.7
07-08-1995,Monday,August,1995,Q3,0.332627,0.336332,0.325181,0.327273,229444208.5
08-08-1995,Tuesday,August,1995,Q3,0.328764,0.329971,0.319709,0.32027,277799942.8
09-08-1995,Wednesday,August,1995,Q3,0.32121,0.329971,0.32027,0.325181,436978541.4
10-08-1995,Thursday,August,1995,Q3,0.325181,0.326,0.32121,0.322365,194231859.3
11-08-1995,Friday,August,1995,Q3,0.323294,0.325181,0.315785,0.324894,245041128.4
14-08-1995,Monday,August,1995,Q3,0.324263,0.329971,0.323294,0.327273,198237140.6
15-08-1995,Tuesday,August,1995,Q3,0.330909,0.332627,0.325181,0.332312,376407915.7
16-08-1995,Wednesday,August,1995,Q3,0.331758,0.335413,0.328764,0.335413,346527133.4
17-08-1995,Thursday,August,1995,Q3,0.336332,0.343225,0.332627,0.336332,292362335.6
18-08-1995,Friday,August,1995,Q3,0.338326,0.340271,0.329971,0.338326,285571815.4
21-08-1995,Monday,August,1995,Q3,0.338326,0.342315,0.332627,0.332627,321832010.9
22-08-1995,Tuesday,August,1995,Q3,0.3348,0.340271,0.332627,0.337437,257017331.7
23-08-1995,Wednesday,August,1995,Q3,0.338326,0.34596,0.336332,0.343225,300545376
24-08-1995,Thursday,August,1995,Q3,0.343806,0.348608,0.343225,0.345053,340956769.1
25-08-1995,Friday,August,1995,Q3,0.34596,0.34596,0.336332,0.337437,159085714.4
28-08-1995,Monday,August,1995,Q3,0.338326,0.339275,0.324263,0.324263,287799995.5
29-08-1995,Tuesday,August,1995,Q3,0.324263,0.326,0.32027,0.325181,375452934.5
30-08-1995,Wednesday,August,1995,Q3,0.326,0.329971,0.325181,0.327273,181738399
31-08-1995,Thursday,August,1995,Q3,0.327273,0.328103,0.324263,0.324263,104045623.9
01-09-1995,Friday,September,1995,Q3,0.324263,0.328103,0.323294,0.323571,116499325.9
05-09-1995,Tuesday,September,1995,Q3,0.328103,0.328103,0.322365,0.328103,213117844.3
06-09-1995,Wednesday,September,1995,Q3,0.330909,0.332935,0.328103,0.329971,237733381.6
07-09-1995,Thursday,September,1995,Q3,0.331758,0.341694,0.329971,0.337437,310638285.7
08-09-1995,Friday,September,1995,Q3,0.337437,0.338326,0.335413,0.337437,206963987.4
11-09-1995,Monday,September,1995,Q3,0.338326,0.343225,0.333507,0.333507,204258444.2
12-09-1995,Tuesday,September,1995,Q3,0.335413,0.338326,0.32121,0.323571,386341603.2
13-09-1995,Wednesday,September,1995,Q3,0.323294,0.327273,0.316676,0.319709,382190385.4
14-09-1995,Thursday,September,1995,Q3,0.312133,0.313693,0.299788,0.301704,651953169.5
15-09-1995,Friday,September,1995,Q3,0.281979,0.300715,0.267787,0.270583,1435167015
18-09-1995,Monday,September,1995,Q3,0.274512,0.277793,0.270583,0.276607,735945652.9
19-09-1995,Tuesday,September,1995,Q3,0.27715,0.279885,0.272281,0.27715,580268429.3
20-09-1995,Wednesday,September,1995,Q3,0.280756,0.281979,0.275056,0.275964,381076285.2
21-09-1995,Thursday,September,1995,Q3,0.275056,0.282909,0.274512,0.278937,411301981.4
22-09-1995,Friday,September,1995,Q3,0.278087,0.280756,0.274512,0.279569,472058313.9
25-09-1995,Monday,September,1995,Q3,0.288281,0.288281,0.281979,0.282909,373264667.5
26-09-1995,Tuesday,September,1995,Q3,0.284705,0.285633,0.279885,0.281979,297110348.1
27-09-1995,Wednesday,September,1995,Q3,0.282909,0.282909,0.262078,0.27322,534339778.8
28-09-1995,Thursday,September,1995,Q3,0.275056,0.285633,0.275056,0.284705,392177217.1
29-09-1995,Friday,September,1995,Q3,0.286542,0.288281,0.278087,0.280756,335611902.2
02-10-1995,Monday,October,1995,Q4,0.284705,0.290206,0.282909,0.28348,464193534.7
03-10-1995,Tuesday,October,1995,Q4,0.287392,0.290206,0.279885,0.28348,343198107.5
04-10-1995,Wednesday,October,1995,Q4,0.275964,0.278937,0.271471,0.274512,315903574.4
05-10-1995,Thursday,October,1995,Q4,0.27322,0.275964,0.270583,0.275056,289020197
06-10-1995,Friday,October,1995,Q4,0.27715,0.278937,0.268448,0.269051,365956890.4
09-10-1995,Monday,October,1995,Q4,0.266829,0.269663,0.259393,0.26267,441182789.1
10-10-1995,Tuesday,October,1995,Q4,0.259393,0.263906,0.253327,0.261505,473981437.6
11-10-1995,Wednesday,October,1995,Q4,0.265732,0.268448,0.257279,0.263008,394179919.1
12-10-1995,Thursday,October,1995,Q4,0.263906,0.266829,0.262078,0.266245,191897603.2
13-10-1995,Friday,October,1995,Q4,0.269663,0.278087,0.267787,0.271471,278502859.9
16-10-1995,Monday,October,1995,Q4,0.27322,0.278937,0.270583,0.272281,215598010.6
17-10-1995,Tuesday,October,1995,Q4,0.275056,0.278087,0.270583,0.275964,211513083.1
18-10-1995,Wednesday,October,1995,Q4,0.278937,0.298287,0.27715,0.281979,606767241.9
19-10-1995,Thursday,October,1995,Q4,0.270583,0.272281,0.262078,0.262078,1118918631
20-10-1995,Friday,October,1995,Q4,0.265732,0.265732,0.260913,0.264823,457482597.8
23-10-1995,Monday,October,1995,Q4,0.264823,0.264823,0.262078,0.264823,234232015.7
24-10-1995,Tuesday,October,1995,Q4,0.267787,0.267787,0.263008,0.264823,252813007.1
25-10-1995,Wednesday,October,1995,Q4,0.265732,0.266829,0.262078,0.262078,157852270.6
26-10-1995,Thursday,October,1995,Q4,0.263008,0.263906,0.259944,0.263008,149045874
27-10-1995,Friday,October,1995,Q4,0.263008,0.263008,0.257279,0.262078,182613682.5
30-10-1995,Monday,October,1995,Q4,0.263008,0.265732,0.260913,0.265732,207985222.5
31-10-1995,Tuesday,October,1995,Q4,0.265732,0.275964,0.264823,0.273871,342482004.7
01-11-1995,Wednesday,November,1995,Q4,0.275964,0.279885,0.267787,0.275964,228820863.5
02-11-1995,Thursday,November,1995,Q4,0.278087,0.278087,0.27322,0.275964,180889623.4
03-11-1995,Friday,November,1995,Q4,0.27715,0.278087,0.270583,0.275056,212481294.5
06-11-1995,Monday,November,1995,Q4,0.275056,0.292192,0.274512,0.287392,369192983.4
07-11-1995,Tuesday,November,1995,Q4,0.284705,0.30512,0.282909,0.298543,872007433
08-11-1995,Wednesday,November,1995,Q4,0.299788,0.30916,0.292192,0.29306,424909448.7
09-11-1995,Thursday,November,1995,Q4,0.299788,0.301704,0.29306,0.297102,308012283.3
10-11-1995,Friday,November,1995,Q4,0.297102,0.303433,0.29306,0.299788,264205659
13-11-1995,Monday,November,1995,Q4,0.303433,0.310888,0.301704,0.308302,375824352.2
14-11-1995,Tuesday,November,1995,Q4,0.30916,0.32027,0.30916,0.313062,482283802.4
15-11-1995,Wednesday,November,1995,Q4,0.316676,0.316676,0.302484,0.30916,293834506.9
16-11-1995,Thursday,November,1995,Q4,0.308302,0.313062,0.298019,0.301002,267892706.4
17-11-1995,Friday,November,1995,Q4,0.301704,0.304586,0.299788,0.302484,152202441.5
20-11-1995,Monday,November,1995,Q4,0.303433,0.303433,0.290206,0.291156,175796710.1
21-11-1995,Tuesday,November,1995,Q4,0.292192,0.292192,0.285633,0.291156,226897741.8
22-11-1995,Wednesday,November,1995,Q4,0.291156,0.295847,0.290206,0.291156,117003309.2
24-11-1995,Friday,November,1995,Q4,0.29306,0.304586,0.292192,0.302859,130199610.7
27-11-1995,Monday,November,1995,Q4,0.306059,0.306059,0.297102,0.297102,137215629.4
28-11-1995,Tuesday,November,1995,Q4,0.297102,0.302484,0.295847,0.301704,208754474.6
29-11-1995,Wednesday,November,1995,Q4,0.302484,0.302484,0.293991,0.295847,124655843.3
30-11-1995,Thursday,November,1995,Q4,0.29306,0.293991,0.286542,0.287392,207056821
01-12-1995,Friday,December,1995,Q4,0.286542,0.288281,0.279885,0.28348,241818283.7
04-12-1995,Monday,December,1995,Q4,0.302484,0.302484,0.293991,0.298019,569207340.7
05-12-1995,Tuesday,December,1995,Q4,0.290206,0.300715,0.288281,0.298019,430559356.9
06-12-1995,Wednesday,December,1995,Q4,0.299788,0.300715,0.289565,0.292192,238144581.8
07-12-1995,Thursday,December,1995,Q4,0.292192,0.292192,0.285633,0.290838,168064577.5
08-12-1995,Friday,December,1995,Q4,0.292192,0.297102,0.285633,0.297102,167388186.4
11-12-1995,Monday,December,1995,Q4,0.298019,0.298543,0.289565,0.291156,132215568.1
12-12-1995,Tuesday,December,1995,Q4,0.291156,0.291156,0.286542,0.286542,210253109.3
13-12-1995,Wednesday,December,1995,Q4,0.288281,0.293991,0.27715,0.289565,811038904.1
14-12-1995,Thursday,December,1995,Q4,0.29306,0.297102,0.286542,0.288281,394922607.7
15-12-1995,Friday,December,1995,Q4,0.267787,0.275964,0.259393,0.265732,860747409.4
18-12-1995,Monday,December,1995,Q4,0.264823,0.265732,0.240408,0.243126,789288103
19-12-1995,Tuesday,December,1995,Q4,0.246946,0.250631,0.243126,0.246946,510215008.8
20-12-1995,Wednesday,December,1995,Q4,0.252706,0.253327,0.244933,0.24586,433092548.9
21-12-1995,Thursday,December,1995,Q4,0.246946,0.246946,0.238641,0.244933,394179919.1
22-12-1995,Friday,December,1995,Q4,0.24586,0.247896,0.242137,0.243126,277879550.3
26-12-1995,Tuesday,December,1995,Q4,0.244933,0.244933,0.239442,0.241841,165199805
27-12-1995,Wednesday,December,1995,Q4,0.242137,0.251844,0.240408,0.244319,318025605.7
28-12-1995,Thursday,December,1995,Q4,0.242137,0.246946,0.240408,0.241218,296036136.7
29-12-1995,Friday,December,1995,Q4,0.241218,0.244319,0.238641,0.240408,360147865.3
02-01-1996,Tuesday,January,1996,Q1,0.243126,0.243126,0.239442,0.242137,164947848.3
03-01-1996,Wednesday,January,1996,Q1,0.241218,0.247896,0.240408,0.242137,508994817.5
04-01-1996,Thursday,January,1996,Q1,0.244319,0.244319,0.236438,0.23799,355466136.1
05-01-1996,Friday,January,1996,Q1,0.238641,0.258128,0.236438,0.258128,528053276.2
08-01-1996,Monday,January,1996,Q1,0.259944,0.267787,0.256389,0.260913,143687801.3
09-01-1996,Tuesday,January,1996,Q1,0.260913,0.260913,0.246946,0.246946,297481736.4
10-01-1996,Wednesday,January,1996,Q1,0.244933,0.262078,0.243126,0.258128,432734464.6
11-01-1996,Thursday,January,1996,Q1,0.24586,0.263906,0.244319,0.263906,896105695.1
12-01-1996,Friday,January,1996,Q1,0.262078,0.262078,0.250631,0.255449,475864716
15-01-1996,Monday,January,1996,Q1,0.254542,0.259944,0.251844,0.257279,429949328
16-01-1996,Tuesday,January,1996,Q1,0.259393,0.262078,0.253327,0.260596,417906773.6
17-01-1996,Wednesday,January,1996,Q1,0.259393,0.259393,0.254542,0.256389,279948443.4
18-01-1996,Thursday,January,1996,Q1,0.247896,0.251844,0.228941,0.240963,827007184
19-01-1996,Friday,January,1996,Q1,0.233753,0.239442,0.221336,0.225257,981941692.7
22-01-1996,Monday,January,1996,Q1,0.224329,0.233753,0.220458,0.2298,591780432.9
23-01-1996,Tuesday,January,1996,Q1,0.254542,0.256389,0.233753,0.238641,1170298152
24-01-1996,Wednesday,January,1996,Q1,0.242137,0.243126,0.239442,0.243126,776688636.6
25-01-1996,Thursday,January,1996,Q1,0.239442,0.241218,0.227125,0.228042,527191179.3
26-01-1996,Friday,January,1996,Q1,0.228941,0.23553,0.215954,0.230978,871251482.9
29-01-1996,Monday,January,1996,Q1,0.218661,0.224329,0.216873,0.219569,393848227.2
30-01-1996,Tuesday,January,1996,Q1,0.20357,0.212074,0.202303,0.206076,737550430.3
31-01-1996,Wednesday,January,1996,Q1,0.209308,0.211173,0.206343,0.208357,388476923.4
01-02-1996,Thursday,February,1996,Q1,0.207431,0.213782,0.207431,0.213782,394378805.4
02-02-1996,Friday,February,1996,Q1,0.21779,0.22348,0.216873,0.220458,658372284.2
05-02-1996,Monday,February,1996,Q1,0.223747,0.224329,0.218661,0.220458,377429114.4
06-02-1996,Tuesday,February,1996,Q1,0.220458,0.226186,0.220458,0.22348,267879431.8
07-02-1996,Wednesday,February,1996,Q1,0.224329,0.224329,0.209308,0.212863,426686673.5
08-02-1996,Thursday,February,1996,Q1,0.207431,0.212074,0.207431,0.210197,311633033.3
09-02-1996,Friday,February,1996,Q1,0.210197,0.21469,0.208357,0.209308,243568962.1
12-02-1996,Monday,February,1996,Q1,0.212074,0.21469,0.211173,0.213782,230054298.1
13-02-1996,Tuesday,February,1996,Q1,0.211173,0.21779,0.210197,0.212074,270585071.1
14-02-1996,Wednesday,February,1996,Q1,0.212863,0.212863,0.206887,0.208357,193237127.9
15-02-1996,Thursday,February,1996,Q1,0.208357,0.212074,0.206343,0.211173,144563103.1
16-02-1996,Friday,February,1996,Q1,0.212074,0.213782,0.207431,0.207431,185252972.8
20-02-1996,Tuesday,February,1996,Q1,0.211173,0.22261,0.211173,0.218661,446328739.3
21-02-1996,Wednesday,February,1996,Q1,0.221336,0.224329,0.219569,0.22348,262693746.7
22-02-1996,Thursday,February,1996,Q1,0.226186,0.227125,0.22348,0.225257,218104636
23-02-1996,Friday,February,1996,Q1,0.225257,0.228042,0.22348,0.225257,205200131.5
26-02-1996,Monday,February,1996,Q1,0.226186,0.227125,0.22261,0.22261,140067094.9
27-02-1996,Tuesday,February,1996,Q1,0.225257,0.225257,0.21469,0.215954,176632299.2
28-02-1996,Wednesday,February,1996,Q1,0.21779,0.21779,0.208357,0.209308,222521119.7
29-02-1996,Thursday,February,1996,Q1,0.207431,0.209308,0.205464,0.207431,133674477.9
01-03-1996,Friday,March,1996,Q1,0.208357,0.208357,0.200832,0.20266,273701760.9
04-03-1996,Monday,March,1996,Q1,0.205464,0.206343,0.197879,0.197879,222096748
05-03-1996,Tuesday,March,1996,Q1,0.199699,0.201741,0.197879,0.200832,140252744
06-03-1996,Wednesday,March,1996,Q1,0.201741,0.20266,0.196942,0.197237,117295044.4
07-03-1996,Thursday,March,1996,Q1,0.197879,0.198728,0.191174,0.194808,307959207.9
08-03-1996,Friday,March,1996,Q1,0.194165,0.197879,0.188457,0.196033,176446578.2
11-03-1996,Monday,March,1996,Q1,0.197879,0.198728,0.194165,0.195133,150398710.9
12-03-1996,Tuesday,March,1996,Q1,0.196033,0.198728,0.193404,0.194808,113860042.8
13-03-1996,Wednesday,March,1996,Q1,0.195133,0.196942,0.193404,0.194165,118037833.2
14-03-1996,Thursday,March,1996,Q1,0.195133,0.195133,0.192468,0.193404,110557645.2
15-03-1996,Friday,March,1996,Q1,0.196033,0.196033,0.192468,0.195133,120053709.6
18-03-1996,Monday,March,1996,Q1,0.195726,0.196942,0.194165,0.196942,129231462.1
19-03-1996,Tuesday,March,1996,Q1,0.198728,0.199699,0.193404,0.194165,147268756.6
20-03-1996,Wednesday,March,1996,Q1,0.194165,0.194165,0.189445,0.190265,137348231.4
21-03-1996,Thursday,March,1996,Q1,0.192468,0.192468,0.188457,0.189445,130239477.3
22-03-1996,Friday,March,1996,Q1,0.190265,0.191174,0.187608,0.191174,127374702.7
25-03-1996,Monday,March,1996,Q1,0.192468,0.194165,0.180981,0.180981,194643001.8
26-03-1996,Tuesday,March,1996,Q1,0.180981,0.184585,0.178305,0.180092,190412189.6
27-03-1996,Wednesday,March,1996,Q1,0.175192,0.190265,0.173416,0.190265,508358204.9
28-03-1996,Thursday,March,1996,Q1,0.186759,0.193404,0.181888,0.182166,350386546.2
29-03-1996,Friday,March,1996,Q1,0.182719,0.186759,0.179144,0.185189,197189391.6
01-04-1996,Monday,April,1996,Q2,0.189445,0.195133,0.184872,0.192468,187852479.5
02-04-1996,Tuesday,April,1996,Q2,0.193404,0.193404,0.187608,0.188457,120120034.4
03-04-1996,Wednesday,April,1996,Q2,0.189445,0.189445,0.183312,0.185189,85544214.79
04-04-1996,Thursday,April,1996,Q2,0.18577,0.18577,0.180981,0.181888,101897110.1
08-04-1996,Monday,April,1996,Q2,0.180092,0.184585,0.179144,0.183646,199921515.5
09-04-1996,Tuesday,April,1996,Q2,0.187608,0.199699,0.183646,0.196033,278370230.6
10-04-1996,Wednesday,April,1996,Q2,0.196942,0.199699,0.195133,0.196033,206950746.1
11-04-1996,Thursday,April,1996,Q2,0.196942,0.197879,0.192468,0.194165,116366764.4
12-04-1996,Friday,April,1996,Q2,0.195133,0.195133,0.191174,0.192468,96432904.73
15-04-1996,Monday,April,1996,Q2,0.192468,0.194165,0.188457,0.194165,182454529.1
16-04-1996,Tuesday,April,1996,Q2,0.195133,0.196033,0.193404,0.195133,120093544.8
17-04-1996,Wednesday,April,1996,Q2,0.195133,0.196033,0.189445,0.190265,101141147.8
18-04-1996,Thursday,April,1996,Q2,0.191174,0.191528,0.182719,0.186759,257256090.7
19-04-1996,Friday,April,1996,Q2,0.18577,0.189445,0.18577,0.188782,120544447.6
22-04-1996,Monday,April,1996,Q2,0.190265,0.192468,0.187608,0.189445,131578955.5
23-04-1996,Tuesday,April,1996,Q2,0.189445,0.190265,0.18577,0.186759,201247800
24-04-1996,Wednesday,April,1996,Q2,0.18577,0.186759,0.182166,0.182719,151976957.2
25-04-1996,Thursday,April,1996,Q2,0.183646,0.187608,0.181888,0.187608,206526299.5
26-04-1996,Friday,April,1996,Q2,0.188457,0.189445,0.18577,0.186759,223648428.7
29-04-1996,Monday,April,1996,Q2,0.188457,0.188457,0.184585,0.186759,143342983.6
30-04-1996,Tuesday,April,1996,Q2,0.187608,0.187608,0.181888,0.183646,161831092.7
01-05-1996,Wednesday,May,1996,Q2,0.183646,0.186759,0.181888,0.183646,133462258.2
02-05-1996,Thursday,May,1996,Q2,0.184585,0.184585,0.177355,0.179144,222985303.2
03-05-1996,Friday,May,1996,Q2,0.181888,0.181888,0.177355,0.180092,128435710.3
06-05-1996,Monday,May,1996,Q2,0.187608,0.195133,0.186759,0.193404,342800279.1
07-05-1996,Tuesday,May,1996,Q2,0.198728,0.206343,0.197879,0.20266,418649503.7
08-05-1996,Wednesday,May,1996,Q2,0.205464,0.205464,0.193404,0.201741,221194874.6
09-05-1996,Thursday,May,1996,Q2,0.198728,0.199699,0.194165,0.196942,116141207.2
10-05-1996,Friday,May,1996,Q2,0.197879,0.206343,0.196033,0.205464,130955680.3
13-05-1996,Monday,May,1996,Q2,0.204506,0.208357,0.200832,0.203864,221460083.8
14-05-1996,Tuesday,May,1996,Q2,0.209308,0.211173,0.207431,0.207431,234019880
15-05-1996,Wednesday,May,1996,Q2,0.210197,0.21779,0.209308,0.21469,346208766.8
16-05-1996,Thursday,May,1996,Q2,0.212863,0.215954,0.210197,0.213782,154032613.1
17-05-1996,Friday,May,1996,Q2,0.213782,0.213782,0.207431,0.208357,146008754.4
20-05-1996,Monday,May,1996,Q2,0.210197,0.212074,0.208357,0.210858,100080152.4
21-05-1996,Tuesday,May,1996,Q2,0.211173,0.212074,0.204506,0.204506,135451649
22-05-1996,Wednesday,May,1996,Q2,0.206343,0.206343,0.194165,0.196349,239059650.9
23-05-1996,Thursday,May,1996,Q2,0.196942,0.200832,0.194165,0.197879,146897358.1
24-05-1996,Friday,May,1996,Q2,0.197879,0.20266,0.196942,0.201741,134098850.6
28-05-1996,Tuesday,May,1996,Q2,0.201741,0.205464,0.198728,0.198728,120610707.6
29-05-1996,Wednesday,May,1996,Q2,0.197879,0.197879,0.186759,0.187608,259948332.8
30-05-1996,Thursday,May,1996,Q2,0.187608,0.194165,0.186759,0.192468,122520551.5
31-05-1996,Friday,May,1996,Q2,0.193404,0.200832,0.192468,0.196942,192600467.7
03-06-1996,Monday,June,1996,Q2,0.195133,0.196033,0.186759,0.186759,148568386.4
04-06-1996,Tuesday,June,1996,Q2,0.180981,0.183646,0.180092,0.182166,902617618.1
05-06-1996,Wednesday,June,1996,Q2,0.191174,0.192468,0.182719,0.189445,604048384.6
06-06-1996,Thursday,June,1996,Q2,0.188457,0.190265,0.181888,0.182719,428782164.5
07-06-1996,Friday,June,1996,Q2,0.180981,0.183646,0.177355,0.183646,317083925.5
10-06-1996,Monday,June,1996,Q2,0.183646,0.184585,0.180981,0.181888,125955578.5
11-06-1996,Tuesday,June,1996,Q2,0.182719,0.182719,0.180981,0.180981,181247676.3
12-06-1996,Wednesday,June,1996,Q2,0.184585,0.184585,0.180981,0.182719,179894855.6
13-06-1996,Thursday,June,1996,Q2,0.183646,0.187875,0.180981,0.18577,226672311.1
14-06-1996,Friday,June,1996,Q2,0.186759,0.186759,0.180092,0.180684,171658753.9
17-06-1996,Monday,June,1996,Q2,0.181888,0.181888,0.178305,0.178305,133727500.7
18-06-1996,Tuesday,June,1996,Q2,0.178305,0.179144,0.170707,0.171627,264338301.5
19-06-1996,Wednesday,June,1996,Q2,0.174322,0.176152,0.170707,0.174322,159231642.7
20-06-1996,Thursday,June,1996,Q2,0.176152,0.176152,0.169434,0.171627,174178688.4
21-06-1996,Friday,June,1996,Q2,0.172487,0.172487,0.168585,0.170707,191658839.1
24-06-1996,Monday,June,1996,Q2,0.170707,0.170707,0.166838,0.167627,145372086.1
25-06-1996,Tuesday,June,1996,Q2,0.166838,0.167627,0.153504,0.155696,292441938.1
26-06-1996,Wednesday,June,1996,Q2,0.155696,0.156536,0.148042,0.149869,478795761.8
27-06-1996,Thursday,June,1996,Q2,0.150816,0.158374,0.148952,0.155696,271460402.2
28-06-1996,Friday,June,1996,Q2,0.157465,0.158374,0.155696,0.158374,136990163.3
01-07-1996,Monday,July,1996,Q3,0.159261,0.162213,0.158374,0.162213,156287308.1
02-07-1996,Tuesday,July,1996,Q3,0.161019,0.162213,0.158374,0.158374,105398454.7
03-07-1996,Wednesday,July,1996,Q3,0.153504,0.153504,0.146018,0.146018,341765799.7
05-07-1996,Friday,July,1996,Q3,0.146018,0.148952,0.145038,0.147183,125703600.5
08-07-1996,Monday,July,1996,Q3,0.148042,0.149869,0.143214,0.144199,223701475.8
09-07-1996,Tuesday,July,1996,Q3,0.147183,0.148042,0.143214,0.143214,222415054.8
10-07-1996,Wednesday,July,1996,Q3,0.144199,0.147183,0.141423,0.141423,200584685.6
11-07-1996,Thursday,July,1996,Q3,0.141423,0.142284,0.130906,0.134778,344776410.4
12-07-1996,Friday,July,1996,Q3,0.138422,0.138422,0.129978,0.136072,318529589
15-07-1996,Monday,July,1996,Q3,0.136634,0.136634,0.129039,0.129383,157759495.7
16-07-1996,Tuesday,July,1996,Q3,0.130906,0.130906,0.120673,0.127271,342482004.7
17-07-1996,Wednesday,July,1996,Q3,0.130906,0.132121,0.125524,0.127271,276619554.2
18-07-1996,Thursday,July,1996,Q3,0.162213,0.164091,0.153504,0.157465,1062260461
19-07-1996,Friday,July,1996,Q3,0.157465,0.158374,0.156536,0.156536,314961969.1
22-07-1996,Monday,July,1996,Q3,0.157465,0.157465,0.150816,0.152625,180239649
23-07-1996,Tuesday,July,1996,Q3,0.154372,0.155696,0.152625,0.154372,154085693.6
24-07-1996,Wednesday,July,1996,Q3,0.150816,0.158374,0.149869,0.157128,312707253.8
25-07-1996,Thursday,July,1996,Q3,0.159261,0.161019,0.156536,0.158374,135504739.6
26-07-1996,Friday,July,1996,Q3,0.162213,0.16592,0.159261,0.16592,146459646
29-07-1996,Monday,July,1996,Q3,0.16592,0.169434,0.164091,0.167627,231738680
30-07-1996,Tuesday,July,1996,Q3,0.170707,0.171627,0.160122,0.161019,224285039.3
31-07-1996,Wednesday,July,1996,Q3,0.160122,0.16592,0.160122,0.16592,109867968.2
01-08-1996,Thursday,August,1996,Q3,0.16592,0.16592,0.159261,0.160122,130451626.1
02-08-1996,Friday,August,1996,Q3,0.163153,0.16592,0.160122,0.163153,151512770.6
05-08-1996,Monday,August,1996,Q3,0.163153,0.16501,0.157465,0.158374,119616013.7
06-08-1996,Tuesday,August,1996,Q3,0.158374,0.162213,0.156536,0.162213,110822933.3
07-08-1996,Wednesday,August,1996,Q3,0.164091,0.170707,0.163153,0.168585,294219077.8
08-08-1996,Thursday,August,1996,Q3,0.168585,0.168585,0.16501,0.166838,120212887.3
09-08-1996,Friday,August,1996,Q3,0.167627,0.176152,0.166838,0.174322,273290600.2
12-08-1996,Monday,August,1996,Q3,0.176152,0.178305,0.168585,0.173416,179218496.8
13-08-1996,Tuesday,August,1996,Q3,0.172487,0.174322,0.168585,0.169434,122573598.6
14-08-1996,Wednesday,August,1996,Q3,0.170707,0.173416,0.170707,0.171627,85093344.42
15-08-1996,Thursday,August,1996,Q3,0.170707,0.171627,0.167627,0.167627,127441070.1
16-08-1996,Friday,August,1996,Q3,0.170707,0.170707,0.166838,0.169434,167865613.3
19-08-1996,Monday,August,1996,Q3,0.168585,0.178305,0.168585,0.178305,267998847.2
20-08-1996,Tuesday,August,1996,Q3,0.180092,0.180092,0.176152,0.177355,250757390.7
21-08-1996,Wednesday,August,1996,Q3,0.177355,0.178305,0.172487,0.173416,134218212.3
22-08-1996,Thursday,August,1996,Q3,0.173416,0.175192,0.172487,0.175192,103833484.2
23-08-1996,Friday,August,1996,Q3,0.173416,0.180981,0.173416,0.180092,240929755.9
26-08-1996,Monday,August,1996,Q3,0.180092,0.181888,0.177355,0.181888,106194178.3
27-08-1996,Tuesday,August,1996,Q3,0.181888,0.188457,0.180981,0.187311,342588070.5
28-08-1996,Wednesday,August,1996,Q3,0.187608,0.188457,0.184585,0.187608,193727874
29-08-1996,Thursday,August,1996,Q3,0.187608,0.187608,0.183646,0.184585,126618719.2
30-08-1996,Friday,August,1996,Q3,0.186759,0.186759,0.182719,0.182719,125199644.6
03-09-1996,Tuesday,September,1996,Q3,0.181888,0.183646,0.180092,0.181888,80875779.53
04-09-1996,Wednesday,September,1996,Q3,0.180092,0.18577,0.180092,0.181888,120133320.2
05-09-1996,Thursday,September,1996,Q3,0.177355,0.179144,0.172487,0.172487,331076097.3
06-09-1996,Friday,September,1996,Q3,0.174322,0.175192,0.170707,0.173416,285187213.1
09-09-1996,Monday,September,1996,Q3,0.170707,0.171627,0.16501,0.16592,175544698.8
10-09-1996,Tuesday,September,1996,Q3,0.166838,0.166838,0.162213,0.162213,184390923.5
11-09-1996,Wednesday,September,1996,Q3,0.162213,0.164091,0.158374,0.159261,174311290.5
12-09-1996,Thursday,September,1996,Q3,0.158374,0.159261,0.152625,0.153504,308967216.9
13-09-1996,Friday,September,1996,Q3,0.153504,0.160122,0.153504,0.158374,197295457.4
16-09-1996,Monday,September,1996,Q3,0.162213,0.173416,0.161019,0.168585,289709779.7
17-09-1996,Tuesday,September,1996,Q3,0.172487,0.174322,0.169434,0.173416,247693647.8
18-09-1996,Wednesday,September,1996,Q3,0.173416,0.181888,0.172487,0.177355,418437306.2
19-09-1996,Thursday,September,1996,Q3,0.178305,0.178305,0.176152,0.176152,141472928.2
20-09-1996,Friday,September,1996,Q3,0.176152,0.177355,0.171627,0.172487,176619025.6
23-09-1996,Monday,September,1996,Q3,0.172487,0.172487,0.168585,0.168585,54191283.39
24-09-1996,Tuesday,September,1996,Q3,0.168585,0.172487,0.168585,0.169434,170266193.2
25-09-1996,Wednesday,September,1996,Q3,0.169434,0.170707,0.16592,0.168585,129125412.5
26-09-1996,Thursday,September,1996,Q3,0.168585,0.169434,0.167627,0.168585,122308373.3
27-09-1996,Friday,September,1996,Q3,0.167627,0.168585,0.166838,0.16825,96592061.18
30-09-1996,Monday,September,1996,Q3,0.166838,0.168585,0.166838,0.167063,101180929.3
01-10-1996,Tuesday,October,1996,Q4,0.16592,0.186759,0.16592,0.18577,638557899.6
02-10-1996,Wednesday,October,1996,Q4,0.178305,0.18577,0.174322,0.178305,327800187.3
03-10-1996,Thursday,October,1996,Q4,0.178305,0.179144,0.168585,0.168585,269656613
04-10-1996,Friday,October,1996,Q4,0.172487,0.174322,0.166838,0.17221,158038000.7
07-10-1996,Monday,October,1996,Q4,0.173416,0.176152,0.172487,0.174322,113342801
08-10-1996,Tuesday,October,1996,Q4,0.177355,0.182719,0.175192,0.175192,225505212.5
09-10-1996,Wednesday,October,1996,Q4,0.176152,0.178305,0.172487,0.173416,100902357.5
10-10-1996,Thursday,October,1996,Q4,0.180092,0.184585,0.179144,0.182166,327654357.2
11-10-1996,Friday,October,1996,Q4,0.183646,0.18577,0.180981,0.182719,142918548.2
14-10-1996,Monday,October,1996,Q4,0.184585,0.191174,0.182719,0.190265,319351851.7
15-10-1996,Tuesday,October,1996,Q4,0.194165,0.195133,0.188457,0.190265,429922739.2
16-10-1996,Wednesday,October,1996,Q4,0.190265,0.196942,0.18577,0.194165,396394778
17-10-1996,Thursday,October,1996,Q4,0.207431,0.209308,0.198728,0.198728,1215696336
18-10-1996,Friday,October,1996,Q4,0.199699,0.200832,0.196033,0.20024,453132469.4
21-10-1996,Monday,October,1996,Q4,0.199699,0.200832,0.192468,0.193404,222163044.5
22-10-1996,Tuesday,October,1996,Q4,0.193404,0.193404,0.182719,0.187608,253078339.7
23-10-1996,Wednesday,October,1996,Q4,0.186759,0.190265,0.183646,0.186759,189536836.2
24-10-1996,Thursday,October,1996,Q4,0.188457,0.188457,0.184585,0.186759,99907745.6
25-10-1996,Friday,October,1996,Q4,0.187608,0.188457,0.184585,0.184585,91843990.99
28-10-1996,Monday,October,1996,Q4,0.189445,0.189445,0.184585,0.184585,142096228.7
29-10-1996,Tuesday,October,1996,Q4,0.18577,0.186759,0.174322,0.175192,236393839.6
30-10-1996,Wednesday,October,1996,Q4,0.177355,0.180981,0.172487,0.172487,304391628.5
31-10-1996,Thursday,October,1996,Q4,0.175192,0.176152,0.167627,0.173416,229987987.5
01-11-1996,Friday,November,1996,Q4,0.176152,0.182719,0.174322,0.182719,250253361.8
04-11-1996,Monday,November,1996,Q4,0.183646,0.184585,0.179144,0.183646,108077549.8
05-11-1996,Tuesday,November,1996,Q4,0.184585,0.195133,0.184585,0.192468,447747793.6
06-11-1996,Wednesday,November,1996,Q4,0.193404,0.194165,0.187608,0.192468,213515697
07-11-1996,Thursday,November,1996,Q4,0.191174,0.196033,0.190265,0.195133,183634950.1
08-11-1996,Friday,November,1996,Q4,0.195133,0.197879,0.194165,0.197879,223462751.3
11-11-1996,Monday,November,1996,Q4,0.198728,0.198728,0.195133,0.196033,109576148
12-11-1996,Tuesday,November,1996,Q4,0.196942,0.197879,0.189445,0.190265,169284733.4
13-11-1996,Wednesday,November,1996,Q4,0.191174,0.195133,0.188457,0.192792,99005830.71
14-11-1996,Thursday,November,1996,Q4,0.192468,0.194165,0.191174,0.193404,57467231.85
15-11-1996,Friday,November,1996,Q4,0.195133,0.196033,0.188457,0.188457,154788641.1
18-11-1996,Monday,November,1996,Q4,0.188457,0.189445,0.184585,0.186759,180982427.7
19-11-1996,Tuesday,November,1996,Q4,0.187608,0.189445,0.18577,0.187608,147348288.3
20-11-1996,Wednesday,November,1996,Q4,0.187608,0.191174,0.187608,0.188457,122082870.8
21-11-1996,Thursday,November,1996,Q4,0.187608,0.188457,0.183646,0.184585,83607892.33
22-11-1996,Friday,November,1996,Q4,0.184585,0.190265,0.184585,0.190265,123130652.3
25-11-1996,Monday,November,1996,Q4,0.191174,0.192468,0.188457,0.188457,93488638
26-11-1996,Tuesday,November,1996,Q4,0.187608,0.188457,0.180981,0.182719,133793822.5
27-11-1996,Wednesday,November,1996,Q4,0.181888,0.18577,0.181888,0.184585,105438229.2
29-11-1996,Friday,November,1996,Q4,0.184585,0.18577,0.180981,0.181888,50079830.9
02-12-1996,Monday,December,1996,Q4,0.181888,0.189445,0.180092,0.189445,207202732.2
03-12-1996,Tuesday,December,1996,Q4,0.190265,0.192468,0.188457,0.189445,326274993.2
04-12-1996,Wednesday,December,1996,Q4,0.189445,0.191174,0.187608,0.188457,225969389.9
05-12-1996,Thursday,December,1996,Q4,0.188457,0.190265,0.188457,0.188457,168316563.6
06-12-1996,Friday,December,1996,Q4,0.183646,0.191174,0.180981,0.189445,271632764.5
09-12-1996,Monday,December,1996,Q4,0.190265,0.191174,0.187311,0.188457,187865758.3
10-12-1996,Tuesday,December,1996,Q4,0.187608,0.188457,0.182719,0.184585,218223991.7
11-12-1996,Wednesday,December,1996,Q4,0.179144,0.182719,0.179144,0.180981,193449304.1
12-12-1996,Thursday,December,1996,Q4,0.181888,0.182719,0.180092,0.180092,103024465.7
13-12-1996,Friday,December,1996,Q4,0.179144,0.180092,0.175192,0.175192,105504552
16-12-1996,Monday,December,1996,Q4,0.177355,0.177355,0.169434,0.170707,176725058
17-12-1996,Tuesday,December,1996,Q4,0.168585,0.169434,0.167627,0.169434,186207905.4
18-12-1996,Wednesday,December,1996,Q4,0.171627,0.174322,0.170707,0.174322,242839490.5
19-12-1996,Thursday,December,1996,Q4,0.173416,0.175192,0.167627,0.167627,162096355.5
20-12-1996,Friday,December,1996,Q4,0.169434,0.178305,0.161019,0.177355,647072510.4
23-12-1996,Monday,December,1996,Q4,0.180981,0.182719,0.175192,0.175192,393503482.4
24-12-1996,Tuesday,December,1996,Q4,0.175192,0.176152,0.172487,0.174322,68223155.74
26-12-1996,Thursday,December,1996,Q4,0.175192,0.175192,0.172487,0.173416,100517811.9
27-12-1996,Friday,December,1996,Q4,0.172487,0.179144,0.172487,0.174322,162229011.2
30-12-1996,Monday,December,1996,Q4,0.174322,0.175192,0.164091,0.164091,310014949.8
31-12-1996,Tuesday,December,1996,Q4,0.161019,0.162213,0.156536,0.157465,454418894.4
02-01-1997,Thursday,January,1997,Q1,0.159261,0.160122,0.156536,0.158374,169470471.7
03-01-1997,Friday,January,1997,Q1,0.159261,0.167627,0.158374,0.164091,141764682.7
06-01-1997,Monday,January,1997,Q1,0.133028,0.138164,0.129978,0.134778,2229587787
07-01-1997,Tuesday,January,1997,Q1,0.136634,0.137523,0.132121,0.132121,1156849802
08-01-1997,Wednesday,January,1997,Q1,0.137523,0.138422,0.130906,0.133028,1302739197
09-01-1997,Thursday,January,1997,Q1,0.133889,0.134778,0.132121,0.133889,528915352.9
10-01-1997,Friday,January,1997,Q1,0.133028,0.137523,0.133028,0.137523,418861684.9
13-01-1997,Monday,January,1997,Q1,0.139332,0.139332,0.136634,0.136634,362057677.8
14-01-1997,Tuesday,January,1997,Q1,0.138422,0.138422,0.133889,0.134778,302879591.6
15-01-1997,Wednesday,January,1997,Q1,0.135755,0.135755,0.129039,0.129978,512854268.7
16-01-1997,Thursday,January,1997,Q1,0.129039,0.129039,0.125524,0.126362,794938031.3
17-01-1997,Friday,January,1997,Q1,0.126362,0.129039,0.125524,0.126362,385028624.8
20-01-1997,Monday,January,1997,Q1,0.127271,0.129039,0.126362,0.127842,345333490.4
21-01-1997,Tuesday,January,1997,Q1,0.128121,0.129978,0.127271,0.129978,337283013.5
22-01-1997,Wednesday,January,1997,Q1,0.130906,0.132121,0.128121,0.129383,243489382.9
23-01-1997,Thursday,January,1997,Q1,0.129978,0.130906,0.129039,0.129978,204085975.6
24-01-1997,Friday,January,1997,Q1,0.129978,0.129978,0.127271,0.127271,222958757.9
27-01-1997,Monday,January,1997,Q1,0.129039,0.129978,0.125524,0.125524,253462907.5
28-01-1997,Tuesday,January,1997,Q1,0.128121,0.128121,0.124298,0.125524,249338212.8
29-01-1997,Wednesday,January,1997,Q1,0.125524,0.126362,0.124298,0.125524,179642872.5
30-01-1997,Thursday,January,1997,Q1,0.126362,0.126362,0.124298,0.126362,165703861.2
31-01-1997,Friday,January,1997,Q1,0.125524,0.125524,0.124298,0.125524,236393839.6
03-02-1997,Monday,February,1997,Q1,0.127271,0.128121,0.122392,0.123005,435904191.3
04-02-1997,Tuesday,February,1997,Q1,0.122392,0.12335,0.113986,0.116099,843890562.3
05-02-1997,Wednesday,February,1997,Q1,0.114896,0.117591,0.114896,0.114896,467137778.2
06-02-1997,Thursday,February,1997,Q1,0.114896,0.121523,0.114896,0.120673,473079529.8
07-02-1997,Friday,February,1997,Q1,0.124298,0.124298,0.118847,0.119439,278595666.3
10-02-1997,Monday,February,1997,Q1,0.121523,0.121523,0.117591,0.117591,219550314.7
11-02-1997,Tuesday,February,1997,Q1,0.119744,0.120673,0.117019,0.118263,165876298.4
12-02-1997,Wednesday,February,1997,Q1,0.118847,0.119744,0.117019,0.118847,208727893.9
13-02-1997,Thursday,February,1997,Q1,0.118847,0.121523,0.117019,0.121523,231897770.7
14-02-1997,Friday,February,1997,Q1,0.122392,0.12335,0.120673,0.123005,280943243.6
18-02-1997,Tuesday,February,1997,Q1,0.125524,0.134778,0.122392,0.134778,436103161.7
19-02-1997,Wednesday,February,1997,Q1,0.134778,0.134778,0.129039,0.133028,285731031.5
20-02-1997,Thursday,February,1997,Q1,0.133028,0.133028,0.128121,0.128121,147958350.5
21-02-1997,Friday,February,1997,Q1,0.127271,0.128121,0.120673,0.12335,249961556.8
24-02-1997,Monday,February,1997,Q1,0.122392,0.127271,0.122392,0.125524,139244791.6
25-02-1997,Tuesday,February,1997,Q1,0.128121,0.130906,0.127271,0.127271,163515459.5
26-02-1997,Wednesday,February,1997,Q1,0.128121,0.129039,0.126362,0.129039,122175739.9
27-02-1997,Thursday,February,1997,Q1,0.128121,0.129039,0.126362,0.128121,121963539.4
28-02-1997,Friday,February,1997,Q1,0.127271,0.127271,0.122392,0.122392,144324432.2
03-03-1997,Monday,March,1997,Q1,0.124298,0.124298,0.120673,0.121523,154483586.7
04-03-1997,Tuesday,March,1997,Q1,0.122392,0.124298,0.120673,0.124298,122202209.3
05-03-1997,Wednesday,March,1997,Q1,0.125524,0.128121,0.124298,0.128121,113873321.5
06-03-1997,Thursday,March,1997,Q1,0.128121,0.128121,0.124298,0.125524,137706348.1
07-03-1997,Friday,March,1997,Q1,0.126362,0.126362,0.12335,0.124298,83621161.95
10-03-1997,Monday,March,1997,Q1,0.125524,0.126362,0.123991,0.125524,117454229.2
11-03-1997,Tuesday,March,1997,Q1,0.125524,0.125524,0.120673,0.12335,116645204.7
12-03-1997,Wednesday,March,1997,Q1,0.122392,0.126362,0.121523,0.122392,84072108.26
13-03-1997,Thursday,March,1997,Q1,0.12335,0.12335,0.121523,0.12335,124443641.8
14-03-1997,Friday,March,1997,Q1,0.12335,0.126362,0.122392,0.124881,272852955.9
17-03-1997,Monday,March,1997,Q1,0.122392,0.124298,0.120673,0.124298,228250569.6
18-03-1997,Tuesday,March,1997,Q1,0.12335,0.124298,0.121523,0.122392,150478299.3
19-03-1997,Wednesday,March,1997,Q1,0.12335,0.12335,0.119744,0.121523,246579643.7
20-03-1997,Thursday,March,1997,Q1,0.120673,0.132121,0.119744,0.129978,375426507.7
21-03-1997,Friday,March,1997,Q1,0.132121,0.132121,0.12335,0.125524,161592406.7
24-03-1997,Monday,March,1997,Q1,0.124298,0.125524,0.122392,0.124298,84337335.6
25-03-1997,Tuesday,March,1997,Q1,0.125524,0.125524,0.121226,0.124298,133289854.4
26-03-1997,Wednesday,March,1997,Q1,0.12335,0.127271,0.122392,0.126362,126512596.7
27-03-1997,Thursday,March,1997,Q1,0.132121,0.145038,0.129978,0.140585,1348654584
31-03-1997,Monday,March,1997,Q1,0.140585,0.146018,0.129978,0.137523,1148932040
01-04-1997,Tuesday,April,1997,Q2,0.133028,0.13448,0.130906,0.132121,260823728.7
02-04-1997,Wednesday,April,1997,Q2,0.134778,0.136072,0.133028,0.135755,263396661.8
03-04-1997,Thursday,April,1997,Q2,0.139332,0.144199,0.137523,0.142284,649937182.7
04-04-1997,Friday,April,1997,Q2,0.144199,0.148042,0.143214,0.145038,562774978.6
07-04-1997,Monday,April,1997,Q2,0.148952,0.149869,0.145038,0.147183,302269530.4
08-04-1997,Tuesday,April,1997,Q2,0.148042,0.148042,0.140585,0.144199,229523778.6
09-04-1997,Wednesday,April,1997,Q2,0.145038,0.145038,0.142284,0.143214,290107727.6
10-04-1997,Thursday,April,1997,Q2,0.143214,0.144199,0.139332,0.142284,138528631.1
11-04-1997,Friday,April,1997,Q2,0.142284,0.142284,0.136634,0.137523,94217979
14-04-1997,Monday,April,1997,Q2,0.138422,0.142284,0.135755,0.141423,133051127.8
15-04-1997,Tuesday,April,1997,Q2,0.144199,0.145038,0.136634,0.139033,161101605.9
16-04-1997,Wednesday,April,1997,Q2,0.140585,0.143214,0.138422,0.139993,102096053.1
17-04-1997,Thursday,April,1997,Q2,0.137523,0.144199,0.136634,0.143214,259882067.8
18-04-1997,Friday,April,1997,Q2,0.144199,0.144199,0.138422,0.138422,167494279.6
21-04-1997,Monday,April,1997,Q2,0.140585,0.140585,0.135755,0.135755,105570892
22-04-1997,Tuesday,April,1997,Q2,0.136634,0.139332,0.134778,0.139332,112082830.2
23-04-1997,Wednesday,April,1997,Q2,0.138422,0.139332,0.136634,0.136634,64522867.03
24-04-1997,Thursday,April,1997,Q2,0.139332,0.139332,0.133889,0.134778,88740580.98
25-04-1997,Friday,April,1997,Q2,0.133028,0.134778,0.130906,0.132121,103475371.5
28-04-1997,Monday,April,1997,Q2,0.133889,0.134778,0.132121,0.133028,55384952.7
29-04-1997,Tuesday,April,1997,Q2,0.135755,0.135755,0.132121,0.133286,61286806.4
30-04-1997,Wednesday,April,1997,Q2,0.128121,0.129978,0.126362,0.128121,305081219.4
01-05-1997,Thursday,May,1997,Q2,0.127271,0.129039,0.126362,0.128121,85663606.93
02-05-1997,Friday,May,1997,Q2,0.128121,0.129039,0.126362,0.128121,120769870.1
05-05-1997,Monday,May,1997,Q2,0.128121,0.129039,0.126362,0.128121,116631942.1
06-05-1997,Tuesday,May,1997,Q2,0.128121,0.129039,0.126362,0.127271,98462129.7
07-05-1997,Wednesday,May,1997,Q2,0.127271,0.128121,0.12335,0.124298,135252712
08-05-1997,Thursday,May,1997,Q2,0.125524,0.129039,0.124298,0.128121,98210086.94
09-05-1997,Friday,May,1997,Q2,0.128121,0.132121,0.128121,0.128447,223064912.8
12-05-1997,Monday,May,1997,Q2,0.129978,0.133028,0.128121,0.132367,195359167.3
13-05-1997,Tuesday,May,1997,Q2,0.132121,0.134778,0.128121,0.132367,233303637.5
14-05-1997,Wednesday,May,1997,Q2,0.134778,0.135755,0.132121,0.133286,160624230.8
15-05-1997,Thursday,May,1997,Q2,0.133889,0.135755,0.132121,0.133889,117242024.7
16-05-1997,Friday,May,1997,Q2,0.132121,0.133028,0.129978,0.129978,110478068
19-05-1997,Monday,May,1997,Q2,0.132121,0.133028,0.128121,0.128121,61883598.02
20-05-1997,Tuesday,May,1997,Q2,0.128121,0.131518,0.126362,0.129978,100451448.6
21-05-1997,Wednesday,May,1997,Q2,0.129039,0.129039,0.124298,0.127271,144762025.8
22-05-1997,Thursday,May,1997,Q2,0.126362,0.127271,0.124298,0.125524,90902367.48
23-05-1997,Friday,May,1997,Q2,0.125524,0.128121,0.125524,0.127271,79377085.16
27-05-1997,Tuesday,May,1997,Q2,0.126362,0.130906,0.126362,0.129978,97202131.53
28-05-1997,Wednesday,May,1997,Q2,0.130906,0.132121,0.128121,0.128121,103661035.8
29-05-1997,Thursday,May,1997,Q2,0.129039,0.129039,0.125524,0.125524,131658563.1
30-05-1997,Friday,May,1997,Q2,0.124298,0.128121,0.12335,0.125524,209987945.7
02-06-1997,Monday,June,1997,Q2,0.128121,0.128121,0.126362,0.127842,49244343.08
03-06-1997,Tuesday,June,1997,Q2,0.126362,0.127842,0.125524,0.125818,77255078.16
04-06-1997,Wednesday,June,1997,Q2,0.125524,0.126362,0.124298,0.125524,95212726.55
05-06-1997,Thursday,June,1997,Q2,0.125524,0.129039,0.124881,0.125818,76512402.74
06-06-1997,Friday,June,1997,Q2,0.125524,0.126362,0.124298,0.126362,62613034.2
09-06-1997,Monday,June,1997,Q2,0.125818,0.127842,0.125524,0.125524,88581421.5
10-06-1997,Tuesday,June,1997,Q2,0.126362,0.126362,0.12094,0.122392,164656067.6
11-06-1997,Wednesday,June,1997,Q2,0.123005,0.123991,0.122392,0.123005,124814995.7
12-06-1997,Thursday,June,1997,Q2,0.12335,0.12335,0.120673,0.12094,93183493.48
13-06-1997,Friday,June,1997,Q2,0.12094,0.121523,0.118847,0.119439,156393470.2
16-06-1997,Monday,June,1997,Q2,0.119744,0.119744,0.116099,0.117019,158687831.3
17-06-1997,Tuesday,June,1997,Q2,0.117306,0.124298,0.117019,0.123005,168449242.6
18-06-1997,Wednesday,June,1997,Q2,0.121523,0.122392,0.118847,0.12002,129841592.2
19-06-1997,Thursday,June,1997,Q2,0.120673,0.120673,0.118263,0.118847,143316447.4
20-06-1997,Friday,June,1997,Q2,0.118263,0.118847,0.117019,0.117306,130478177.5
23-06-1997,Monday,June,1997,Q2,0.117019,0.117591,0.116099,0.116099,117878640.3
24-06-1997,Tuesday,June,1997,Q2,0.116387,0.117306,0.114896,0.115527,131618756.2
25-06-1997,Wednesday,June,1997,Q2,0.115527,0.116099,0.113097,0.113986,235213480.4
26-06-1997,Thursday,June,1997,Q2,0.113986,0.113986,0.110087,0.11069,452336690.2
27-06-1997,Friday,June,1997,Q2,0.11069,0.111893,0.110087,0.11069,187043478.3
30-06-1997,Monday,June,1997,Q2,0.111282,0.111282,0.105553,0.10736,202706696.7
01-07-1997,Tuesday,July,1997,Q3,0.10495,0.105553,0.098925,0.0992315,533676622.9
02-07-1997,Wednesday,July,1997,Q3,0.0998239,0.101049,0.0980066,0.0986188,295996323.8
03-07-1997,Thursday,July,1997,Q3,0.098925,0.104644,0.0980066,0.103142,221181578.7
07-07-1997,Monday,July,1997,Q3,0.10495,0.10736,0.103754,0.104356,226738655.2
08-07-1997,Tuesday,July,1997,Q3,0.104644,0.105553,0.103142,0.103754,113316311.4
09-07-1997,Wednesday,July,1997,Q3,0.104356,0.104644,0.102529,0.103142,168170646.4
10-07-1997,Thursday,July,1997,Q3,0.0971077,0.101049,0.096209,0.0998239,583212746.7
11-07-1997,Friday,July,1997,Q3,0.101049,0.117019,0.100447,0.114304,870296550.3
14-07-1997,Monday,July,1997,Q3,0.114896,0.117591,0.112179,0.117591,486700297.1
15-07-1997,Tuesday,July,1997,Q3,0.118847,0.120673,0.117591,0.12002,495400606.7
16-07-1997,Wednesday,July,1997,Q3,0.119439,0.124298,0.117591,0.123991,528437899.8
17-07-1997,Thursday,July,1997,Q3,0.128121,0.136634,0.123991,0.132121,883705117.1
18-07-1997,Friday,July,1997,Q3,0.134778,0.135429,0.128447,0.13058,376049803.1
21-07-1997,Monday,July,1997,Q3,0.132367,0.133286,0.120673,0.12182,420280807.2
22-07-1997,Tuesday,July,1997,Q3,0.12335,0.125818,0.123005,0.124881,273940507.7
23-07-1997,Wednesday,July,1997,Q3,0.126362,0.127271,0.120673,0.121523,167308602.1
24-07-1997,Thursday,July,1997,Q3,0.121523,0.121523,0.117591,0.119439,158077790.4
25-07-1997,Friday,July,1997,Q3,0.119744,0.124881,0.118847,0.122392,258104863.3
28-07-1997,Monday,July,1997,Q3,0.123991,0.124298,0.122392,0.123991,130862757.5
29-07-1997,Tuesday,July,1997,Q3,0.123991,0.125524,0.12335,0.124298,84363830.28
30-07-1997,Wednesday,July,1997,Q3,0.127842,0.133286,0.126362,0.130906,443238546.2
31-07-1997,Thursday,July,1997,Q3,0.130906,0.133889,0.129978,0.132121,312402187.2
01-08-1997,Friday,August,1997,Q3,0.133028,0.144497,0.132367,0.144497,570666294
04-08-1997,Monday,August,1997,Q3,0.144497,0.149574,0.144497,0.148952,723903132.9
05-08-1997,Tuesday,August,1997,Q3,0.150501,0.150816,0.146907,0.148952,292640869
06-08-1997,Wednesday,August,1997,Q3,0.190265,0.209308,0.188457,0.198483,4962228692
07-08-1997,Thursday,August,1997,Q3,0.216873,0.222907,0.213782,0.219856,4447066734
08-08-1997,Friday,August,1997,Q3,0.209938,0.213782,0.196942,0.202303,2148274300
11-08-1997,Monday,August,1997,Q3,0.198483,0.199409,0.177355,0.185189,1836641406
12-08-1997,Tuesday,August,1997,Q3,0.181296,0.182719,0.16501,0.166235,1241478921
13-08-1997,Wednesday,August,1997,Q3,0.167627,0.180092,0.154097,0.178305,1422686827
14-08-1997,Thursday,August,1997,Q3,0.178305,0.182719,0.171026,0.173416,514459038
15-08-1997,Friday,August,1997,Q3,0.174322,0.176703,0.17221,0.175192,309020268.1
18-08-1997,Monday,August,1997,Q3,0.175823,0.179144,0.171627,0.178305,257958992.7
19-08-1997,Tuesday,August,1997,Q3,0.178551,0.184585,0.175823,0.184298,342415639.4
20-08-1997,Wednesday,August,1997,Q3,0.184298,0.189445,0.182166,0.18577,384033914.7
21-08-1997,Thursday,August,1997,Q3,0.184585,0.186117,0.180092,0.180981,307030863.1
22-08-1997,Friday,August,1997,Q3,0.176703,0.180981,0.176152,0.178305,269550551.2
25-08-1997,Monday,August,1997,Q3,0.178305,0.178551,0.17312,0.173741,164165371.1
26-08-1997,Tuesday,August,1997,Q3,0.170707,0.173416,0.166838,0.167627,267866183.4
27-08-1997,Wednesday,August,1997,Q3,0.168585,0.171627,0.16501,0.171026,225743906.6
28-08-1997,Thursday,August,1997,Q3,0.166838,0.169434,0.16592,0.16592,113289742.8
29-08-1997,Friday,August,1997,Q3,0.164693,0.16592,0.162213,0.164091,129868077.8
02-09-1997,Tuesday,September,1997,Q3,0.16592,0.170095,0.165621,0.168585,220306257.7
03-09-1997,Wednesday,September,1997,Q3,0.168585,0.175192,0.16825,0.169434,336460733.6
04-09-1997,Thursday,September,1997,Q3,0.170095,0.172487,0.167627,0.169434,145106897.2
05-09-1997,Friday,September,1997,Q3,0.170707,0.172487,0.16592,0.167063,161884189.4
08-09-1997,Monday,September,1997,Q3,0.167627,0.167627,0.161632,0.162213,207414930.6
09-09-1997,Tuesday,September,1997,Q3,0.160733,0.16501,0.160122,0.164693,188316663.1
10-09-1997,Wednesday,September,1997,Q3,0.164091,0.174322,0.163498,0.17312,324537601.6
11-09-1997,Thursday,September,1997,Q3,0.172487,0.173416,0.166235,0.168585,248529183.2
12-09-1997,Friday,September,1997,Q3,0.167063,0.167627,0.161632,0.166235,134616121.7
15-09-1997,Monday,September,1997,Q3,0.16501,0.166838,0.162213,0.162213,114761880.7
16-09-1997,Tuesday,September,1997,Q3,0.166235,0.167063,0.164091,0.165621,158939830.6
17-09-1997,Wednesday,September,1997,Q3,0.16592,0.16592,0.163498,0.164693,102745917.1
18-09-1997,Thursday,September,1997,Q3,0.162213,0.169434,0.162213,0.16825,200319385.4
19-09-1997,Friday,September,1997,Q3,0.167063,0.167063,0.164091,0.165621,112414465.3
22-09-1997,Monday,September,1997,Q3,0.166838,0.173741,0.16592,0.17221,237269202.1
23-09-1997,Tuesday,September,1997,Q3,0.167627,0.167627,0.163498,0.164091,237468101.6
24-09-1997,Wednesday,September,1997,Q3,0.163498,0.164091,0.161019,0.162213,263396661.8
25-09-1997,Thursday,September,1997,Q3,0.160733,0.164091,0.158374,0.159261,264524004.3
26-09-1997,Friday,September,1997,Q3,0.162213,0.165621,0.159261,0.160733,246685715.6
29-09-1997,Monday,September,1997,Q3,0.163498,0.167627,0.162531,0.166235,198038246.2
30-09-1997,Tuesday,September,1997,Q3,0.16592,0.16825,0.163498,0.163498,166459840.6
01-10-1997,Wednesday,October,1997,Q4,0.163498,0.164091,0.161019,0.162213,154496857.3
02-10-1997,Thursday,October,1997,Q4,0.161632,0.16592,0.161019,0.165621,160345712.5
03-10-1997,Friday,October,1997,Q4,0.16592,0.167627,0.163498,0.166838,192109811.8
06-10-1997,Monday,October,1997,Q4,0.167063,0.167627,0.163498,0.165621,110478068
07-10-1997,Tuesday,October,1997,Q4,0.16501,0.16592,0.164693,0.164693,129417126.4
08-10-1997,Wednesday,October,1997,Q4,0.164091,0.164693,0.160733,0.162213,128886651.5
09-10-1997,Thursday,October,1997,Q4,0.160122,0.169434,0.159528,0.164091,221831489.3
10-10-1997,Friday,October,1997,Q4,0.162213,0.171627,0.162213,0.171026,320200647.6
13-10-1997,Monday,October,1997,Q4,0.171627,0.172487,0.167063,0.171026,187839204.9
14-10-1997,Tuesday,October,1997,Q4,0.171026,0.171627,0.167063,0.171026,196353840
15-10-1997,Wednesday,October,1997,Q4,0.166838,0.186759,0.166838,0.179795,960204201.6
16-10-1997,Thursday,October,1997,Q4,0.159261,0.166235,0.157465,0.162213,875323107.3
17-10-1997,Friday,October,1997,Q4,0.159261,0.159261,0.149869,0.151686,519459070
20-10-1997,Monday,October,1997,Q4,0.151686,0.152032,0.140585,0.140852,487681708.2
21-10-1997,Tuesday,October,1997,Q4,0.142284,0.14568,0.140852,0.143537,562801471.3
22-10-1997,Wednesday,October,1997,Q4,0.143537,0.145038,0.139332,0.139993,179019560.9
23-10-1997,Thursday,October,1997,Q4,0.135755,0.136931,0.133889,0.133889,221181578.7
24-10-1997,Friday,October,1997,Q4,0.136634,0.138422,0.124298,0.124881,459737256.5
27-10-1997,Monday,October,1997,Q4,0.126362,0.136634,0.126362,0.126362,390015436.7
28-10-1997,Tuesday,October,1997,Q4,0.120673,0.139332,0.119744,0.136634,406540719.6
29-10-1997,Wednesday,October,1997,Q4,0.139033,0.139332,0.129978,0.132121,210292950.5
30-10-1997,Thursday,October,1997,Q4,0.128447,0.132367,0.124298,0.124298,223754538.1
31-10-1997,Friday,October,1997,Q4,0.130906,0.130906,0.125524,0.128447,316274895.9
03-11-1997,Monday,November,1997,Q4,0.132367,0.133889,0.128447,0.130906,149218299.1
04-11-1997,Tuesday,November,1997,Q4,0.133889,0.136634,0.132121,0.135429,199643002.4
05-11-1997,Wednesday,November,1997,Q4,0.137523,0.140585,0.136072,0.138422,458410930.4
06-11-1997,Thursday,November,1997,Q4,0.142284,0.147183,0.142284,0.143214,730733474.2
07-11-1997,Friday,November,1997,Q4,0.142284,0.150816,0.141423,0.148952,942140448.9
10-11-1997,Monday,November,1997,Q4,0.158374,0.162213,0.139332,0.140852,1655751753
11-11-1997,Tuesday,November,1997,Q4,0.143214,0.143214,0.136634,0.138422,393715661.6
12-11-1997,Wednesday,November,1997,Q4,0.136072,0.139332,0.132367,0.133028,246380632.9
13-11-1997,Thursday,November,1997,Q4,0.135755,0.136072,0.132121,0.135755,304948618.4
14-11-1997,Friday,November,1997,Q4,0.137523,0.139332,0.135755,0.139033,159908046
17-11-1997,Monday,November,1997,Q4,0.142284,0.142876,0.138164,0.139332,242786464.7
18-11-1997,Tuesday,November,1997,Q4,0.139332,0.139332,0.136072,0.136072,173648199.3
19-11-1997,Wednesday,November,1997,Q4,0.134778,0.138164,0.134778,0.137523,94244557.73
20-11-1997,Thursday,November,1997,Q4,0.136931,0.140585,0.136634,0.139332,151777998
21-11-1997,Friday,November,1997,Q4,0.140585,0.140852,0.135755,0.136931,115783124
24-11-1997,Monday,November,1997,Q4,0.132367,0.135755,0.132121,0.133028,186327319.8
25-11-1997,Tuesday,November,1997,Q4,0.133286,0.134778,0.127271,0.130906,243263956.3
26-11-1997,Wednesday,November,1997,Q4,0.130906,0.133286,0.129978,0.132121,71538870.54
28-11-1997,Friday,November,1997,Q4,0.133028,0.134778,0.131518,0.133889,48925994.74
01-12-1997,Monday,December,1997,Q4,0.133286,0.135429,0.129978,0.133889,103302977.9
02-12-1997,Tuesday,December,1997,Q4,0.130906,0.132121,0.119744,0.119744,469896484.9
03-12-1997,Wednesday,December,1997,Q4,0.12094,0.121523,0.118263,0.118847,406235651
04-12-1997,Thursday,December,1997,Q4,0.120673,0.120673,0.117591,0.117591,236407145.7
05-12-1997,Friday,December,1997,Q4,0.117306,0.120673,0.117306,0.119439,262256085.1
08-12-1997,Monday,December,1997,Q4,0.117306,0.118847,0.116099,0.117306,158183873.4
09-12-1997,Tuesday,December,1997,Q4,0.117019,0.118263,0.113097,0.114896,287813212.5
10-12-1997,Wednesday,December,1997,Q4,0.113732,0.113732,0.109178,0.111282,230770500.1
11-12-1997,Thursday,December,1997,Q4,0.10888,0.10979,0.104644,0.10979,304258979.9
12-12-1997,Friday,December,1997,Q4,0.111282,0.112179,0.105553,0.106461,190133713.9
15-12-1997,Monday,December,1997,Q4,0.106461,0.10736,0.103754,0.10495,196446670.6
16-12-1997,Tuesday,December,1997,Q4,0.105553,0.108565,0.105553,0.107971,219815540
17-12-1997,Wednesday,December,1997,Q4,0.107971,0.10979,0.10495,0.10495,314152901
18-12-1997,Thursday,December,1997,Q4,0.105553,0.105553,0.103754,0.104356,239258615.2
19-12-1997,Friday,December,1997,Q4,0.102244,0.104644,0.0998239,0.103142,225717398.8
22-12-1997,Monday,December,1997,Q4,0.104644,0.105553,0.0992315,0.100447,188847190.6
23-12-1997,Tuesday,December,1997,Q4,0.098925,0.100447,0.0974239,0.0974239,543331845.8
24-12-1997,Wednesday,December,1997,Q4,0.0980066,0.0998239,0.0980066,0.098925,115849423.4
26-12-1997,Friday,December,1997,Q4,0.0986188,0.101049,0.0980066,0.100447,127746040.4
29-12-1997,Monday,December,1997,Q4,0.100447,0.101344,0.0971077,0.098925,329431520.2
30-12-1997,Tuesday,December,1997,Q4,0.0980066,0.101344,0.096209,0.0992315,405585802.2
31-12-1997,Wednesday,December,1997,Q4,0.098925,0.102529,0.0974239,0.098925,481196240.4
02-01-1998,Friday,January,1998,Q1,0.102529,0.122392,0.101938,0.122392,850362741.2
05-01-1998,Monday,January,1998,Q1,0.124298,0.124881,0.114304,0.119744,771927277.6
06-01-1998,Tuesday,January,1998,Q1,0.12002,0.150816,0.111282,0.142876,2146271640
07-01-1998,Wednesday,January,1998,Q1,0.142065,0.143214,0.13058,0.132121,1233454968
08-01-1998,Thursday,January,1998,Q1,0.131518,0.140585,0.127842,0.136931,916569981.1
09-01-1998,Friday,January,1998,Q1,0.136634,0.146018,0.132121,0.136931,1049820050
12-01-1998,Monday,January,1998,Q1,0.131518,0.140585,0.129039,0.137523,611501986.8
13-01-1998,Tuesday,January,1998,Q1,0.140585,0.148042,0.139332,0.147183,754142034
14-01-1998,Wednesday,January,1998,Q1,0.149869,0.150501,0.145038,0.148952,697788991.4
15-01-1998,Thursday,January,1998,Q1,0.144497,0.148952,0.140585,0.144497,662271561.5
16-01-1998,Friday,January,1998,Q1,0.146609,0.146609,0.140852,0.142065,291725737.1
20-01-1998,Tuesday,January,1998,Q1,0.143537,0.14568,0.140585,0.143537,286049285.7
21-01-1998,Wednesday,January,1998,Q1,0.141423,0.143537,0.139993,0.142284,225239923.4
22-01-1998,Thursday,January,1998,Q1,0.140852,0.148952,0.140585,0.145038,390453070.9
23-01-1998,Friday,January,1998,Q1,0.146018,0.148359,0.145038,0.147183,276102313.5
26-01-1998,Monday,January,1998,Q1,0.146609,0.147469,0.142065,0.146609,173409448.5
27-01-1998,Tuesday,January,1998,Q1,0.144497,0.148359,0.143214,0.144199,132905213.6
28-01-1998,Wednesday,January,1998,Q1,0.144497,0.146018,0.140585,0.144497,178953262.4
29-01-1998,Thursday,January,1998,Q1,0.142876,0.144199,0.139332,0.139332,250903200.5
30-01-1998,Friday,January,1998,Q1,0.138164,0.142284,0.137523,0.138164,192361798.8
02-02-1998,Monday,February,1998,Q1,0.139332,0.139332,0.130906,0.133286,754009436
03-02-1998,Tuesday,February,1998,Q1,0.133286,0.140585,0.133286,0.138164,476766504.4
04-02-1998,Wednesday,February,1998,Q1,0.136072,0.139332,0.135755,0.137523,201539590.9
05-02-1998,Thursday,February,1998,Q1,0.137523,0.139332,0.135755,0.138164,282150106.6
06-02-1998,Friday,February,1998,Q1,0.138422,0.140852,0.137523,0.139332,239603466.3
09-02-1998,Monday,February,1998,Q1,0.138422,0.147183,0.138422,0.144497,585772431.4
10-02-1998,Tuesday,February,1998,Q1,0.144199,0.147469,0.143537,0.146609,499737491.8
11-02-1998,Wednesday,February,1998,Q1,0.147183,0.147183,0.142284,0.143214,250651257
12-02-1998,Thursday,February,1998,Q1,0.144199,0.146609,0.143537,0.146018,241274539.2
13-02-1998,Friday,February,1998,Q1,0.144497,0.149869,0.143214,0.147183,246301062.8
17-02-1998,Tuesday,February,1998,Q1,0.147183,0.148952,0.147183,0.148042,216407013.8
18-02-1998,Wednesday,February,1998,Q1,0.147469,0.156536,0.147469,0.155034,585679637.2
19-02-1998,Thursday,February,1998,Q1,0.157465,0.158046,0.150816,0.154097,473265174.9
20-02-1998,Friday,February,1998,Q1,0.154372,0.155034,0.149574,0.150816,385346935.6
23-02-1998,Monday,February,1998,Q1,0.151686,0.163153,0.150816,0.160122,565427477.8
24-02-1998,Tuesday,February,1998,Q1,0.160733,0.161019,0.156536,0.160733,540679302.1
25-02-1998,Wednesday,February,1998,Q1,0.160733,0.171627,0.158046,0.16825,843917058
26-02-1998,Thursday,February,1998,Q1,0.16825,0.177624,0.16501,0.177355,704738636.7
27-02-1998,Friday,February,1998,Q1,0.175823,0.180092,0.170095,0.178305,615295164.9
02-03-1998,Monday,March,1998,Q1,0.177624,0.177624,0.167627,0.171627,474193560.2
03-03-1998,Tuesday,March,1998,Q1,0.16501,0.174621,0.163153,0.174322,395598937
04-03-1998,Wednesday,March,1998,Q1,0.172487,0.186759,0.172487,0.184298,968440273
05-03-1998,Thursday,March,1998,Q1,0.175192,0.182719,0.174322,0.181296,799460654.7
06-03-1998,Friday,March,1998,Q1,0.180092,0.184585,0.176152,0.184298,789208556.1
09-03-1998,Monday,March,1998,Q1,0.179144,0.183312,0.169434,0.171627,680812777.4
10-03-1998,Tuesday,March,1998,Q1,0.173416,0.184585,0.17312,0.181296,844195561
11-03-1998,Wednesday,March,1998,Q1,0.189445,0.197237,0.185189,0.196942,1437978661
12-03-1998,Thursday,March,1998,Q1,0.196942,0.20357,0.192792,0.20357,881450473.7
13-03-1998,Friday,March,1998,Q1,0.205464,0.205464,0.197879,0.204506,670428083.9
16-03-1998,Monday,March,1998,Q1,0.204506,0.205464,0.197237,0.201158,476461487.4
17-03-1998,Tuesday,March,1998,Q1,0.199699,0.201158,0.195133,0.198483,485811668.1
18-03-1998,Wednesday,March,1998,Q1,0.196033,0.203253,0.196033,0.203253,328012408.1
19-03-1998,Thursday,March,1998,Q1,0.20266,0.203253,0.20024,0.201741,189536836.2
20-03-1998,Friday,March,1998,Q1,0.201158,0.20266,0.196033,0.198728,255160545.9
23-03-1998,Monday,March,1998,Q1,0.195726,0.197879,0.18577,0.196942,491116794.9
24-03-1998,Tuesday,March,1998,Q1,0.198728,0.211173,0.197879,0.211173,800415493.1
25-03-1998,Wednesday,March,1998,Q1,0.208357,0.209308,0.198728,0.204853,458716005.1
26-03-1998,Thursday,March,1998,Q1,0.201741,0.20357,0.199409,0.20024,240346121.5
27-03-1998,Friday,March,1998,Q1,0.200832,0.206076,0.198728,0.203253,302667458
30-03-1998,Monday,March,1998,Q1,0.201741,0.207431,0.201741,0.206887,296871627.6
31-03-1998,Tuesday,March,1998,Q1,0.206887,0.209938,0.205464,0.207431,316049453.1
01-04-1998,Wednesday,April,1998,Q2,0.206887,0.209938,0.203864,0.207431,221300954.6
02-04-1998,Thursday,April,1998,Q2,0.206076,0.206887,0.203253,0.206076,230094095.8
03-04-1998,Friday,April,1998,Q2,0.204506,0.205464,0.202303,0.203864,240465494.4
06-04-1998,Monday,April,1998,Q2,0.20357,0.20357,0.197237,0.197879,411607085.5
07-04-1998,Tuesday,April,1998,Q2,0.194808,0.196033,0.187608,0.192468,346606703.5
08-04-1998,Wednesday,April,1998,Q2,0.190265,0.191174,0.186117,0.188457,266672543.5
09-04-1998,Thursday,April,1998,Q2,0.188782,0.195133,0.188457,0.193404,201672176.7
13-04-1998,Monday,April,1998,Q2,0.193404,0.201158,0.188457,0.199409,341394429.6
14-04-1998,Tuesday,April,1998,Q2,0.198728,0.205464,0.198728,0.203253,388224888.7
15-04-1998,Wednesday,April,1998,Q2,0.204853,0.207431,0.200832,0.206887,660189294.5
16-04-1998,Thursday,April,1998,Q2,0.220458,0.22348,0.212348,0.215954,2176444242
17-04-1998,Friday,April,1998,Q2,0.215333,0.215954,0.208715,0.210858,701224052.8
20-04-1998,Monday,April,1998,Q2,0.208357,0.22261,0.207746,0.218661,613133346
21-04-1998,Tuesday,April,1998,Q2,0.218956,0.219569,0.21469,0.218661,412124284.7
22-04-1998,Wednesday,April,1998,Q2,0.216873,0.218661,0.207431,0.207431,337428854.8
23-04-1998,Thursday,April,1998,Q2,0.206887,0.218661,0.204853,0.208715,562828009.5
24-04-1998,Friday,April,1998,Q2,0.209308,0.212863,0.207431,0.210858,255240152.5
27-04-1998,Monday,April,1998,Q2,0.201741,0.209308,0.201741,0.209308,485267926.6
28-04-1998,Tuesday,April,1998,Q2,0.210197,0.211173,0.197879,0.203253,280850367.4
29-04-1998,Wednesday,April,1998,Q2,0.203253,0.206887,0.201741,0.20357,224444164.4
30-04-1998,Thursday,April,1998,Q2,0.206343,0.208357,0.203864,0.206343,213091364.8
01-05-1998,Friday,May,1998,Q2,0.207431,0.212863,0.20266,0.211173,217972037.1
04-05-1998,Monday,May,1998,Q2,0.21779,0.22261,0.21779,0.218956,676329973.1
05-05-1998,Tuesday,May,1998,Q2,0.220458,0.225257,0.219569,0.223747,496501389.7
06-05-1998,Wednesday,May,1998,Q2,0.225257,0.229533,0.220458,0.228647,1062207364
07-05-1998,Thursday,May,1998,Q2,0.230381,0.230978,0.225257,0.22745,654725043.6
08-05-1998,Friday,May,1998,Q2,0.226512,0.2298,0.2259,0.229533,320691390.7
11-05-1998,Monday,May,1998,Q2,0.232814,0.238641,0.231954,0.233455,787497656.2
12-05-1998,Tuesday,May,1998,Q2,0.230381,0.231954,0.2259,0.227125,305293435.1
13-05-1998,Wednesday,May,1998,Q2,0.226512,0.232497,0.22348,0.229533,372322982.2
14-05-1998,Thursday,May,1998,Q2,0.228941,0.229533,0.224329,0.226512,192640269.5
15-05-1998,Friday,May,1998,Q2,0.226512,0.228941,0.220458,0.222907,322786854.4
18-05-1998,Monday,May,1998,Q2,0.221336,0.222907,0.213782,0.21469,275187154.3
19-05-1998,Tuesday,May,1998,Q2,0.218383,0.222008,0.217495,0.221336,258462974.9
20-05-1998,Wednesday,May,1998,Q2,0.22348,0.225257,0.216873,0.222907,225200174.2
21-05-1998,Thursday,May,1998,Q2,0.222907,0.223747,0.215954,0.21779,155120237.8
22-05-1998,Friday,May,1998,Q2,0.216873,0.216873,0.206076,0.210197,315691406.3
26-05-1998,Tuesday,May,1998,Q2,0.21151,0.212863,0.200832,0.201158,369192983.4
27-05-1998,Wednesday,May,1998,Q2,0.193662,0.202303,0.193404,0.201741,438371126.4
28-05-1998,Thursday,May,1998,Q2,0.201741,0.210197,0.201741,0.206887,353463471.6
29-05-1998,Friday,May,1998,Q2,0.207431,0.207746,0.199409,0.200832,256632724.4
01-06-1998,Monday,June,1998,Q2,0.199699,0.208357,0.193404,0.197879,378569703.3
02-06-1998,Tuesday,June,1998,Q2,0.199409,0.206076,0.196033,0.20266,212322075.3
03-06-1998,Wednesday,June,1998,Q2,0.204506,0.205464,0.197237,0.198483,171870931.1
04-06-1998,Thursday,June,1998,Q2,0.200832,0.20266,0.194808,0.202303,184894888.5
05-06-1998,Friday,June,1998,Q2,0.20266,0.205464,0.198728,0.20266,146035277.4
08-06-1998,Monday,June,1998,Q2,0.20357,0.208715,0.202303,0.205464,149947804.1
09-06-1998,Tuesday,June,1998,Q2,0.206343,0.21469,0.206343,0.212863,326527041
10-06-1998,Wednesday,June,1998,Q2,0.211173,0.218661,0.208357,0.21151,271447123.5
11-06-1998,Thursday,June,1998,Q2,0.212348,0.215954,0.209938,0.209938,213290250.2
12-06-1998,Friday,June,1998,Q2,0.208357,0.212863,0.206343,0.212074,265081026.6
15-06-1998,Monday,June,1998,Q2,0.205464,0.212863,0.205464,0.207431,161831092.7
16-06-1998,Tuesday,June,1998,Q2,0.208715,0.212074,0.206076,0.211173,153568489.3
17-06-1998,Wednesday,June,1998,Q2,0.211173,0.215333,0.210858,0.212074,221645732.9
18-06-1998,Thursday,June,1998,Q2,0.209308,0.21151,0.204853,0.206076,142096228.7
19-06-1998,Friday,June,1998,Q2,0.206343,0.206887,0.201741,0.203864,162892147.9
22-06-1998,Monday,June,1998,Q2,0.20357,0.207746,0.201741,0.206343,159350977.1
23-06-1998,Tuesday,June,1998,Q2,0.206887,0.212074,0.205464,0.209938,273608897.9
24-06-1998,Wednesday,June,1998,Q2,0.209308,0.215954,0.206076,0.212863,324219333.3
25-06-1998,Thursday,June,1998,Q2,0.215333,0.217495,0.213426,0.215333,227136506.8
26-06-1998,Friday,June,1998,Q2,0.21469,0.215954,0.209308,0.212348,131578955.5
29-06-1998,Monday,June,1998,Q2,0.212863,0.217495,0.21151,0.216269,196791539.9
30-06-1998,Tuesday,June,1998,Q2,0.215954,0.217495,0.212074,0.216269,155199830.2
01-07-1998,Wednesday,July,1998,Q3,0.21779,0.226186,0.21469,0.2259,371964868.6
02-07-1998,Thursday,July,1998,Q3,0.223747,0.226512,0.218661,0.218661,353012565.8
06-07-1998,Monday,July,1998,Q3,0.22261,0.228941,0.219569,0.228941,320850555.2
07-07-1998,Tuesday,July,1998,Q3,0.228941,0.232814,0.226186,0.2298,285943181.4
08-07-1998,Wednesday,July,1998,Q3,0.231954,0.24819,0.231322,0.245575,1104608179
09-07-1998,Thursday,July,1998,Q3,0.24819,0.253327,0.237031,0.238868,670958576.1
10-07-1998,Friday,July,1998,Q3,0.242452,0.24586,0.239442,0.241841,358238026.4
13-07-1998,Monday,July,1998,Q3,0.240963,0.257279,0.240408,0.255728,847139941.1
14-07-1998,Tuesday,July,1998,Q3,0.255728,0.256389,0.249743,0.252133,649552604.8
15-07-1998,Wednesday,July,1998,Q3,0.253968,0.261505,0.252706,0.259687,704539643.1
16-07-1998,Thursday,July,1998,Q3,0.285633,0.287392,0.269663,0.282909,3033066950
17-07-1998,Friday,July,1998,Q3,0.280756,0.280756,0.272615,0.278087,745494806
20-07-1998,Monday,July,1998,Q3,0.275619,0.275964,0.267787,0.27322,454591322.5
21-07-1998,Tuesday,July,1998,Q3,0.272281,0.278937,0.268122,0.268448,390187839.5
22-07-1998,Wednesday,July,1998,Q3,0.263322,0.268448,0.258128,0.263906,332428861.3
23-07-1998,Thursday,July,1998,Q3,0.26267,0.268448,0.262078,0.263322,299749637.3
24-07-1998,Friday,July,1998,Q3,0.266829,0.267787,0.255107,0.261505,321248439.2
27-07-1998,Monday,July,1998,Q3,0.258128,0.263008,0.250631,0.259687,253688397.9
28-07-1998,Tuesday,July,1998,Q3,0.256962,0.260913,0.248853,0.253327,266884762.2
29-07-1998,Wednesday,July,1998,Q3,0.254542,0.270583,0.253968,0.264823,530175295.4
30-07-1998,Thursday,July,1998,Q3,0.270255,0.27715,0.267787,0.275056,429020963
31-07-1998,Friday,July,1998,Q3,0.275964,0.27715,0.259944,0.260913,216831417.9
03-08-1998,Monday,August,1998,Q3,0.258128,0.268122,0.250631,0.264823,357336174.2
04-08-1998,Tuesday,August,1998,Q3,0.267787,0.271471,0.256389,0.257593,348052317.4
05-08-1998,Wednesday,August,1998,Q3,0.254542,0.271471,0.252706,0.271471,537708509.3
06-08-1998,Thursday,August,1998,Q3,0.264499,0.278087,0.263008,0.278087,519392733
07-08-1998,Friday,August,1998,Q3,0.280193,0.281979,0.271471,0.275056,352906442.3
10-08-1998,Monday,August,1998,Q3,0.273871,0.287095,0.27322,0.28597,578584081.8
11-08-1998,Tuesday,August,1998,Q3,0.284705,0.30916,0.281979,0.293991,2083512769
12-08-1998,Wednesday,August,1998,Q3,0.299788,0.308666,0.297713,0.302286,816808179.1
13-08-1998,Thursday,August,1998,Q3,0.301002,0.307333,0.297102,0.297377,462747843.9
14-08-1998,Friday,August,1998,Q3,0.30673,0.307333,0.298019,0.30512,533796069.7
17-08-1998,Monday,August,1998,Q3,0.30916,0.322957,0.300715,0.316085,1102313716
18-08-1998,Tuesday,August,1998,Q3,0.319987,0.327273,0.318515,0.320913,717550338
19-08-1998,Wednesday,August,1998,Q3,0.328103,0.329971,0.30916,0.30916,575493895.8
20-08-1998,Thursday,August,1998,Q3,0.30916,0.310049,0.303433,0.306059,464100680.8
21-08-1998,Friday,August,1998,Q3,0.301704,0.328451,0.293991,0.324263,963175034.9
24-08-1998,Monday,August,1998,Q3,0.327511,0.328103,0.302484,0.310326,722550374
25-08-1998,Tuesday,August,1998,Q3,0.319709,0.319709,0.304024,0.307946,586833439.9
26-08-1998,Wednesday,August,1998,Q3,0.300715,0.310049,0.298019,0.304586,481342181.9
27-08-1998,Thursday,August,1998,Q3,0.295847,0.295847,0.268448,0.282909,1319450178
28-08-1998,Friday,August,1998,Q3,0.279885,0.290206,0.257279,0.257593,1103945029
31-08-1998,Monday,August,1998,Q3,0.262078,0.263008,0.233753,0.234946,1028122291
01-09-1998,Tuesday,September,1998,Q3,0.236438,0.266829,0.230978,0.257279,1029130313
02-09-1998,Wednesday,September,1998,Q3,0.267787,0.281979,0.265732,0.268122,998254818.6
03-09-1998,Thursday,September,1998,Q3,0.263906,0.264823,0.256389,0.260913,485214869.3
04-09-1998,Friday,September,1998,Q3,0.267787,0.274779,0.254542,0.264823,446753110.9
08-09-1998,Tuesday,September,1998,Q3,0.286542,0.288281,0.27715,0.288281,476978743.4
09-09-1998,Wednesday,September,1998,Q3,0.287095,0.287392,0.278937,0.281979,420015576.8
10-09-1998,Thursday,September,1998,Q3,0.27322,0.288281,0.269663,0.287392,623915931.6
11-09-1998,Friday,September,1998,Q3,0.290206,0.298543,0.278087,0.28348,417164083
14-09-1998,Monday,September,1998,Q3,0.288281,0.292764,0.279885,0.280193,292574536.1
15-09-1998,Tuesday,September,1998,Q3,0.27715,0.290838,0.275056,0.287708,513517419.6
16-09-1998,Wednesday,September,1998,Q3,0.291156,0.292192,0.278937,0.281407,306553388.7
17-09-1998,Thursday,September,1998,Q3,0.271984,0.279885,0.270583,0.271471,318887636.8
18-09-1998,Friday,September,1998,Q3,0.271984,0.27715,0.268122,0.27715,361261922.9
21-09-1998,Monday,September,1998,Q3,0.269051,0.278385,0.266245,0.278385,350360017
22-09-1998,Tuesday,September,1998,Q3,0.279885,0.28348,0.274512,0.278937,305439335.1
23-09-1998,Wednesday,September,1998,Q3,0.280756,0.289565,0.275619,0.288903,340943495.4
24-09-1998,Thursday,September,1998,Q3,0.285633,0.298287,0.284705,0.290206,571767064.9
25-09-1998,Friday,September,1998,Q3,0.287708,0.295322,0.28348,0.292192,270333067.9
28-09-1998,Monday,September,1998,Q3,0.299788,0.302859,0.286542,0.294652,480082214.1
29-09-1998,Tuesday,September,1998,Q3,0.294652,0.301704,0.287392,0.298019,361328222.4
30-09-1998,Wednesday,September,1998,Q3,0.292192,0.295847,0.286542,0.287392,197971897.1
01-10-1998,Thursday,October,1998,Q4,0.27715,0.286542,0.266829,0.269051,438397580.6
02-10-1998,Friday,October,1998,Q4,0.267787,0.27322,0.257279,0.264499,563159558.6
05-10-1998,Monday,October,1998,Q4,0.256389,0.260596,0.237672,0.242452,653518156.3
06-10-1998,Tuesday,October,1998,Q4,0.253968,0.258791,0.244933,0.245575,473503912.6
07-10-1998,Wednesday,October,1998,Q4,0.244319,0.251253,0.240408,0.240963,560533543
08-10-1998,Thursday,October,1998,Q4,0.233753,0.234946,0.21469,0.232497,816145034.3
09-10-1998,Friday,October,1998,Q4,0.239442,0.265732,0.231954,0.264823,791304055.3
12-10-1998,Monday,October,1998,Q4,0.282909,0.289861,0.275619,0.282277,737616792.6
13-10-1998,Tuesday,October,1998,Q4,0.287095,0.295322,0.271471,0.292192,1115045832
14-10-1998,Wednesday,October,1998,Q4,0.299788,0.311529,0.277793,0.281979,2699921882
15-10-1998,Thursday,October,1998,Q4,0.27322,0.280756,0.267787,0.275964,995496099.7
16-10-1998,Friday,October,1998,Q4,0.279885,0.287095,0.275056,0.276607,728929693
19-10-1998,Monday,October,1998,Q4,0.276607,0.287095,0.270583,0.282909,563398288.2
20-10-1998,Tuesday,October,1998,Q4,0.28597,0.287708,0.271471,0.271984,452456033.7
21-10-1998,Wednesday,October,1998,Q4,0.27715,0.282277,0.269663,0.279885,509923199.8
22-10-1998,Thursday,October,1998,Q4,0.278087,0.28348,0.27322,0.27715,375824352.2
23-10-1998,Friday,October,1998,Q4,0.27715,0.278087,0.264823,0.267787,421540700
26-10-1998,Monday,October,1998,Q4,0.271984,0.284705,0.267787,0.282277,563477841.1
27-10-1998,Tuesday,October,1998,Q4,0.286542,0.293389,0.264499,0.265732,637311155.9
28-10-1998,Wednesday,October,1998,Q4,0.265732,0.278937,0.264823,0.277793,430692011.5
29-10-1998,Thursday,October,1998,Q4,0.274779,0.282277,0.270255,0.274779,408039389.7
30-10-1998,Friday,October,1998,Q4,0.277793,0.282909,0.27322,0.279885,376142647.9
02-11-1998,Monday,November,1998,Q4,0.282909,0.284705,0.280756,0.28348,300505608.7
03-11-1998,Tuesday,November,1998,Q4,0.281979,0.288281,0.281407,0.285329,438676175.8
04-11-1998,Wednesday,November,1998,Q4,0.290838,0.294978,0.287392,0.291678,743518605.8
05-11-1998,Thursday,November,1998,Q4,0.289565,0.297102,0.287095,0.287708,718929634.1
06-11-1998,Friday,November,1998,Q4,0.285633,0.288281,0.280756,0.287095,944182894.9
09-11-1998,Monday,November,1998,Q4,0.284092,0.287392,0.267787,0.275964,782484313.1
10-11-1998,Tuesday,November,1998,Q4,0.272615,0.27322,0.263906,0.264823,1046782936
11-11-1998,Wednesday,November,1998,Q4,0.269663,0.270255,0.246946,0.253011,1123189232
12-11-1998,Thursday,November,1998,Q4,0.249743,0.259687,0.247896,0.256389,704698824.8
13-11-1998,Friday,November,1998,Q4,0.263322,0.271984,0.261505,0.269051,937644386.1
16-11-1998,Monday,November,1998,Q4,0.270849,0.27715,0.267165,0.271471,455347296.9
17-11-1998,Tuesday,November,1998,Q4,0.269663,0.270255,0.262078,0.26267,249537127.4
18-11-1998,Wednesday,November,1998,Q4,0.26514,0.271471,0.263008,0.267165,390373520
19-11-1998,Thursday,November,1998,Q4,0.267787,0.280193,0.267165,0.269663,410347104.5
20-11-1998,Friday,November,1998,Q4,0.274779,0.27715,0.262078,0.266245,472747974.7
23-11-1998,Monday,November,1998,Q4,0.268122,0.277793,0.26514,0.27322,684393646.7
24-11-1998,Tuesday,November,1998,Q4,0.272281,0.27715,0.269663,0.270849,378636032.1
25-11-1998,Wednesday,November,1998,Q4,0.270583,0.271984,0.263322,0.264823,359750020.7
27-11-1998,Friday,November,1998,Q4,0.264499,0.264823,0.262078,0.264499,181300733.5
30-11-1998,Monday,November,1998,Q4,0.260596,0.26267,0.239442,0.240963,664897559.8
01-12-1998,Tuesday,December,1998,Q4,0.241218,0.26267,0.238641,0.257279,1025177990
02-12-1998,Wednesday,December,1998,Q4,0.257279,0.278087,0.252706,0.271471,1139740985
03-12-1998,Thursday,December,1998,Q4,0.273871,0.275056,0.253327,0.253968,741343636.8
04-12-1998,Friday,December,1998,Q4,0.258791,0.259687,0.241218,0.246946,854222174.3
07-12-1998,Monday,December,1998,Q4,0.251844,0.254542,0.246946,0.254542,670945374.3
08-12-1998,Tuesday,December,1998,Q4,0.255728,0.255728,0.241218,0.241841,805362499.3
09-12-1998,Wednesday,December,1998,Q4,0.246424,0.247896,0.238641,0.241218,702112627.2
10-12-1998,Thursday,December,1998,Q4,0.246424,0.24819,0.240408,0.241218,463304932
11-12-1998,Friday,December,1998,Q4,0.243126,0.256389,0.241218,0.254542,817073442.8
14-12-1998,Monday,December,1998,Q4,0.247896,0.251253,0.243126,0.244933,593796373.1
15-12-1998,Tuesday,December,1998,Q4,0.246946,0.253327,0.246946,0.253011,313463227.1
16-12-1998,Wednesday,December,1998,Q4,0.254542,0.257593,0.24586,0.247598,443291535.6
17-12-1998,Thursday,December,1998,Q4,0.24819,0.254542,0.246946,0.252133,391500799.7
18-12-1998,Friday,December,1998,Q4,0.251844,0.266829,0.250631,0.26514,937259774.7
21-12-1998,Monday,December,1998,Q4,0.266829,0.268448,0.258128,0.264499,423278169.6
22-12-1998,Tuesday,December,1998,Q4,0.274512,0.287392,0.271471,0.286542,1362739561
23-12-1998,Wednesday,December,1998,Q4,0.291156,0.30512,0.289565,0.30037,1462488087
24-12-1998,Thursday,December,1998,Q4,0.300715,0.301704,0.295322,0.295847,236818259.8
28-12-1998,Monday,December,1998,Q4,0.293991,0.310049,0.293991,0.308302,858890692.5
29-12-1998,Tuesday,December,1998,Q4,0.310049,0.313062,0.303433,0.307946,458689538.8
30-12-1998,Wednesday,December,1998,Q4,0.302484,0.310049,0.301704,0.302286,281075781.9
31-12-1998,Thursday,December,1998,Q4,0.30512,0.312133,0.298019,0.308666,321725922.8
04-01-1999,Monday,January,1999,Q1,0.317615,0.318515,0.301704,0.310888,1128374851
05-01-1999,Tuesday,January,1999,Q1,0.316085,0.331204,0.313062,0.326592,1669810206
06-01-1999,Wednesday,January,1999,Q1,0.332627,0.332627,0.30916,0.314822,1596931856
07-01-1999,Thursday,January,1999,Q1,0.318515,0.339927,0.317615,0.339275,1692197613
08-01-1999,Friday,January,1999,Q1,0.351077,0.353488,0.331758,0.339275,803850526.2
11-01-1999,Monday,January,1999,Q1,0.345053,0.347363,0.338326,0.34596,664287461.1
12-01-1999,Tuesday,January,1999,Q1,0.34925,0.351364,0.332627,0.34768,971888579.7
13-01-1999,Wednesday,January,1999,Q1,0.323294,0.356777,0.318515,0.350494,1240789304
14-01-1999,Thursday,January,1999,Q1,0.343225,0.346839,0.309762,0.312133,2041337400
15-01-1999,Friday,January,1999,Q1,0.315463,0.317615,0.301704,0.311529,1191279717
19-01-1999,Tuesday,January,1999,Q1,0.316085,0.319128,0.304586,0.308302,633398643.4
20-01-1999,Wednesday,January,1999,Q1,0.309762,0.316676,0.30512,0.305763,921424138.4
21-01-1999,Thursday,January,1999,Q1,0.304835,0.305763,0.282909,0.292764,711078213.7
22-01-1999,Friday,January,1999,Q1,0.284092,0.298019,0.279569,0.292192,409445193.7
25-01-1999,Monday,January,1999,Q1,0.295847,0.298287,0.292764,0.297102,456302180.9
26-01-1999,Tuesday,January,1999,Q1,0.301002,0.308302,0.298543,0.30512,663186651.8
27-01-1999,Wednesday,January,1999,Q1,0.30916,0.312133,0.301002,0.302484,432164163.6
28-01-1999,Thursday,January,1999,Q1,0.308302,0.310888,0.304024,0.308302,398211727.5
29-01-1999,Friday,January,1999,Q1,0.310326,0.313388,0.301704,0.310326,287415361.9
01-02-1999,Monday,February,1999,Q1,0.314275,0.316085,0.304024,0.308666,330280326.2
02-02-1999,Tuesday,February,1999,Q1,0.304586,0.307333,0.293991,0.295322,363728768.9
03-02-1999,Wednesday,February,1999,Q1,0.293991,0.305763,0.292192,0.302859,401129552.2
04-02-1999,Thursday,February,1999,Q1,0.302859,0.303433,0.284705,0.285633,549194018.2
05-02-1999,Friday,February,1999,Q1,0.288281,0.289565,0.267787,0.273871,920336611.9
08-02-1999,Monday,February,1999,Q1,0.276607,0.28597,0.27322,0.284705,554459282.5
09-02-1999,Tuesday,February,1999,Q1,0.28597,0.294652,0.279569,0.280193,830283070.7
10-02-1999,Wednesday,February,1999,Q1,0.278087,0.291678,0.271471,0.288903,667430714.4
11-02-1999,Thursday,February,1999,Q1,0.292192,0.299788,0.290838,0.298543,669287461.7
12-02-1999,Friday,February,1999,Q1,0.294978,0.294978,0.278937,0.284092,507893972.8
16-02-1999,Tuesday,February,1999,Q1,0.29306,0.29306,0.285633,0.288903,355519224.7
17-02-1999,Wednesday,February,1999,Q1,0.287392,0.291678,0.278385,0.278937,350585443.6
18-02-1999,Thursday,February,1999,Q1,0.283224,0.285633,0.268122,0.271471,592284465.8
19-02-1999,Friday,February,1999,Q1,0.27322,0.284092,0.272615,0.280193,428304724.6
22-02-1999,Monday,February,1999,Q1,0.281979,0.29306,0.280756,0.289861,353675671.1
23-02-1999,Tuesday,February,1999,Q1,0.290838,0.298287,0.28597,0.289861,381514022.6
24-02-1999,Wednesday,February,1999,Q1,0.292764,0.293991,0.281979,0.282277,251937763
25-02-1999,Thursday,February,1999,Q1,0.281407,0.284092,0.275056,0.278385,313330623.1
26-02-1999,Friday,February,1999,Q1,0.275056,0.278937,0.259944,0.26267,790136937.3
01-03-1999,Monday,March,1999,Q1,0.26267,0.26267,0.253327,0.254542,577668920.6
02-03-1999,Tuesday,March,1999,Q1,0.257279,0.266245,0.254542,0.260913,808850552
03-03-1999,Wednesday,March,1999,Q1,0.262078,0.264823,0.252706,0.257593,347375853.4
04-03-1999,Thursday,March,1999,Q1,0.259944,0.259944,0.244319,0.252133,434909555.2
05-03-1999,Friday,March,1999,Q1,0.258791,0.258791,0.244319,0.250068,554233781
08-03-1999,Monday,March,1999,Q1,0.250631,0.261505,0.250068,0.259393,652085819.1
09-03-1999,Tuesday,March,1999,Q1,0.258791,0.259393,0.252706,0.257279,378569703.3
10-03-1999,Wednesday,March,1999,Q1,0.257593,0.257593,0.244645,0.245575,646886788.4
11-03-1999,Thursday,March,1999,Q1,0.243126,0.255449,0.241218,0.242452,560891733.6
12-03-1999,Friday,March,1999,Q1,0.243688,0.252706,0.243688,0.250068,321381042.3
15-03-1999,Monday,March,1999,Q1,0.251253,0.263906,0.250631,0.256962,417018174.9
16-03-1999,Tuesday,March,1999,Q1,0.263906,0.268122,0.263322,0.267787,473464139.2
17-03-1999,Wednesday,March,1999,Q1,0.270849,0.271984,0.255728,0.256962,433782179.3
18-03-1999,Thursday,March,1999,Q1,0.259393,0.268448,0.258128,0.267787,268900666.9
19-03-1999,Friday,March,1999,Q1,0.270849,0.271471,0.247896,0.252706,635308517.7
22-03-1999,Monday,March,1999,Q1,0.256389,0.26514,0.24819,0.264499,702934854.5
23-03-1999,Tuesday,March,1999,Q1,0.259687,0.259687,0.246946,0.248853,492084970.8
24-03-1999,Wednesday,March,1999,Q1,0.250631,0.254542,0.244933,0.253968,473848775.9
25-03-1999,Thursday,March,1999,Q1,0.259393,0.263008,0.251844,0.255107,473623300.7
26-03-1999,Friday,March,1999,Q1,0.254542,0.255107,0.248853,0.250631,300585220.3
29-03-1999,Monday,March,1999,Q1,0.252706,0.267165,0.252133,0.266829,673637592.2
30-03-1999,Tuesday,March,1999,Q1,0.263906,0.274512,0.263906,0.270583,656648148
31-03-1999,Wednesday,March,1999,Q1,0.274512,0.279885,0.270583,0.270849,500135390
01-04-1999,Thursday,April,1999,Q2,0.271984,0.276607,0.269663,0.271984,310320012.3
05-04-1999,Monday,April,1999,Q2,0.271471,0.285633,0.271471,0.279569,545825276.5
06-04-1999,Tuesday,April,1999,Q2,0.277793,0.288903,0.277793,0.286542,744354247.5
07-04-1999,Wednesday,April,1999,Q2,0.287095,0.288281,0.274512,0.279885,487655202.4
08-04-1999,Thursday,April,1999,Q2,0.278087,0.279569,0.271471,0.278087,350996595.3
09-04-1999,Friday,April,1999,Q2,0.27322,0.280756,0.270849,0.27715,317999095.8
12-04-1999,Monday,April,1999,Q2,0.263906,0.278087,0.263008,0.27322,468716163.2
13-04-1999,Tuesday,April,1999,Q2,0.273871,0.277793,0.259944,0.260913,488331586.4
14-04-1999,Wednesday,April,1999,Q2,0.265732,0.279569,0.263906,0.267787,806450033.9
15-04-1999,Thursday,April,1999,Q2,0.266829,0.272615,0.258791,0.269663,2053910448
16-04-1999,Friday,April,1999,Q2,0.270583,0.271984,0.265732,0.267165,594711478.6
19-04-1999,Monday,April,1999,Q2,0.269051,0.271471,0.252706,0.255449,1091584233
20-04-1999,Tuesday,April,1999,Q2,0.255449,0.262078,0.252706,0.256962,620334924.7
21-04-1999,Wednesday,April,1999,Q2,0.256389,0.259393,0.252706,0.259393,416116329.9
22-04-1999,Thursday,April,1999,Q2,0.264499,0.275964,0.264499,0.274512,876490210.1
23-04-1999,Friday,April,1999,Q2,0.27322,0.297377,0.27322,0.295322,1239635382
26-04-1999,Monday,April,1999,Q2,0.298019,0.310888,0.295847,0.308666,1098825652
27-04-1999,Tuesday,April,1999,Q2,0.324263,0.345666,0.324263,0.345053,2493912803
28-04-1999,Wednesday,April,1999,Q2,0.336332,0.34441,0.328764,0.332312,1130868233
29-04-1999,Thursday,April,1999,Q2,0.326,0.3348,0.315144,0.324263,934673508.2
30-04-1999,Friday,April,1999,Q2,0.331758,0.355275,0.331758,0.346839,1743484290
03-05-1999,Monday,May,1999,Q2,0.347363,0.376984,0.345053,0.373646,1741242932
04-05-1999,Tuesday,May,1999,Q2,0.363719,0.366464,0.347995,0.350494,960641895.5
05-05-1999,Wednesday,May,1999,Q2,0.34925,0.354367,0.336332,0.354367,685985206.1
06-05-1999,Thursday,May,1999,Q2,0.351077,0.353488,0.331758,0.335413,512920570.3
07-05-1999,Friday,May,1999,Q2,0.336332,0.34596,0.322365,0.34596,514777347.9
10-05-1999,Monday,May,1999,Q2,0.352568,0.353765,0.336332,0.341152,465373906.1
11-05-1999,Tuesday,May,1999,Q2,0.338326,0.347995,0.328451,0.337437,543053364
12-05-1999,Wednesday,May,1999,Q2,0.338326,0.350494,0.332627,0.350494,467893781.9
13-05-1999,Thursday,May,1999,Q2,0.35017,0.353171,0.343225,0.347995,349948845.2
14-05-1999,Friday,May,1999,Q2,0.340271,0.345666,0.3348,0.3348,268370176.8
17-05-1999,Monday,May,1999,Q2,0.329971,0.336866,0.324263,0.3348,249576889.7
18-05-1999,Tuesday,May,1999,Q2,0.33805,0.346839,0.3348,0.341152,495427146.9
19-05-1999,Wednesday,May,1999,Q2,0.343225,0.345053,0.328103,0.34059,353211439
20-05-1999,Thursday,May,1999,Q2,0.342633,0.345053,0.32027,0.32027,494644598.8
21-05-1999,Friday,May,1999,Q2,0.324263,0.334158,0.320913,0.331204,548491019
24-05-1999,Monday,May,1999,Q2,0.328764,0.334158,0.315785,0.316085,308980404.5
25-05-1999,Tuesday,May,1999,Q2,0.313388,0.319987,0.308666,0.313062,434007675.7
26-05-1999,Wednesday,May,1999,Q2,0.314822,0.3348,0.310888,0.332312,518132836.1
27-05-1999,Thursday,May,1999,Q2,0.325507,0.329971,0.321792,0.328103,398782021.4
28-05-1999,Friday,May,1999,Q2,0.326592,0.334158,0.325181,0.332312,238171052.2
01-06-1999,Tuesday,June,1999,Q2,0.339275,0.341694,0.3348,0.33805,545931378.8
02-06-1999,Wednesday,June,1999,Q2,0.335413,0.36133,0.331758,0.351077,617019281.8
03-06-1999,Thursday,June,1999,Q2,0.353488,0.361942,0.353171,0.357675,578477953.2
04-06-1999,Friday,June,1999,Q2,0.35897,0.363166,0.356184,0.362869,436580668.5
07-06-1999,Monday,June,1999,Q2,0.362869,0.369446,0.358307,0.368785,495321001.1
08-06-1999,Tuesday,June,1999,Q2,0.36762,0.368163,0.358672,0.359561,371421129.1
09-06-1999,Wednesday,June,1999,Q2,0.357675,0.365577,0.357675,0.365279,418941283.4
10-06-1999,Thursday,June,1999,Q2,0.360993,0.363719,0.356777,0.362869,375439739.8
11-06-1999,Friday,June,1999,Q2,0.362869,0.365577,0.348608,0.35017,219125856
14-06-1999,Monday,June,1999,Q2,0.350494,0.351364,0.340271,0.342633,186009006.9
15-06-1999,Tuesday,June,1999,Q2,0.34059,0.352568,0.340271,0.347363,154404069.2
16-06-1999,Wednesday,June,1999,Q2,0.349852,0.362534,0.349852,0.36133,266460335.9
17-06-1999,Thursday,June,1999,Q2,0.35897,0.361942,0.345053,0.349852,265730869.3
18-06-1999,Friday,June,1999,Q2,0.342315,0.356184,0.34059,0.355275,246380632.9
21-06-1999,Monday,June,1999,Q2,0.354367,0.356184,0.346839,0.350494,160040652
22-06-1999,Tuesday,June,1999,Q2,0.34925,0.353765,0.342315,0.342315,178900181.9
23-06-1999,Wednesday,June,1999,Q2,0.339927,0.340271,0.328451,0.329377,629380081.3
24-06-1999,Thursday,June,1999,Q2,0.328764,0.328764,0.318515,0.319128,513172579.6
25-06-1999,Friday,June,1999,Q2,0.32027,0.321792,0.317238,0.31793,348304331.8
28-06-1999,Monday,June,1999,Q2,0.319987,0.323571,0.319709,0.320913,328834642.5
29-06-1999,Tuesday,June,1999,Q2,0.32207,0.343513,0.32121,0.342315,450440130
30-06-1999,Wednesday,June,1999,Q2,0.34441,0.353765,0.338622,0.34925,406487662.4
01-07-1999,Thursday,July,1999,Q3,0.34925,0.351077,0.341152,0.341694,176698529.9
02-07-1999,Friday,July,1999,Q3,0.343225,0.353488,0.34059,0.34925,146459646
06-07-1999,Tuesday,July,1999,Q3,0.346277,0.35897,0.345666,0.357388,537390259.1
07-07-1999,Wednesday,July,1999,Q3,0.357388,0.3828,0.354367,0.376124,1301585369
08-07-1999,Thursday,July,1999,Q3,0.385399,0.415326,0.383691,0.410733,1924320873
09-07-1999,Friday,July,1999,Q3,0.410733,0.419217,0.399622,0.419217,720799743.2
12-07-1999,Monday,July,1999,Q3,0.418603,0.419217,0.40843,0.410733,359882601.5
13-07-1999,Tuesday,July,1999,Q3,0.403581,0.40843,0.398713,0.404758,335426205.5
14-07-1999,Wednesday,July,1999,Q3,0.410733,0.426772,0.410733,0.421696,739579638.1
15-07-1999,Thursday,July,1999,Q3,0.421379,0.421696,0.38694,0.401378,2003379636
16-07-1999,Friday,July,1999,Q3,0.404104,0.410733,0.399622,0.400195,487283798.9
19-07-1999,Monday,July,1999,Q3,0.406513,0.421123,0.394514,0.410486,664672092.8
20-07-1999,Tuesday,July,1999,Q3,0.411324,0.418603,0.397814,0.398713,523490906.8
21-07-1999,Wednesday,July,1999,Q3,0.407798,0.417961,0.398713,0.407798,850429033.7
22-07-1999,Thursday,July,1999,Q3,0.404104,0.406228,0.385399,0.39502,481633960.6
23-07-1999,Friday,July,1999,Q3,0.398405,0.40532,0.397262,0.40201,271234936.2
26-07-1999,Monday,July,1999,Q3,0.398713,0.399622,0.383691,0.383957,415864345.8
27-07-1999,Tuesday,July,1999,Q3,0.396649,0.406513,0.39567,0.404758,468822198.6
28-07-1999,Wednesday,July,1999,Q3,0.406228,0.417617,0.399622,0.410169,389484927.4
29-07-1999,Thursday,July,1999,Q3,0.402671,0.41646,0.400489,0.406228,326208668.4
30-07-1999,Friday,July,1999,Q3,0.410733,0.423098,0.410733,0.419849,453702795.7
02-08-1999,Monday,August,1999,Q3,0.419217,0.437331,0.418603,0.42049,429193341.5
03-08-1999,Tuesday,August,1999,Q3,0.427927,0.433123,0.404104,0.41646,436222533.6
04-08-1999,Wednesday,August,1999,Q3,0.415938,0.421379,0.401378,0.405902,439829942.1
05-08-1999,Thursday,August,1999,Q3,0.403581,0.413844,0.392973,0.412896,381938430.7
06-08-1999,Friday,August,1999,Q3,0.407798,0.417004,0.403581,0.408116,515771997.2
09-08-1999,Monday,August,1999,Q3,0.409883,0.415938,0.408996,0.410486,276248197.2
10-08-1999,Tuesday,August,1999,Q3,0.407166,0.422219,0.404104,0.417617,492880686.3
11-08-1999,Wednesday,August,1999,Q3,0.422219,0.450585,0.421696,0.449913,1006941856
12-08-1999,Thursday,August,1999,Q3,0.445408,0.462922,0.441874,0.452422,788784142
13-08-1999,Friday,August,1999,Q3,0.456847,0.467444,0.451462,0.453054,353397151.9
16-08-1999,Monday,August,1999,Q3,0.451168,0.457488,0.448798,0.455997,327932821.8
17-08-1999,Tuesday,August,1999,Q3,0.454832,0.455384,0.444274,0.454832,380041862.4
18-08-1999,Wednesday,August,1999,Q3,0.453054,0.467444,0.449321,0.453369,554870396.7
19-08-1999,Thursday,August,1999,Q3,0.451168,0.455997,0.441528,0.443058,651316561.9
20-08-1999,Friday,August,1999,Q3,0.446654,0.447899,0.438535,0.446062,388344276.8
23-08-1999,Monday,August,1999,Q3,0.447899,0.462922,0.447306,0.458111,421050040
24-08-1999,Tuesday,August,1999,Q3,0.455384,0.458111,0.451762,0.455384,594764531.8
25-08-1999,Wednesday,August,1999,Q3,0.457488,0.463888,0.453369,0.462922,349524407.7
26-08-1999,Thursday,August,1999,Q3,0.460866,0.475929,0.460866,0.468373,478981359.2
27-08-1999,Friday,August,1999,Q3,0.473172,0.490043,0.472649,0.488323,529127596.9
30-08-1999,Monday,August,1999,Q3,0.490043,0.490043,0.467444,0.468036,398583070.3
31-08-1999,Tuesday,August,1999,Q3,0.472028,0.4967,0.468036,0.491859,751409887.8
01-09-1999,Wednesday,September,1999,Q3,0.505094,0.518627,0.497587,0.517441,933864543.5
02-09-1999,Thursday,September,1999,Q3,0.509835,0.538773,0.504205,0.532057,1060005791
03-09-1999,Friday,September,1999,Q3,0.542329,0.567317,0.531465,0.554379,1936429698
07-09-1999,Tuesday,September,1999,Q3,0.556256,0.587465,0.554379,0.575714,1166160244
08-09-1999,Wednesday,September,1999,Q3,0.574427,0.585688,0.561589,0.561589,902577828.5
09-09-1999,Thursday,September,1999,Q3,0.56949,0.572453,0.557144,0.569786,632443754.3
10-09-1999,Friday,September,1999,Q3,0.573045,0.585688,0.56307,0.583811,543252297.9
13-09-1999,Monday,September,1999,Q3,0.580947,0.580947,0.56396,0.565442,298410158.1
14-09-1999,Tuesday,September,1999,Q3,0.563367,0.591712,0.56307,0.586479,459803596.4
15-09-1999,Wednesday,September,1999,Q3,0.594676,0.596553,0.567317,0.568207,425798041.4
16-09-1999,Thursday,September,1999,Q3,0.573636,0.588652,0.557144,0.578972,523265428.6
17-09-1999,Friday,September,1999,Q3,0.582823,0.586182,0.574727,0.57996,328343993.6
20-09-1999,Monday,September,1999,Q3,0.580553,0.604059,0.579662,0.596158,540772233.9
21-09-1999,Tuesday,September,1999,Q3,0.55201,0.552304,0.520206,0.521984,3975910322
22-09-1999,Wednesday,September,1999,Q3,0.525933,0.540158,0.520206,0.53018,1330020549
23-09-1999,Thursday,September,1999,Q3,0.536305,0.537291,0.47505,0.47737,1354397312
24-09-1999,Friday,September,1999,Q3,0.478042,0.505094,0.47505,0.48945,1397169446
27-09-1999,Monday,September,1999,Q3,0.500353,0.503315,0.461182,0.462339,1122817850
28-09-1999,Tuesday,September,1999,Q3,0.463888,0.467444,0.433123,0.449321,1675552913
29-09-1999,Wednesday,September,1999,Q3,0.454219,0.461754,0.437331,0.445408,778333177.3
30-09-1999,Thursday,September,1999,Q3,0.449092,0.484097,0.446654,0.47737,1075324179
01-10-1999,Friday,October,1999,Q4,0.468373,0.470833,0.448798,0.46539,728014610.7
04-10-1999,Monday,October,1999,Q4,0.470485,0.489203,0.470485,0.486792,543955221.2
05-10-1999,Tuesday,October,1999,Q4,0.49492,0.51339,0.488323,0.511908,964156475.4
06-10-1999,Wednesday,October,1999,Q4,0.522872,0.525045,0.505094,0.506478,952392460.4
07-10-1999,Thursday,October,1999,Q4,0.515959,0.517441,0.489203,0.500353,717470731.4
08-10-1999,Friday,October,1999,Q4,0.499167,0.500057,0.478931,0.494329,453304881.3
11-10-1999,Monday,October,1999,Q4,0.497587,0.514281,0.497587,0.502723,311579949.8
12-10-1999,Tuesday,October,1999,Q4,0.511613,0.525045,0.505094,0.510132,667576638.7
13-10-1999,Wednesday,October,1999,Q4,0.502428,0.524155,0.480788,0.482861,753996158.3
14-10-1999,Thursday,October,1999,Q4,0.521984,0.552897,0.520206,0.55201,2248500328
15-10-1999,Friday,October,1999,Q4,0.536305,0.571465,0.529293,0.562182,1389238380
18-10-1999,Monday,October,1999,Q4,0.557144,0.559713,0.536305,0.552304,919394945.8
19-10-1999,Tuesday,October,1999,Q4,0.540158,0.565442,0.515959,0.516255,1210908517
20-10-1999,Wednesday,October,1999,Q4,0.527811,0.567317,0.527811,0.566427,1280563977
21-10-1999,Thursday,October,1999,Q4,0.547169,0.580947,0.545686,0.573836,939580749.1
22-10-1999,Friday,October,1999,Q4,0.581343,0.58223,0.553194,0.557441,496766592.7
25-10-1999,Monday,October,1999,Q4,0.559713,0.573836,0.556256,0.561589,386739523.7
26-10-1999,Tuesday,October,1999,Q4,0.564848,0.56949,0.552897,0.566133,427999663
27-10-1999,Wednesday,October,1999,Q4,0.560602,0.577885,0.553787,0.575714,524671360.2
28-10-1999,Thursday,October,1999,Q4,0.580947,0.595761,0.573636,0.587169,596926348.7
29-10-1999,Friday,October,1999,Q4,0.594183,0.611366,0.594183,0.604059,619380094.3
01-11-1999,Monday,November,1999,Q4,0.603169,0.608306,0.583219,0.585293,329882431
02-11-1999,Tuesday,November,1999,Q4,0.588057,0.615911,0.582823,0.605047,472761190.6
03-11-1999,Wednesday,November,1999,Q4,0.615613,0.627565,0.610775,0.614726,388954340.1
04-11-1999,Thursday,November,1999,Q4,0.618973,0.643566,0.608009,0.630627,448901632.8
05-11-1999,Friday,November,1999,Q4,0.638232,0.666086,0.633391,0.665787,493570325.7
08-11-1999,Monday,November,1999,Q4,0.661641,0.7368,0.654133,0.726432,1126053951
09-11-1999,Tuesday,November,1999,Q4,0.71132,0.712208,0.663516,0.675862,958201555.4
10-11-1999,Wednesday,November,1999,Q4,0.665195,0.703123,0.664405,0.689393,684327350.2
11-11-1999,Thursday,November,1999,Q4,0.690677,0.69848,0.677739,0.695517,319577383.6
12-11-1999,Friday,November,1999,Q4,0.69295,0.693642,0.658579,0.683468,330452754.3
15-11-1999,Monday,November,1999,Q4,0.675862,0.700355,0.666973,0.67438,307773559.8
17-11-1999,Wednesday,November,1999,Q4,0.683765,0.714481,0.678629,0.680504,431713265.9
18-11-1999,Thursday,November,1999,Q4,0.686825,0.687121,0.666677,0.675862,431965232.8
19-11-1999,Friday,November,1999,Q4,0.674973,0.700355,0.664108,0.696998,370068314.5
22-11-1999,Monday,November,1999,Q4,0.691763,0.691763,0.672799,0.683468,239629906.3
23-11-1999,Tuesday,November,1999,Q4,0.691763,0.717939,0.666973,0.699764,643372160
24-11-1999,Wednesday,November,1999,Q4,0.701346,0.716259,0.69127,0.71379,254722853.1
26-11-1999,Friday,November,1999,Q4,0.714481,0.720209,0.709542,0.716851,156393470.2
29-11-1999,Monday,November,1999,Q4,0.71053,0.752209,0.703123,0.7129,549644920.9
30-11-1999,Tuesday,November,1999,Q4,0.739765,0.782234,0.734135,0.737987,998466962.4
01-12-1999,Wednesday,December,1999,Q4,0.761494,0.787665,0.754678,0.777197,732484106
02-12-1999,Thursday,December,1999,Q4,0.777494,0.834185,0.767221,0.830826,671847194
03-12-1999,Friday,December,1999,Q4,0.845743,0.871421,0.843569,0.867174,767245586.9
06-12-1999,Monday,December,1999,Q4,0.863718,0.884755,0.84021,0.874778,552748390.7
07-12-1999,Tuesday,December,1999,Q4,0.879025,0.889691,0.859568,0.888114,526979022.4
08-12-1999,Wednesday,December,1999,Q4,0.876557,0.888705,0.825593,0.829938,488291784.7
09-12-1999,Thursday,December,1999,Q4,0.836951,0.836951,0.760704,0.793495,1012697864
10-12-1999,Friday,December,1999,Q4,0.794087,0.823618,0.74658,0.776506,755216315.2
13-12-1999,Monday,December,1999,Q4,0.77216,0.772753,0.745889,0.74658,627563144.9
14-12-1999,Tuesday,December,1999,Q4,0.741739,0.752209,0.714481,0.715468,516143426.1
15-12-1999,Wednesday,December,1999,Q4,0.703123,0.733245,0.686825,0.731369,737709604
16-12-1999,Thursday,December,1999,Q4,0.738876,0.741739,0.708752,0.741443,549247057.2
17-12-1999,Friday,December,1999,Q4,0.760704,0.769098,0.742629,0.754184,586170298.2
20-12-1999,Monday,December,1999,Q4,0.750729,0.75142,0.728704,0.738876,336288319.6
21-12-1999,Tuesday,December,1999,Q4,0.740357,0.777197,0.738283,0.772753,364246039
22-12-1999,Wednesday,December,1999,Q4,0.775716,0.788261,0.744702,0.753592,387309821.6
23-12-1999,Thursday,December,1999,Q4,0.767518,0.785789,0.762186,0.780457,271805208.8
27-12-1999,Monday,December,1999,Q4,0.786779,0.787371,0.748357,0.748949,199404280.8
28-12-1999,Tuesday,December,1999,Q4,0.747468,0.75142,0.716259,0.740357,293171361.1
29-12-1999,Wednesday,December,1999,Q4,0.729788,0.77058,0.720209,0.759123,336898389
30-12-1999,Thursday,December,1999,Q4,0.77058,0.785001,0.75142,0.756358,245293118.5
31-12-1999,Friday,December,1999,Q4,0.760901,0.775716,0.750529,0.775122,193979839.8
03-01-2000,Monday,January,2000,Q1,0.790727,0.847915,0.766628,0.843766,634472978.3
04-01-2000,Tuesday,January,2000,Q1,0.816211,0.834185,0.763074,0.772753,606740692.6
05-01-2000,Wednesday,January,2000,Q1,0.782234,0.833594,0.776506,0.784013,921662833.6
06-01-2000,Thursday,January,2000,Q1,0.80021,0.806827,0.716259,0.716259,909408167.7
07-01-2000,Friday,January,2000,Q1,0.727418,0.761494,0.720209,0.750529,545586547.9
10-01-2000,Monday,January,2000,Q1,0.769098,0.770877,0.714481,0.737099,598080172.7
11-01-2000,Tuesday,January,2000,Q1,0.723072,0.749247,0.682283,0.699369,522867606.3
12-01-2000,Wednesday,January,2000,Q1,0.716259,0.720209,0.652158,0.657492,1155828600
13-01-2000,Thursday,January,2000,Q1,0.712208,0.744702,0.697394,0.729491,1222871376
14-01-2000,Friday,January,2000,Q1,0.754184,0.770877,0.749247,0.757247,462270411
18-01-2000,Tuesday,January,2000,Q1,0.761494,0.799223,0.757247,0.783419,543743044
19-01-2000,Wednesday,January,2000,Q1,0.796555,0.820161,0.779172,0.803566,707709411.3
20-01-2000,Thursday,January,2000,Q1,0.871125,0.916163,0.855815,0.855815,2168367306
21-01-2000,Friday,January,2000,Q1,0.861347,0.861347,0.830826,0.839322,587257853.1
24-01-2000,Monday,January,2000,Q1,0.817792,0.850089,0.792506,0.8011,522071851.4
25-01-2000,Tuesday,January,2000,Q1,0.791716,0.852853,0.771766,0.846138,588703493.3
26-01-2000,Wednesday,January,2000,Q1,0.829345,0.861049,0.827569,0.830826,434776936.9
27-01-2000,Thursday,January,2000,Q1,0.820359,0.851963,0.806827,0.829345,402787366.6
28-01-2000,Friday,January,2000,Q1,0.815815,0.836061,0.758826,0.766334,501315732
31-01-2000,Monday,January,2000,Q1,0.761494,0.783124,0.712208,0.782234,830906358
01-02-2000,Tuesday,February,2000,Q1,0.784013,0.791716,0.754184,0.755766,376606851.7
02-02-2000,Wednesday,February,2000,Q1,0.759815,0.769988,0.731369,0.744901,549684716.6
03-02-2000,Thursday,February,2000,Q1,0.756358,0.785789,0.755766,0.778975,562708661.9
04-02-2000,Friday,February,2000,Q1,0.783419,0.829345,0.781248,0.814531,503650018.5
07-02-2000,Monday,February,2000,Q1,0.814531,0.861347,0.79863,0.860162,522297314.4
08-02-2000,Tuesday,February,2000,Q1,0.859568,0.875667,0.838729,0.866284,483901857.5
09-02-2000,Wednesday,February,2000,Q1,0.860458,0.883273,0.84762,0.849198,354497956.1
10-02-2000,Thursday,February,2000,Q1,0.850975,0.858681,0.829345,0.855815,358781829.6
11-02-2000,Friday,February,2000,Q1,0.856804,0.860458,0.816211,0.820161,251340900.5
14-02-2000,Monday,February,2000,Q1,0.824112,0.87389,0.819272,0.873198,435227872.1
15-02-2000,Tuesday,February,2000,Q1,0.86905,0.904211,0.868655,0.897101,575202059.4
16-02-2000,Wednesday,February,2000,Q1,0.887815,0.890482,0.845248,0.860458,447906951.1
17-02-2000,Thursday,February,2000,Q1,0.868655,0.871125,0.852853,0.866284,342813528.5
18-02-2000,Friday,February,2000,Q1,0.864507,0.869839,0.836061,0.838729,276433898
22-02-2000,Tuesday,February,2000,Q1,0.830334,0.881693,0.804457,0.857988,500069027.7
23-02-2000,Wednesday,February,2000,Q1,0.853741,0.897101,0.836951,0.876557,560228543.3
24-02-2000,Thursday,February,2000,Q1,0.884755,0.898087,0.842483,0.868655,445758408.9
25-02-2000,Friday,February,2000,Q1,0.865692,0.882285,0.830334,0.832114,295028151.9
28-02-2000,Monday,February,2000,Q1,0.830334,0.867174,0.817098,0.853741,388795247.4
29-02-2000,Tuesday,February,2000,Q1,0.856112,0.884162,0.848507,0.864507,436912160.9
01-03-2000,Wednesday,March,2000,Q1,0.893939,0.995764,0.893247,0.982435,1275351780
02-03-2000,Thursday,March,2000,Q1,0.957546,0.964558,0.909842,0.919914,368582892.8
03-03-2000,Friday,March,2000,Q1,0.941644,0.966929,0.904804,0.96515,382919872.2
06-03-2000,Monday,March,2000,Q1,0.950138,0.973548,0.942534,0.94777,249338212.8
07-03-2000,Tuesday,March,2000,Q1,0.953397,0.960804,0.9132,0.926435,323290843.7
08-03-2000,Wednesday,March,2000,Q1,0.926435,0.934434,0.893939,0.919914,321182112.4
09-03-2000,Thursday,March,2000,Q1,0.911223,0.942534,0.891569,0.921595,327680851.9
10-03-2000,Friday,March,2000,Q1,0.917347,0.964558,0.912311,0.948361,294391517
13-03-2000,Monday,March,2000,Q1,0.920704,0.953694,0.90105,0.914584,359935639.5
14-03-2000,Tuesday,March,2000,Q1,0.913693,0.936805,0.859568,0.861347,507509439.3
15-03-2000,Wednesday,March,2000,Q1,0.872013,0.906682,0.860458,0.876557,525307894.8
16-03-2000,Thursday,March,2000,Q1,0.884755,0.919914,0.863224,0.916557,447734585.8
17-03-2000,Friday,March,2000,Q1,0.905692,0.942534,0.901939,0.942534,361222118.1
20-03-2000,Monday,March,2000,Q1,0.931372,0.951915,0.922582,0.927423,242149895.6
21-03-2000,Tuesday,March,2000,Q1,0.924064,1.03112,0.91715,1.01729,620891968.2
22-03-2000,Wednesday,March,2000,Q1,1.0013,1.08841,0.991921,1.08722,672603210.9
23-03-2000,Thursday,March,2000,Q1,1.07064,1.13365,1.05553,1.0656,666170764.9
24-03-2000,Friday,March,2000,Q1,1.07399,1.08506,1.02184,1.04564,529220389.1
27-03-2000,Monday,March,2000,Q1,1.03794,1.09148,1.03202,1.05216,330598637.1
28-03-2000,Tuesday,March,2000,Q1,1.03499,1.07064,1.034,1.04892,240346121.5
29-03-2000,Wednesday,March,2000,Q1,1.05057,1.05127,1.00901,1.02479,284006886.3
30-03-2000,Thursday,March,2000,Q1,1.00702,1.03823,0.945891,0.948361,490718864.3
31-03-2000,Friday,March,2000,Q1,0.960804,1.03499,0.950138,1.02381,479153820.7
03-04-2000,Monday,April,2000,Q2,1.02184,1.05176,0.976014,1.00525,389073784.9
04-04-2000,Tuesday,April,2000,Q2,1.00012,1.00278,0.880409,0.959818,781940604
05-04-2000,Wednesday,April,2000,Q2,0.953397,1.0019,0.935026,0.98283,541952547.6
06-04-2000,Thursday,April,2000,Q2,0.985003,1.01404,0.929198,0.944113,307442014.7
07-04-2000,Friday,April,2000,Q2,0.959324,0.994382,0.946582,0.993495,287083765.2
10-04-2000,Monday,April,2000,Q2,0.99291,1.001,0.940756,0.942534,251354121.5
11-04-2000,Tuesday,April,2000,Q2,0.931372,0.941644,0.890187,0.900557,641608253.4
12-04-2000,Wednesday,April,2000,Q2,0.897101,0.897101,0.790727,0.823618,1114462297
13-04-2000,Thursday,April,2000,Q2,0.840704,0.904804,0.818086,0.857988,627403958.1
14-04-2000,Friday,April,2000,Q2,0.824112,0.889691,0.821841,0.843569,790574603.9
17-04-2000,Monday,April,2000,Q2,0.825593,0.934434,0.822432,0.93414,484989397.2
18-04-2000,Tuesday,April,2000,Q2,0.931372,0.956657,0.899965,0.956657,462920293.3
19-04-2000,Wednesday,April,2000,Q2,0.951622,0.981843,0.902928,0.9132,615945024.9
20-04-2000,Thursday,April,2000,Q2,0.932657,0.940756,0.882878,0.896212,855110786.1
24-04-2000,Monday,April,2000,Q2,0.867174,0.90836,0.865297,0.90836,525321202.9
25-04-2000,Tuesday,April,2000,Q2,0.920704,0.970878,0.920411,0.96762,463769116.5
26-04-2000,Wednesday,April,2000,Q2,0.95478,0.96515,0.904804,0.914584,434485137
27-04-2000,Thursday,April,2000,Q2,0.883866,0.957546,0.879025,0.955669,386752770
28-04-2000,Friday,April,2000,Q2,0.958436,0.961399,0.914584,0.935619,295545419
01-05-2000,Monday,May,2000,Q2,0.941644,0.943422,0.918927,0.937397,267852937.1
02-05-2000,Tuesday,May,2000,Q2,0.929198,0.951915,0.886235,0.888705,279974991.8
03-05-2000,Wednesday,May,2000,Q2,0.896507,0.91399,0.841693,0.867767,580003168.6
04-05-2000,Thursday,May,2000,Q2,0.868063,0.86905,0.833594,0.834481,473092804.5
05-05-2000,Friday,May,2000,Q2,0.83547,0.865297,0.834877,0.852853,336394409.8
08-05-2000,Monday,May,2000,Q2,0.844952,0.857101,0.829345,0.830334,218953498.8
09-05-2000,Tuesday,May,2000,Q2,0.831815,0.838729,0.790727,0.795075,387389433.3
10-05-2000,Wednesday,May,2000,Q2,0.784605,0.791716,0.744702,0.748949,633637416.5
11-05-2000,Thursday,May,2000,Q2,0.764258,0.785789,0.74658,0.775122,591780432.9
12-05-2000,Friday,May,2000,Q2,0.799223,0.832999,0.789839,0.811766,363436976
15-05-2000,Monday,May,2000,Q2,0.815024,0.815024,0.754975,0.761494,803969850.5
16-05-2000,Tuesday,May,2000,Q2,0.787963,0.822432,0.774727,0.796853,521567799.3
17-05-2000,Wednesday,May,2000,Q2,0.781248,0.781541,0.756654,0.764258,471408364.9
18-05-2000,Thursday,May,2000,Q2,0.776506,0.791124,0.758826,0.759815,442615094.9
19-05-2000,Friday,May,2000,Q2,0.748357,0.748357,0.70401,0.708752,877073752.3
22-05-2000,Monday,May,2000,Q2,0.706974,0.706974,0.648405,0.678036,894646767.1
23-05-2000,Tuesday,May,2000,Q2,0.682283,0.70401,0.645639,0.646922,612907868.8
24-05-2000,Wednesday,May,2000,Q2,0.649888,0.676752,0.625787,0.661048,803412913.3
25-05-2000,Thursday,May,2000,Q2,0.666973,0.69848,0.648405,0.657985,481660430
26-05-2000,Friday,May,2000,Q2,0.663516,0.677739,0.642577,0.65117,214510416.2
30-05-2000,Tuesday,May,2000,Q2,0.660751,0.664405,0.616503,0.660159,844381284
31-05-2000,Wednesday,May,2000,Q2,0.655023,0.688111,0.631912,0.633391,513345008.7
01-06-2000,Thursday,June,2000,Q2,0.616503,0.675269,0.606034,0.671813,1070297628
02-06-2000,Friday,June,2000,Q2,0.706974,0.752209,0.671023,0.697886,938864578.4
05-06-2000,Monday,June,2000,Q2,0.703714,0.717939,0.67606,0.688702,383277948.4
06-06-2000,Tuesday,June,2000,Q2,0.693344,0.729491,0.680999,0.700355,622258021.1
07-06-2000,Wednesday,June,2000,Q2,0.706085,0.731369,0.690974,0.728011,399087057.6
08-06-2000,Thursday,June,2000,Q2,0.736208,0.742629,0.702232,0.714678,282455157
09-06-2000,Friday,June,2000,Q2,0.729491,0.738283,0.71132,0.722085,298834542.9
12-06-2000,Monday,June,2000,Q2,0.726432,0.727122,0.685343,0.687715,343808232.5
13-06-2000,Tuesday,June,2000,Q2,0.687715,0.71379,0.664899,0.712208,416182629.3
14-06-2000,Wednesday,June,2000,Q2,0.71379,0.725543,0.679616,0.681987,328542948.8
15-06-2000,Thursday,June,2000,Q2,0.688111,0.70401,0.671023,0.696405,294351744.6
16-06-2000,Friday,June,2000,Q2,0.705196,0.706974,0.671518,0.687715,359471469.1
19-06-2000,Monday,June,2000,Q2,0.682875,0.737987,0.677047,0.728704,466567509.6
20-06-2000,Tuesday,June,2000,Q2,0.742629,0.783419,0.741739,0.763468,593730057.4
21-06-2000,Wednesday,June,2000,Q2,0.761494,0.858681,0.758826,0.838729,580241875.9
22-06-2000,Thursday,June,2000,Q2,0.840704,0.86905,0.807815,0.810778,553849241.5
23-06-2000,Friday,June,2000,Q2,0.811074,0.823618,0.766334,0.779172,242713511.1
26-06-2000,Monday,June,2000,Q2,0.791716,0.825593,0.785789,0.816211,219490599.4
27-06-2000,Tuesday,June,2000,Q2,0.811074,0.836951,0.778383,0.780457,240942926.3
28-06-2000,Wednesday,June,2000,Q2,0.804161,0.835174,0.776506,0.820852,339179572.7
29-06-2000,Thursday,June,2000,Q2,0.80021,0.813542,0.769988,0.772753,241168416.6
30-06-2000,Friday,June,2000,Q2,0.796555,0.828457,0.779172,0.789839,382601545.1
03-07-2000,Monday,July,2000,Q3,0.785789,0.819272,0.785789,0.804161,83873159.16
05-07-2000,Wednesday,July,2000,Q3,0.802975,0.832114,0.765543,0.778383,314060040
06-07-2000,Thursday,July,2000,Q3,0.791716,0.798235,0.748357,0.781248,366553734.6
07-07-2000,Friday,July,2000,Q3,0.793099,0.826581,0.785789,0.820852,312150276.1
10-07-2000,Monday,July,2000,Q3,0.815815,0.878432,0.810778,0.861347,471056999.4
11-07-2000,Tuesday,July,2000,Q3,0.859568,0.893247,0.836061,0.858681,423808694.1
12-07-2000,Wednesday,July,2000,Q3,0.876557,0.888705,0.850089,0.887815,266951049.5
13-07-2000,Thursday,July,2000,Q3,0.882285,0.91399,0.825593,0.851963,527734996.8
14-07-2000,Friday,July,2000,Q3,0.861347,0.889691,0.857692,0.869839,225319509.7
17-07-2000,Monday,July,2000,Q3,0.878432,0.887125,0.861347,0.879619,307886309
18-07-2000,Tuesday,July,2000,Q3,0.882285,0.887815,0.857692,0.863224,377044476.7
19-07-2000,Wednesday,July,2000,Q3,0.832114,0.856804,0.780457,0.794383,542197919.1
20-07-2000,Thursday,July,2000,Q3,0.829345,0.860458,0.816211,0.831224,551316087.9
21-07-2000,Friday,July,2000,Q3,0.819865,0.838729,0.798235,0.807815,232375291.7
24-07-2000,Monday,July,2000,Q3,0.792506,0.797445,0.716259,0.734135,488079579.1
25-07-2000,Tuesday,July,2000,Q3,0.758826,0.763468,0.739765,0.754975,250578307.5
26-07-2000,Wednesday,July,2000,Q3,0.751615,0.772753,0.742629,0.754975,249232127.7
27-07-2000,Thursday,July,2000,Q3,0.754184,0.802975,0.752209,0.784013,349312259.9
28-07-2000,Friday,July,2000,Q3,0.788261,0.791716,0.706974,0.728704,281705776.9
31-07-2000,Monday,July,2000,Q3,0.741443,0.778383,0.73532,0.766334,183900235.1
01-08-2000,Tuesday,August,2000,Q3,0.758826,0.771469,0.742629,0.743716,162567202.2
02-08-2000,Wednesday,August,2000,Q3,0.738876,0.753196,0.71132,0.712208,192255684.4
03-08-2000,Thursday,August,2000,Q3,0.687121,0.724653,0.666973,0.723665,402495582.8
04-08-2000,Friday,August,2000,Q3,0.745889,0.772753,0.69848,0.714481,311579949.8
07-08-2000,Monday,August,2000,Q3,0.722085,0.739765,0.71132,0.722876,221851360.3
08-08-2000,Tuesday,August,2000,Q3,0.722876,0.723665,0.69848,0.705196,209212006.1
09-08-2000,Wednesday,August,2000,Q3,0.725543,0.730382,0.712208,0.716259,449558180.3
10-08-2000,Thursday,August,2000,Q3,0.723665,0.730382,0.714481,0.717049,298071944.8
11-08-2000,Friday,August,2000,Q3,0.706381,0.723665,0.687121,0.719024,281898084.1
14-08-2000,Monday,August,2000,Q3,0.717641,0.719024,0.69848,0.709542,185511608.9
15-08-2000,Tuesday,August,2000,Q3,0.712208,0.722876,0.701346,0.70401,135232847.1
16-08-2000,Wednesday,August,2000,Q3,0.706974,0.738876,0.706085,0.731369,170133560.8
17-08-2000,Thursday,August,2000,Q3,0.729491,0.790727,0.728704,0.775716,320790874.3
18-08-2000,Friday,August,2000,Q3,0.774727,0.781248,0.752209,0.754184,225200174.2
21-08-2000,Monday,August,2000,Q3,0.757542,0.777494,0.748357,0.761494,159231642.7
22-08-2000,Tuesday,August,2000,Q3,0.763468,0.796555,0.759815,0.779172,327780319.3
23-08-2000,Wednesday,August,2000,Q3,0.776013,0.825593,0.769988,0.819272,280485630.1
24-08-2000,Thursday,August,2000,Q3,0.824506,0.853741,0.805048,0.845743,367999322.2
25-08-2000,Friday,August,2000,Q3,0.851963,0.867174,0.850089,0.856804,396056579.9
28-08-2000,Monday,August,2000,Q3,0.863224,0.889691,0.860458,0.875667,425121739.4
29-08-2000,Tuesday,August,2000,Q3,0.873002,0.896212,0.869839,0.89236,316208553.9
30-08-2000,Wednesday,August,2000,Q3,0.889691,0.904804,0.885347,0.897101,337952722.2
31-08-2000,Thursday,August,2000,Q3,0.8891,0.927423,0.888705,0.918927,496872797.2
01-09-2000,Friday,September,2000,Q3,0.924756,0.959324,0.921595,0.956657,304179372.3
05-09-2000,Tuesday,September,2000,Q3,0.945002,0.966929,0.938682,0.941644,353642507.2
06-09-2000,Wednesday,September,2000,Q3,0.925645,0.940756,0.871125,0.881396,420857752.1
07-09-2000,Thursday,September,2000,Q3,0.891569,0.943422,0.878432,0.935026,257514629.5
08-09-2000,Friday,September,2000,Q3,0.929198,0.929198,0.882285,0.887815,231526465.4
11-09-2000,Monday,September,2000,Q3,0.885052,0.910434,0.876557,0.881396,221891152
12-09-2000,Tuesday,September,2000,Q3,0.864704,0.905692,0.859568,0.871125,222620603.3
13-09-2000,Wednesday,September,2000,Q3,0.855815,0.897101,0.855815,0.874778,362336208.2
14-09-2000,Thursday,September,2000,Q3,0.883273,0.898976,0.856804,0.857396,505108792.6
15-09-2000,Friday,September,2000,Q3,0.871125,0.877447,0.818086,0.832706,467170986.7
18-09-2000,Monday,September,2000,Q3,0.832999,0.916163,0.830334,0.914584,502721611.9
19-09-2000,Tuesday,September,2000,Q3,0.90105,0.912311,0.883273,0.903916,321513676.7
20-09-2000,Wednesday,September,2000,Q3,0.895717,0.926435,0.883273,0.920411,269265410.3
21-09-2000,Thursday,September,2000,Q3,0.882285,0.898976,0.832999,0.854631,604505948.5
22-09-2000,Friday,September,2000,Q3,0.758826,0.790727,0.754184,0.786779,860535198.8
25-09-2000,Monday,September,2000,Q3,0.795668,0.836951,0.785001,0.806827,515765412
26-09-2000,Tuesday,September,2000,Q3,0.804161,0.825593,0.774727,0.775716,344517808.8
27-09-2000,Wednesday,September,2000,Q3,0.780457,0.795668,0.727418,0.737987,476342080.1
28-09-2000,Thursday,September,2000,Q3,0.743716,0.811766,0.725543,0.806827,1159993010
29-09-2000,Friday,September,2000,Q3,0.425292,0.437331,0.3828,0.388508,8788462910
02-10-2000,Monday,October,2000,Q4,0.402671,0.403581,0.354367,0.365577,2871355165
03-10-2000,Tuesday,October,2000,Q4,0.376124,0.376984,0.3348,0.336332,2413474770
04-10-2000,Wednesday,October,2000,Q4,0.337437,0.358307,0.329971,0.356184,1736017413
05-10-2000,Thursday,October,2000,Q4,0.354367,0.369446,0.331758,0.332627,1033785523
06-10-2000,Friday,October,2000,Q4,0.342315,0.34596,0.316676,0.3348,725488066.6
09-10-2000,Monday,October,2000,Q4,0.341152,0.345053,0.318515,0.328103,707616570.5
10-10-2000,Tuesday,October,2000,Q4,0.326,0.338326,0.30916,0.314822,818379810.8
11-10-2000,Wednesday,October,2000,Q4,0.303433,0.316676,0.288281,0.295847,1419132406
12-10-2000,Thursday,October,2000,Q4,0.306059,0.313693,0.293991,0.301704,1410418857
13-10-2000,Friday,October,2000,Q4,0.30512,0.333507,0.301704,0.332627,1477547891
16-10-2000,Monday,October,2000,Q4,0.336332,0.350494,0.322365,0.324263,971225494.6
17-10-2000,Tuesday,October,2000,Q4,0.327273,0.330909,0.297102,0.303433,712537037.4
18-10-2000,Wednesday,October,2000,Q4,0.29306,0.317615,0.282909,0.303433,987909947.1
19-10-2000,Thursday,October,2000,Q4,0.288903,0.298543,0.275964,0.285633,1784213983
20-10-2000,Friday,October,2000,Q4,0.287392,0.307333,0.285633,0.293991,936987891.3
23-10-2000,Monday,October,2000,Q4,0.305407,0.310049,0.29306,0.307333,652821843.5
24-10-2000,Tuesday,October,2000,Q4,0.312133,0.314822,0.28348,0.284705,952604647.8
25-10-2000,Wednesday,October,2000,Q4,0.287392,0.289565,0.278087,0.278937,786250971.2
26-10-2000,Thursday,October,2000,Q4,0.28348,0.284705,0.263906,0.278937,854792493.5
27-10-2000,Friday,October,2000,Q4,0.284705,0.289565,0.269663,0.279885,881616282.1
30-10-2000,Monday,October,2000,Q4,0.288281,0.300715,0.282909,0.291156,756907321.8
31-10-2000,Tuesday,October,2000,Q4,0.298019,0.30512,0.290206,0.294978,1049030946
01-11-2000,Wednesday,November,2000,Q4,0.29306,0.314822,0.29306,0.30916,681329941.2
02-11-2000,Thursday,November,2000,Q4,0.318515,0.338326,0.317615,0.336332,699479942.4
03-11-2000,Friday,November,2000,Q4,0.346839,0.346839,0.330909,0.335413,610818964.9
06-11-2000,Monday,November,2000,Q4,0.338326,0.341152,0.314822,0.323294,465944169.6
07-11-2000,Tuesday,November,2000,Q4,0.324263,0.328764,0.313693,0.32121,357574885.6
08-11-2000,Wednesday,November,2000,Q4,0.322365,0.323294,0.298543,0.302484,499823684.6
09-11-2000,Thursday,November,2000,Q4,0.299788,0.30916,0.287392,0.304586,564651623.2
10-11-2000,Friday,November,2000,Q4,0.291966,0.299788,0.287392,0.287392,500016030.3
13-11-2000,Monday,November,2000,Q4,0.282909,0.301704,0.275056,0.292192,511342324
14-11-2000,Tuesday,November,2000,Q4,0.300715,0.30916,0.294978,0.30512,484326239.3
15-11-2000,Wednesday,November,2000,Q4,0.302286,0.304586,0.290206,0.299788,334358608.7
16-11-2000,Thursday,November,2000,Q4,0.293991,0.298543,0.284705,0.286542,283456429
17-11-2000,Friday,November,2000,Q4,0.289565,0.290206,0.275056,0.278937,528351689.8
20-11-2000,Monday,November,2000,Q4,0.280193,0.293991,0.275056,0.285633,483218865
21-11-2000,Tuesday,November,2000,Q4,0.289565,0.293991,0.282909,0.28348,357561632.2
22-11-2000,Wednesday,November,2000,Q4,0.28348,0.288281,0.27715,0.278937,332196750.3
24-11-2000,Friday,November,2000,Q4,0.28439,0.293991,0.28348,0.291156,190571311.6
27-11-2000,Monday,November,2000,Q4,0.299788,0.300715,0.278937,0.281979,306453908.1
28-11-2000,Tuesday,November,2000,Q4,0.281979,0.286542,0.270583,0.271984,318688743.4
29-11-2000,Wednesday,November,2000,Q4,0.272615,0.275964,0.259944,0.264823,582788289
30-11-2000,Thursday,November,2000,Q4,0.251844,0.256389,0.243126,0.248853,958698891.7
01-12-2000,Friday,December,2000,Q4,0.256389,0.263906,0.253327,0.257279,456739856.6
04-12-2000,Monday,December,2000,Q4,0.259393,0.259393,0.247896,0.251844,439942712.6
05-12-2000,Tuesday,December,2000,Q4,0.255449,0.263008,0.246946,0.256389,727053073.7
06-12-2000,Wednesday,December,2000,Q4,0.220458,0.226186,0.211173,0.215954,1627595110
07-12-2000,Thursday,December,2000,Q4,0.21779,0.224329,0.211173,0.215954,484226766.7
08-12-2000,Friday,December,2000,Q4,0.22348,0.230978,0.21779,0.227125,515851635.2
11-12-2000,Monday,December,2000,Q4,0.228941,0.231954,0.224329,0.228941,393748790.1
12-12-2000,Tuesday,December,2000,Q4,0.2298,0.241218,0.226186,0.231954,457396396.9
13-12-2000,Wednesday,December,2000,Q4,0.23465,0.23465,0.224329,0.226186,408404124
14-12-2000,Thursday,December,2000,Q4,0.226512,0.2298,0.21779,0.21779,311812058.7
15-12-2000,Friday,December,2000,Q4,0.219569,0.221336,0.211173,0.212074,608597470.2
18-12-2000,Monday,December,2000,Q4,0.219569,0.220458,0.210197,0.21469,385811073.6
19-12-2000,Tuesday,December,2000,Q4,0.216873,0.2298,0.211173,0.211173,442887013.7
20-12-2000,Wednesday,December,2000,Q4,0.207746,0.220458,0.205464,0.216873,669446606
21-12-2000,Thursday,December,2000,Q4,0.21469,0.226186,0.209308,0.212074,434405528.4
22-12-2000,Friday,December,2000,Q4,0.212863,0.226186,0.212863,0.226186,376626723.7
26-12-2000,Tuesday,December,2000,Q4,0.224329,0.226186,0.21469,0.221336,256745445.2
27-12-2000,Wednesday,December,2000,Q4,0.216269,0.22348,0.213782,0.22348,385406574
28-12-2000,Thursday,December,2000,Q4,0.216873,0.225257,0.215954,0.22348,361381270.5
29-12-2000,Friday,December,2000,Q4,0.221336,0.226186,0.218661,0.224329,746423175.1
02-01-2001,Tuesday,January,2001,Q1,0.224329,0.2298,0.219569,0.224329,535612982.8
03-01-2001,Wednesday,January,2001,Q1,0.218661,0.251844,0.21779,0.246946,967551730
04-01-2001,Thursday,January,2001,Q1,0.273545,0.278937,0.253327,0.257279,875568483.9
05-01-2001,Friday,January,2001,Q1,0.255449,0.262078,0.242137,0.246946,488298447.8
08-01-2001,Monday,January,2001,Q1,0.255449,0.256062,0.240408,0.249743,442522307.8
09-01-2001,Tuesday,January,2001,Q1,0.253327,0.265921,0.249743,0.259393,697391035.5
10-01-2001,Wednesday,January,2001,Q1,0.251844,0.256389,0.242137,0.249743,687742520.3
11-01-2001,Thursday,January,2001,Q1,0.244933,0.278937,0.244933,0.271471,951755845.8
12-01-2001,Friday,January,2001,Q1,0.269663,0.271471,0.257279,0.259393,501348890.9
16-01-2001,Tuesday,January,2001,Q1,0.263008,0.275056,0.256389,0.258128,362495359.6
17-01-2001,Wednesday,January,2001,Q1,0.264823,0.264823,0.248853,0.253327,995734925.5
18-01-2001,Thursday,January,2001,Q1,0.268448,0.282909,0.265732,0.281979,1452985428
19-01-2001,Friday,January,2001,Q1,0.29306,0.294978,0.281979,0.293991,919699979
22-01-2001,Monday,January,2001,Q1,0.287392,0.295847,0.278087,0.290206,614970276.9
23-01-2001,Tuesday,January,2001,Q1,0.291156,0.315785,0.287392,0.30916,1041511026
24-01-2001,Wednesday,January,2001,Q1,0.310888,0.312133,0.294978,0.30916,849155816.5
25-01-2001,Thursday,January,2001,Q1,0.310049,0.310049,0.298019,0.300715,579897098.7
26-01-2001,Friday,January,2001,Q1,0.293991,0.298543,0.287392,0.294978,571740482.1
29-01-2001,Monday,January,2001,Q1,0.294978,0.328103,0.294978,0.327273,1013089126
30-01-2001,Tuesday,January,2001,Q1,0.325181,0.331758,0.314822,0.328103,819944801.6
31-01-2001,Wednesday,January,2001,Q1,0.324263,0.339275,0.323294,0.326,865276619
01-02-2001,Thursday,February,2001,Q1,0.312133,0.324263,0.30916,0.318515,437780912.9
02-02-2001,Friday,February,2001,Q1,0.318515,0.330909,0.30916,0.310888,506043876.5
05-02-2001,Monday,February,2001,Q1,0.30916,0.310049,0.298019,0.304586,338808234
06-02-2001,Tuesday,February,2001,Q1,0.304024,0.322662,0.301704,0.318515,547927393.3
07-02-2001,Wednesday,February,2001,Q1,0.311529,0.314822,0.298543,0.313062,466428268.7
08-02-2001,Thursday,February,2001,Q1,0.310049,0.317615,0.304586,0.313062,715388516
09-02-2001,Friday,February,2001,Q1,0.30916,0.313693,0.281979,0.288281,698757112.7
12-02-2001,Monday,February,2001,Q1,0.287392,0.301704,0.28348,0.297102,324603939.6
13-02-2001,Tuesday,February,2001,Q1,0.300715,0.308302,0.286542,0.288281,280730987.4
14-02-2001,Wednesday,February,2001,Q1,0.289565,0.295847,0.278937,0.293991,366049709.8
15-02-2001,Thursday,February,2001,Q1,0.297102,0.310049,0.297102,0.302484,368768607.7
16-02-2001,Friday,February,2001,Q1,0.286542,0.293991,0.282909,0.286542,312514953.6
20-02-2001,Tuesday,February,2001,Q1,0.289565,0.29306,0.274512,0.275964,372886622.1
21-02-2001,Wednesday,February,2001,Q1,0.275056,0.300715,0.275056,0.284705,462131194.5
22-02-2001,Thursday,February,2001,Q1,0.287392,0.292192,0.271471,0.28348,511514718.7
23-02-2001,Friday,February,2001,Q1,0.280756,0.284705,0.275056,0.28348,347985963.2
26-02-2001,Monday,February,2001,Q1,0.287392,0.297102,0.279885,0.293991,244457517.3
27-02-2001,Tuesday,February,2001,Q1,0.290838,0.29306,0.281979,0.292192,412701197.2
28-02-2001,Wednesday,February,2001,Q1,0.292192,0.29306,0.27322,0.275056,601833487.2
01-03-2001,Thursday,March,2001,Q1,0.268448,0.282909,0.259393,0.282909,391321765.2
02-03-2001,Friday,March,2001,Q1,0.275964,0.308302,0.275056,0.290206,481010596.4
05-03-2001,Monday,March,2001,Q1,0.292192,0.30916,0.290206,0.307333,383874818
06-03-2001,Tuesday,March,2001,Q1,0.312479,0.332627,0.312133,0.324263,866576383.5
07-03-2001,Wednesday,March,2001,Q1,0.32121,0.326,0.313062,0.32027,496806398.5
08-03-2001,Thursday,March,2001,Q1,0.312133,0.318515,0.308302,0.313693,242587536.8
09-03-2001,Friday,March,2001,Q1,0.310888,0.312133,0.301704,0.30512,354226077.8
12-03-2001,Monday,March,2001,Q1,0.297102,0.299788,0.27322,0.280756,463033009.1
13-03-2001,Tuesday,March,2001,Q1,0.284705,0.294978,0.274512,0.294978,524976382.2
14-03-2001,Wednesday,March,2001,Q1,0.278937,0.30916,0.278087,0.308302,565765728.5
15-03-2001,Thursday,March,2001,Q1,0.314822,0.322365,0.297102,0.297102,626800478
16-03-2001,Friday,March,2001,Q1,0.286542,0.306059,0.284705,0.295847,556932787.6
19-03-2001,Monday,March,2001,Q1,0.298019,0.310888,0.293991,0.310049,421573912.5
20-03-2001,Tuesday,March,2001,Q1,0.312479,0.315785,0.297102,0.297102,591143823.3
21-03-2001,Wednesday,March,2001,Q1,0.298287,0.314822,0.292192,0.303433,439770328
22-03-2001,Thursday,March,2001,Q1,0.307333,0.328103,0.304586,0.326,856509961.4
23-03-2001,Friday,March,2001,Q1,0.332627,0.355275,0.331758,0.346839,1118905316
26-03-2001,Monday,March,2001,Q1,0.348608,0.358307,0.318515,0.328451,869712989.8
27-03-2001,Tuesday,March,2001,Q1,0.330909,0.34768,0.330296,0.345053,643975660.3
28-03-2001,Wednesday,March,2001,Q1,0.332935,0.339275,0.324263,0.334454,692337955.5
29-03-2001,Thursday,March,2001,Q1,0.328103,0.353488,0.324263,0.339927,725972120.2
30-03-2001,Friday,March,2001,Q1,0.340271,0.342633,0.321792,0.332935,474080868.7
02-04-2001,Monday,April,2001,Q2,0.332935,0.341694,0.322662,0.325507,403695805.9
03-04-2001,Tuesday,April,2001,Q2,0.32207,0.322662,0.303433,0.30512,436587254.7
04-04-2001,Wednesday,April,2001,Q2,0.298019,0.30512,0.282909,0.293991,811728549.6
05-04-2001,Thursday,April,2001,Q2,0.310671,0.339275,0.301704,0.314822,529041335.3
06-04-2001,Friday,April,2001,Q2,0.313693,0.317238,0.300103,0.310326,384723563.3
09-04-2001,Monday,April,2001,Q2,0.312133,0.321792,0.302484,0.309762,315678095.2
10-04-2001,Tuesday,April,2001,Q2,0.315144,0.342315,0.313388,0.332312,541607749.1
11-04-2001,Wednesday,April,2001,Q2,0.346604,0.346839,0.320913,0.328764,395625473.2
12-04-2001,Thursday,April,2001,Q2,0.322957,0.347068,0.318798,0.33805,353987346.1
16-04-2001,Monday,April,2001,Q2,0.332935,0.337743,0.314573,0.323294,337753827.8
17-04-2001,Tuesday,April,2001,Q2,0.319709,0.319987,0.29562,0.307708,811390381.9
18-04-2001,Wednesday,April,2001,Q2,0.325507,0.363166,0.31793,0.343513,1303581442
19-04-2001,Thursday,April,2001,Q2,0.385399,0.388508,0.355887,0.387878,2218738919
20-04-2001,Friday,April,2001,Q2,0.375799,0.386258,0.371007,0.377596,821105256.4
23-04-2001,Monday,April,2001,Q2,0.367057,0.376984,0.361942,0.365577,641256829.3
24-04-2001,Tuesday,April,2001,Q2,0.366742,0.373348,0.354652,0.362534,446593936.2
25-04-2001,Wednesday,April,2001,Q2,0.365279,0.374849,0.355571,0.372727,391699717.4
26-04-2001,Thursday,April,2001,Q2,0.37968,0.393615,0.372283,0.372479,946974649.1
27-04-2001,Friday,April,2001,Q2,0.380025,0.396371,0.373348,0.39502,536441969.4
30-04-2001,Monday,April,2001,Q2,0.402671,0.408996,0.375188,0.384242,585898431
01-05-2001,Tuesday,May,2001,Q2,0.383354,0.399622,0.380025,0.390889,505937742.8
02-05-2001,Wednesday,May,2001,Q2,0.397262,0.402671,0.388508,0.400816,436394946.5
03-05-2001,Thursday,May,2001,Q2,0.391472,0.39567,0.373033,0.37644,357077600.9
04-05-2001,Friday,May,2001,Q2,0.365577,0.390011,0.36133,0.388508,332813468.6
07-05-2001,Monday,May,2001,Q2,0.386258,0.388508,0.374565,0.37644,327481846.1
08-05-2001,Tuesday,May,2001,Q2,0.382456,0.383691,0.360993,0.370723,373529833.1
09-05-2001,Wednesday,May,2001,Q2,0.363957,0.370385,0.357073,0.361586,384723563.3
10-05-2001,Thursday,May,2001,Q2,0.365279,0.369446,0.34596,0.346839,342196860.8
11-05-2001,Friday,May,2001,Q2,0.347068,0.354059,0.343225,0.344707,240438999.7
14-05-2001,Monday,May,2001,Q2,0.345348,0.357073,0.343225,0.351077,366169087.8
15-05-2001,Tuesday,May,2001,Q2,0.352568,0.384529,0.347363,0.349615,280677893.8
16-05-2001,Wednesday,May,2001,Q2,0.350791,0.369446,0.344707,0.363423,381693106.8
17-05-2001,Thursday,May,2001,Q2,0.365577,0.366742,0.350494,0.355275,393284640
18-05-2001,Friday,May,2001,Q2,0.352242,0.356519,0.348608,0.354979,188343191.2
21-05-2001,Monday,May,2001,Q2,0.356184,0.360648,0.34768,0.355275,545898176.4
22-05-2001,Tuesday,May,2001,Q2,0.361942,0.363719,0.352885,0.354367,488961531.9
23-05-2001,Wednesday,May,2001,Q2,0.358307,0.358307,0.344707,0.350494,332800222.3
24-05-2001,Thursday,May,2001,Q2,0.351077,0.351364,0.341152,0.349852,321805496.9
25-05-2001,Friday,May,2001,Q2,0.349852,0.351077,0.339275,0.343225,187978491.3
29-05-2001,Tuesday,May,2001,Q2,0.336626,0.339275,0.313693,0.323571,611017952.5
30-05-2001,Wednesday,May,2001,Q2,0.313062,0.313062,0.291156,0.298287,920190694.6
31-05-2001,Thursday,May,2001,Q2,0.298543,0.30512,0.293712,0.300715,524459061.4
01-06-2001,Friday,June,2001,Q2,0.303433,0.31793,0.301329,0.315144,540069260.1
04-06-2001,Monday,June,2001,Q2,0.31793,0.318247,0.308666,0.311529,333841360.9
05-06-2001,Tuesday,June,2001,Q2,0.313693,0.318247,0.307028,0.315785,558683428.5
06-06-2001,Wednesday,June,2001,Q2,0.315463,0.315463,0.306375,0.312765,264278619.6
07-06-2001,Thursday,June,2001,Q2,0.312479,0.327273,0.308302,0.326592,385068426.5
08-06-2001,Friday,June,2001,Q2,0.326297,0.326297,0.312479,0.321496,405725005.6
11-06-2001,Monday,June,2001,Q2,0.317615,0.31793,0.300715,0.302286,348145179.4
12-06-2001,Tuesday,June,2001,Q2,0.298019,0.312133,0.298019,0.306059,359743339.3
13-06-2001,Wednesday,June,2001,Q2,0.322957,0.327839,0.302484,0.308666,605686338
14-06-2001,Thursday,June,2001,Q2,0.302286,0.308302,0.298019,0.299788,352110632.7
15-06-2001,Friday,June,2001,Q2,0.303154,0.313062,0.291966,0.308302,538351709.1
18-06-2001,Monday,June,2001,Q2,0.307946,0.314573,0.301704,0.306375,409617632.9
19-06-2001,Tuesday,June,2001,Q2,0.314573,0.322662,0.301951,0.304586,380220890.9
20-06-2001,Wednesday,June,2001,Q2,0.301704,0.329644,0.301329,0.3269,511110236.3
21-06-2001,Thursday,June,2001,Q2,0.325181,0.346839,0.318247,0.338948,404193242.5
22-06-2001,Friday,June,2001,Q2,0.338948,0.346839,0.328103,0.335738,338702105.4
25-06-2001,Monday,June,2001,Q2,0.339275,0.361942,0.338326,0.361586,520500197.4
26-06-2001,Tuesday,June,2001,Q2,0.352006,0.358307,0.347068,0.358307,323018986.6
27-06-2001,Wednesday,June,2001,Q2,0.359243,0.361942,0.339275,0.352006,443032926.9
28-06-2001,Thursday,June,2001,Q2,0.34768,0.360648,0.34596,0.354979,412575231
29-06-2001,Friday,June,2001,Q2,0.356777,0.378534,0.349852,0.350494,610308391.4
02-07-2001,Monday,July,2001,Q3,0.356519,0.365577,0.348964,0.360322,272415278.2
03-07-2001,Tuesday,July,2001,Q3,0.354652,0.364589,0.354367,0.359561,133269938.8
05-07-2001,Thursday,July,2001,Q3,0.355887,0.358307,0.347068,0.349852,180339174.1
06-07-2001,Friday,July,2001,Q3,0.343225,0.346277,0.327511,0.332312,358708843.7
09-07-2001,Monday,July,2001,Q3,0.332935,0.346839,0.3269,0.342315,399617542.7
10-07-2001,Tuesday,July,2001,Q3,0.34596,0.347995,0.314275,0.318798,468066225.2
11-07-2001,Wednesday,July,2001,Q3,0.317238,0.340271,0.316676,0.339927,557158222.3
12-07-2001,Thursday,July,2001,Q3,0.351364,0.373912,0.351364,0.367364,728027839.8
13-07-2001,Friday,July,2001,Q3,0.363719,0.377249,0.359561,0.374849,538491029
16-07-2001,Monday,July,2001,Q3,0.375188,0.378534,0.360648,0.36133,329988530.3
17-07-2001,Tuesday,July,2001,Q3,0.361586,0.380294,0.347068,0.378534,767139451.2
18-07-2001,Wednesday,July,2001,Q3,0.328451,0.343513,0.307946,0.313388,1346413246
19-07-2001,Thursday,July,2001,Q3,0.32027,0.322957,0.298019,0.301002,1019733685
20-07-2001,Friday,July,2001,Q3,0.297102,0.302484,0.293712,0.301329,526461752.3
23-07-2001,Monday,July,2001,Q3,0.302859,0.30916,0.294335,0.294652,285810622.9
24-07-2001,Tuesday,July,2001,Q3,0.292468,0.30037,0.282591,0.287708,412535422.1
25-07-2001,Wednesday,July,2001,Q3,0.288281,0.291156,0.270849,0.278385,525626232
26-07-2001,Thursday,July,2001,Q3,0.27868,0.28348,0.269376,0.280193,437124400.9
27-07-2001,Friday,July,2001,Q3,0.282909,0.290206,0.278937,0.28597,395671949.3
30-07-2001,Monday,July,2001,Q3,0.288281,0.291966,0.279244,0.285329,288177926.5
31-07-2001,Tuesday,July,2001,Q3,0.290524,0.292764,0.279244,0.283224,278310529.4
01-08-2001,Wednesday,August,2001,Q3,0.286811,0.298287,0.285633,0.287392,360147865.3
02-08-2001,Thursday,August,2001,Q3,0.296132,0.299788,0.290524,0.298849,298516183.4
03-08-2001,Friday,August,2001,Q3,0.300103,0.300103,0.286542,0.293991,220319546.6
06-08-2001,Monday,August,2001,Q3,0.287095,0.29646,0.286542,0.288281,118004654.1
07-08-2001,Tuesday,August,2001,Q3,0.291412,0.296774,0.286246,0.290206,199589901.6
08-08-2001,Wednesday,August,2001,Q3,0.290524,0.297102,0.279569,0.285011,327031008.1
09-08-2001,Thursday,August,2001,Q3,0.28597,0.288597,0.282277,0.287392,237620643.5
10-08-2001,Friday,August,2001,Q3,0.287095,0.291412,0.280193,0.286811,221393788.3
13-08-2001,Monday,August,2001,Q3,0.287986,0.291412,0.282909,0.287708,175252935.2
14-08-2001,Tuesday,August,2001,Q3,0.289565,0.291966,0.281732,0.282591,271115566.3
15-08-2001,Wednesday,August,2001,Q3,0.282909,0.285633,0.274512,0.278087,342554937
16-08-2001,Thursday,August,2001,Q3,0.275322,0.282909,0.270849,0.281089,341149123.9
17-08-2001,Friday,August,2001,Q3,0.271471,0.278087,0.271145,0.272615,246811731.5
20-08-2001,Monday,August,2001,Q3,0.273545,0.275056,0.268448,0.27322,298768235.3
21-08-2001,Tuesday,August,2001,Q3,0.273545,0.273545,0.266829,0.270255,219901706.5
22-08-2001,Wednesday,August,2001,Q3,0.270583,0.275056,0.265457,0.274779,206015705.8
23-08-2001,Thursday,August,2001,Q3,0.274512,0.276607,0.26514,0.268448,257057130.4
24-08-2001,Friday,August,2001,Q3,0.271471,0.280756,0.265921,0.280193,343801568.3
27-08-2001,Monday,August,2001,Q3,0.280477,0.291156,0.273871,0.285329,207991813.8
28-08-2001,Tuesday,August,2001,Q3,0.285011,0.288597,0.277465,0.277465,203363220.8
29-08-2001,Wednesday,August,2001,Q3,0.278087,0.283798,0.268745,0.268745,284165957.7
30-08-2001,Thursday,August,2001,Q3,0.26748,0.274197,0.260596,0.268745,436593918.9
31-08-2001,Friday,August,2001,Q3,0.26748,0.280477,0.265921,0.279885,256851508
04-09-2001,Tuesday,September,2001,Q3,0.278937,0.287708,0.274197,0.275056,412343074.4
05-09-2001,Wednesday,September,2001,Q3,0.275056,0.285633,0.27322,0.279885,426368334.3
06-09-2001,Thursday,September,2001,Q3,0.277465,0.285329,0.265921,0.267165,334371849
07-09-2001,Friday,September,2001,Q3,0.263906,0.272923,0.259393,0.260596,286367542.9
10-09-2001,Monday,September,2001,Q3,0.256389,0.263906,0.255107,0.262078,365724845.2
17-09-2001,Monday,September,2001,Q3,0.241218,0.257593,0.237358,0.256062,542357071.5
18-09-2001,Tuesday,September,2001,Q3,0.254808,0.267165,0.244004,0.245575,387342972.4
19-09-2001,Wednesday,September,2001,Q3,0.248853,0.257891,0.235274,0.256716,442071435.4
20-09-2001,Thursday,September,2001,Q3,0.245575,0.255449,0.233753,0.236438,486899187.5
21-09-2001,Friday,September,2001,Q3,0.223222,0.244933,0.221336,0.237358,675587253.1
24-09-2001,Monday,September,2001,Q3,0.242797,0.253968,0.240408,0.247896,348781768.8
25-09-2001,Tuesday,September,2001,Q3,0.243363,0.244645,0.231322,0.234335,443357858.4
26-09-2001,Wednesday,September,2001,Q3,0.238641,0.239727,0.224953,0.228647,584737939.8
27-09-2001,Thursday,September,2001,Q3,0.2298,0.237672,0.229239,0.233753,381587014.6
28-09-2001,Friday,September,2001,Q3,0.237031,0.240074,0.232252,0.233753,432349848.2
01-10-2001,Monday,October,2001,Q4,0.233753,0.241218,0.2298,0.234335,246553094.4
02-10-2001,Tuesday,October,2001,Q4,0.232497,0.238868,0.224329,0.227125,279325165.2
03-10-2001,Wednesday,October,2001,Q4,0.225257,0.231669,0.223747,0.2259,808837317.9
04-10-2001,Thursday,October,2001,Q4,0.231322,0.244933,0.226186,0.239442,474995959
05-10-2001,Friday,October,2001,Q4,0.232252,0.243363,0.226186,0.243363,405797916.6
08-10-2001,Monday,October,2001,Q4,0.234946,0.246661,0.233753,0.244319,246287784
09-10-2001,Tuesday,October,2001,Q4,0.242137,0.244319,0.235856,0.241218,206075393.7
10-10-2001,Wednesday,October,2001,Q4,0.242797,0.254267,0.240408,0.253625,364438376.6
11-10-2001,Thursday,October,2001,Q4,0.255107,0.26748,0.254267,0.26748,395705143.6
12-10-2001,Friday,October,2001,Q4,0.260913,0.272615,0.254267,0.271737,340817522.1
15-10-2001,Monday,October,2001,Q4,0.270583,0.27715,0.270583,0.271145,377455616.2
16-10-2001,Tuesday,October,2001,Q4,0.272615,0.274512,0.267787,0.271737,240326212
17-10-2001,Wednesday,October,2001,Q4,0.276607,0.277793,0.255728,0.256062,338125160.5
18-10-2001,Thursday,October,2001,Q4,0.260596,0.275056,0.260596,0.271471,725388606.3
19-10-2001,Friday,October,2001,Q4,0.270583,0.277465,0.269663,0.275964,197507733.8
22-10-2001,Monday,October,2001,Q4,0.274779,0.287708,0.272615,0.286811,464120618.7
23-10-2001,Tuesday,October,2001,Q4,0.288281,0.292764,0.269663,0.273545,811131757
24-10-2001,Wednesday,October,2001,Q4,0.272281,0.287708,0.267787,0.285633,443384387.5
25-10-2001,Thursday,October,2001,Q4,0.278087,0.290206,0.273871,0.289565,301904815.3
26-10-2001,Friday,October,2001,Q4,0.28439,0.290206,0.280756,0.281732,330339964.6
29-10-2001,Monday,October,2001,Q4,0.280193,0.281732,0.265457,0.265732,283231011.5
30-10-2001,Tuesday,October,2001,Q4,0.262078,0.271471,0.257279,0.265457,327733902
31-10-2001,Wednesday,October,2001,Q4,0.26748,0.277465,0.263008,0.264823,324166203.2
01-11-2001,Thursday,November,2001,Q4,0.265921,0.283224,0.259944,0.280193,370638636.7
02-11-2001,Friday,November,2001,Q4,0.279244,0.28439,0.273871,0.280193,233522514.3
05-11-2001,Monday,November,2001,Q4,0.284092,0.290206,0.280477,0.287708,279219029.5
06-11-2001,Tuesday,November,2001,Q4,0.28597,0.295847,0.279569,0.295322,374219554.6
07-11-2001,Wednesday,November,2001,Q4,0.293389,0.303433,0.291412,0.295322,453523691.3
08-11-2001,Thursday,November,2001,Q4,0.295847,0.300103,0.280193,0.282277,405154711.7
09-11-2001,Friday,November,2001,Q4,0.280477,0.290206,0.279885,0.282277,159026113.5
12-11-2001,Monday,November,2001,Q4,0.281407,0.289248,0.270849,0.282909,238608702.6
13-11-2001,Tuesday,November,2001,Q4,0.287708,0.292468,0.282277,0.292192,266049177.2
14-11-2001,Wednesday,November,2001,Q4,0.295322,0.300103,0.288597,0.29562,261878095.4
15-11-2001,Thursday,November,2001,Q4,0.29306,0.300103,0.290206,0.29306,252262712.8
16-11-2001,Friday,November,2001,Q4,0.290524,0.290838,0.277465,0.28597,273144782.2
19-11-2001,Monday,November,2001,Q4,0.286542,0.302484,0.28597,0.301704,393841639
20-11-2001,Tuesday,November,2001,Q4,0.298849,0.304586,0.293991,0.294652,327521664
21-11-2001,Wednesday,November,2001,Q4,0.29562,0.298543,0.290524,0.296774,238708248
23-11-2001,Friday,November,2001,Q4,0.297377,0.300715,0.295322,0.299185,71054776.51
26-11-2001,Monday,November,2001,Q4,0.300715,0.325181,0.299788,0.322365,545533466.4
27-11-2001,Tuesday,November,2001,Q4,0.319709,0.324578,0.30916,0.316676,318012344.2
28-11-2001,Wednesday,November,2001,Q4,0.314573,0.319987,0.307946,0.309762,296765542.5
29-11-2001,Thursday,November,2001,Q4,0.310671,0.312133,0.304586,0.307946,240107402
30-11-2001,Friday,November,2001,Q4,0.308666,0.323294,0.30512,0.32121,359882601.5
03-12-2001,Monday,December,2001,Q4,0.317615,0.320913,0.310671,0.317615,214530388.5
04-12-2001,Tuesday,December,2001,Q4,0.317615,0.340271,0.312479,0.337743,450479927.7
05-12-2001,Wednesday,December,2001,Q4,0.33716,0.362534,0.334454,0.358307,673292773.4
06-12-2001,Thursday,December,2001,Q4,0.354059,0.354367,0.333872,0.343513,401354980.8
07-12-2001,Friday,December,2001,Q4,0.338622,0.342633,0.331758,0.339927,240996023
10-12-2001,Monday,December,2001,Q4,0.336035,0.346604,0.335413,0.339927,201320686.7
11-12-2001,Tuesday,December,2001,Q4,0.341992,0.344707,0.326297,0.328451,243316958.8
12-12-2001,Wednesday,December,2001,Q4,0.329971,0.330562,0.32027,0.323947,227905744.8
13-12-2001,Thursday,December,2001,Q4,0.323947,0.325181,0.30916,0.316676,234278451.2
14-12-2001,Friday,December,2001,Q4,0.312765,0.313981,0.302859,0.307708,224855351.5
17-12-2001,Monday,December,2001,Q4,0.307708,0.316676,0.304586,0.310888,205704064.1
18-12-2001,Tuesday,December,2001,Q4,0.315144,0.321496,0.304835,0.317003,278562508.4
19-12-2001,Wednesday,December,2001,Q4,0.310326,0.3269,0.308666,0.326,343357319.6
20-12-2001,Thursday,December,2001,Q4,0.322662,0.323571,0.310888,0.311798,261539879.1
21-12-2001,Friday,December,2001,Q4,0.317003,0.324894,0.313693,0.316676,303542739.4
24-12-2001,Monday,December,2001,Q4,0.315144,0.323294,0.315144,0.32207,59953920.5
26-12-2001,Wednesday,December,2001,Q4,0.32207,0.336332,0.318798,0.323947,173362987.6
27-12-2001,Thursday,December,2001,Q4,0.325507,0.335413,0.325507,0.332935,226778459
28-12-2001,Friday,December,2001,Q4,0.331204,0.346839,0.331204,0.33805,354212841.6
31-12-2001,Monday,December,2001,Q4,0.3396,0.341694,0.329052,0.330296,163157447.1
02-01-2002,Wednesday,January,2002,Q1,0.332627,0.351364,0.331204,0.351364,627012695.7
03-01-2002,Thursday,January,2002,Q1,0.346839,0.358307,0.343225,0.355571,724718837.8
04-01-2002,Friday,January,2002,Q1,0.352006,0.360993,0.346604,0.357388,485480169.6
07-01-2002,Monday,January,2002,Q1,0.357675,0.361942,0.343225,0.345348,526461752.3
08-01-2002,Tuesday,January,2002,Q1,0.343225,0.34768,0.338622,0.340872,532920686.9
09-01-2002,Wednesday,January,2002,Q1,0.343806,0.345666,0.320913,0.326297,388211713.2
10-01-2002,Thursday,January,2002,Q1,0.319987,0.323571,0.30512,0.32027,536117010.6
11-01-2002,Friday,January,2002,Q1,0.322662,0.329377,0.310671,0.317615,413039375
14-01-2002,Monday,January,2002,Q1,0.317003,0.322662,0.315144,0.318798,492608834.2
15-01-2002,Tuesday,January,2002,Q1,0.321496,0.328103,0.319987,0.327273,343788331.1
16-01-2002,Wednesday,January,2002,Q1,0.322957,0.322957,0.30916,0.313388,671296736.7
17-01-2002,Thursday,January,2002,Q1,0.331204,0.342909,0.329971,0.338948,782232432.3
18-01-2002,Friday,January,2002,Q1,0.331758,0.340872,0.331204,0.334454,401209125.4
22-01-2002,Tuesday,January,2002,Q1,0.335738,0.337437,0.329052,0.329052,387594919
23-01-2002,Wednesday,January,2002,Q1,0.328764,0.347363,0.325507,0.347068,524916661.8
24-01-2002,Thursday,January,2002,Q1,0.345666,0.354652,0.345348,0.35017,407356329.3
25-01-2002,Friday,January,2002,Q1,0.345348,0.353171,0.341694,0.350494,220153750.3
28-01-2002,Monday,January,2002,Q1,0.352885,0.355275,0.342633,0.350791,220783722
29-01-2002,Tuesday,January,2002,Q1,0.35017,0.354979,0.344707,0.347995,284583761.3
30-01-2002,Wednesday,January,2002,Q1,0.347995,0.363957,0.34596,0.363166,558424799.6
31-01-2002,Thursday,January,2002,Q1,0.364321,0.373033,0.363423,0.372727,554717872
01-02-2002,Friday,February,2002,Q1,0.380726,0.387334,0.378318,0.384027,471660402.6
04-02-2002,Monday,February,2002,Q1,0.381921,0.386436,0.380726,0.384924,618577652
05-02-2002,Tuesday,February,2002,Q1,0.378208,0.39172,0.378208,0.383691,541030809.3
06-02-2002,Wednesday,February,2002,Q1,0.386012,0.39172,0.363957,0.372283,707629829
07-02-2002,Thursday,February,2002,Q1,0.371632,0.38128,0.363166,0.366464,411892178.8
08-02-2002,Friday,February,2002,Q1,0.367896,0.371632,0.352568,0.362534,420771509.7
11-02-2002,Monday,February,2002,Q1,0.360648,0.376984,0.358012,0.376717,472011897.6
12-02-2002,Tuesday,February,2002,Q1,0.371936,0.377596,0.368462,0.372727,265585020
13-02-2002,Wednesday,February,2002,Q1,0.373033,0.380637,0.371632,0.377249,370492718.5
14-02-2002,Thursday,February,2002,Q1,0.377873,0.380637,0.36762,0.371007,308085243.9
15-02-2002,Friday,February,2002,Q1,0.37009,0.376717,0.359749,0.360322,308105116
19-02-2002,Tuesday,February,2002,Q1,0.358307,0.360034,0.338948,0.341152,462131194.5
20-02-2002,Wednesday,February,2002,Q1,0.343225,0.349852,0.33716,0.348608,338012496.3
21-02-2002,Thursday,February,2002,Q1,0.345666,0.346839,0.323294,0.324263,529028106.2
22-02-2002,Friday,February,2002,Q1,0.326592,0.34596,0.324263,0.342909,481335533.9
25-02-2002,Monday,February,2002,Q1,0.344707,0.372727,0.33716,0.35897,505460347.4
26-02-2002,Tuesday,February,2002,Q1,0.360648,0.36762,0.350494,0.357073,308038746.6
27-02-2002,Wednesday,February,2002,Q1,0.360993,0.365577,0.315785,0.331204,1219880621
28-02-2002,Thursday,February,2002,Q1,0.333872,0.34059,0.32207,0.327273,541090478
01-03-2002,Friday,March,2002,Q1,0.330562,0.354367,0.329052,0.353488,413264847.2
04-03-2002,Monday,March,2002,Q1,0.350791,0.370723,0.343225,0.36616,412396135.7
05-03-2002,Tuesday,March,2002,Q1,0.363957,0.368163,0.352885,0.354979,325293503.1
06-03-2002,Wednesday,March,2002,Q1,0.354059,0.367057,0.345666,0.363166,267866183.4
07-03-2002,Thursday,March,2002,Q1,0.362869,0.37009,0.355887,0.36762,305810697.1
08-03-2002,Friday,March,2002,Q1,0.373033,0.378208,0.366464,0.371936,319458007.7
11-03-2002,Monday,March,2002,Q1,0.371007,0.379068,0.363423,0.377873,311182047.5
12-03-2002,Tuesday,March,2002,Q1,0.369794,0.373033,0.363423,0.372727,300843857.4
13-03-2002,Wednesday,March,2002,Q1,0.36762,0.374849,0.363957,0.369123,237740044.7
14-03-2002,Thursday,March,2002,Q1,0.366464,0.371007,0.360034,0.368163,257315735.1
15-03-2002,Friday,March,2002,Q1,0.368785,0.37644,0.365577,0.376124,285266786.3
18-03-2002,Monday,March,2002,Q1,0.376124,0.377873,0.366742,0.373033,360645197.5
19-03-2002,Tuesday,March,2002,Q1,0.372479,0.381516,0.366464,0.374849,286977660.9
20-03-2002,Wednesday,March,2002,Q1,0.371936,0.379068,0.369446,0.375799,348523167.1
21-03-2002,Thursday,March,2002,Q1,0.359749,0.366464,0.350791,0.365891,729864664.5
22-03-2002,Friday,March,2002,Q1,0.365279,0.370385,0.360034,0.363166,239431013.9
25-03-2002,Monday,March,2002,Q1,0.363166,0.363166,0.350494,0.352242,311235107.7
26-03-2002,Tuesday,March,2002,Q1,0.349852,0.356519,0.346839,0.353765,305326569.6
27-03-2002,Wednesday,March,2002,Q1,0.352242,0.357675,0.350791,0.353765,151220905.8
28-03-2002,Thursday,March,2002,Q1,0.357388,0.360034,0.353765,0.357073,128429090.7
01-04-2002,Monday,April,2002,Q2,0.352568,0.372479,0.351077,0.368785,235704235.6
02-04-2002,Tuesday,April,2002,Q2,0.361942,0.366464,0.360034,0.363166,241327538.7
03-04-2002,Wednesday,April,2002,Q2,0.362869,0.369123,0.355887,0.358307,254039851.4
04-04-2002,Thursday,April,2002,Q2,0.357073,0.377873,0.357073,0.375501,400837710.7
05-04-2002,Friday,April,2002,Q2,0.376124,0.380025,0.363423,0.373033,329610509.2
08-04-2002,Monday,April,2002,Q2,0.364321,0.372283,0.358672,0.370385,309676770
09-04-2002,Tuesday,April,2002,Q2,0.370723,0.376984,0.362258,0.363423,226804927.3
10-04-2002,Wednesday,April,2002,Q2,0.365279,0.376124,0.362258,0.371936,266413923.6
11-04-2002,Thursday,April,2002,Q2,0.377596,0.380025,0.373348,0.374849,482257242.9
12-04-2002,Friday,April,2002,Q2,0.377249,0.37968,0.370723,0.377873,379219597.7
15-04-2002,Monday,April,2002,Q2,0.377873,0.379068,0.373912,0.376984,354504529.2
16-04-2002,Tuesday,April,2002,Q2,0.379068,0.39172,0.378752,0.388185,727762607.4
17-04-2002,Wednesday,April,2002,Q2,0.390889,0.394732,0.3828,0.393615,469226637.5
18-04-2002,Thursday,April,2002,Q2,0.384529,0.384807,0.375188,0.383354,475692276.8
19-04-2002,Friday,April,2002,Q2,0.384242,0.384242,0.375799,0.376717,444544871.6
22-04-2002,Monday,April,2002,Q2,0.374565,0.375799,0.365577,0.37009,319046851
23-04-2002,Tuesday,April,2002,Q2,0.37009,0.373646,0.363166,0.365577,276467028.5
24-04-2002,Wednesday,April,2002,Q2,0.366464,0.369446,0.357073,0.358307,166313859.6
25-04-2002,Thursday,April,2002,Q2,0.355275,0.367057,0.355275,0.363719,229968129.6
26-04-2002,Friday,April,2002,Q2,0.36616,0.36762,0.346839,0.347068,361149235.5
29-04-2002,Monday,April,2002,Q2,0.34925,0.362869,0.347995,0.36133,322435474.8
30-04-2002,Tuesday,April,2002,Q2,0.360322,0.36762,0.358307,0.365891,332707393.7
01-05-2002,Wednesday,May,2002,Q2,0.36616,0.36616,0.352242,0.361586,254245417.1
02-05-2002,Thursday,May,2002,Q2,0.35897,0.367057,0.355887,0.357388,283423282.3
03-05-2002,Friday,May,2002,Q2,0.355571,0.362258,0.353171,0.354652,273283992.7
06-05-2002,Monday,May,2002,Q2,0.352242,0.354367,0.338622,0.341447,295644861.1
07-05-2002,Tuesday,May,2002,Q2,0.34596,0.34596,0.333872,0.338622,287455085.7
08-05-2002,Wednesday,May,2002,Q2,0.349852,0.369794,0.347363,0.36762,517104945.9
09-05-2002,Thursday,May,2002,Q2,0.365577,0.367364,0.35897,0.364904,265982934.4
10-05-2002,Friday,May,2002,Q2,0.36616,0.36616,0.346604,0.351659,278748228.4
13-05-2002,Monday,May,2002,Q2,0.354652,0.363166,0.34596,0.360993,314524259
14-05-2002,Tuesday,May,2002,Q2,0.368462,0.387186,0.365279,0.386012,623471583.7
15-05-2002,Wednesday,May,2002,Q2,0.3828,0.39172,0.374565,0.38128,397674624.9
16-05-2002,Thursday,May,2002,Q2,0.377873,0.383691,0.373348,0.380294,268867478.7
17-05-2002,Friday,May,2002,Q2,0.384242,0.388767,0.371007,0.377249,280047988.9
20-05-2002,Monday,May,2002,Q2,0.370723,0.375799,0.37009,0.373033,319623799.9
21-05-2002,Tuesday,May,2002,Q2,0.374207,0.376984,0.352885,0.353765,332740549.5
22-05-2002,Wednesday,May,2002,Q2,0.352568,0.36762,0.351659,0.366742,344444862.4
23-05-2002,Thursday,May,2002,Q2,0.368462,0.380637,0.363166,0.37968,437429421.9
24-05-2002,Friday,May,2002,Q2,0.376717,0.376717,0.36133,0.363957,196778259.2
28-05-2002,Tuesday,May,2002,Q2,0.357388,0.364904,0.353171,0.361586,177288766.7
29-05-2002,Wednesday,May,2002,Q2,0.360648,0.368462,0.353488,0.361586,262640720.8
30-05-2002,Thursday,May,2002,Q2,0.358307,0.36762,0.354652,0.364904,232541047.5
31-05-2002,Friday,May,2002,Q2,0.363166,0.365577,0.351077,0.351364,432807417.2
03-06-2002,Monday,June,2002,Q2,0.352885,0.353488,0.34059,0.345666,278410031.3
04-06-2002,Tuesday,June,2002,Q2,0.345053,0.347363,0.334454,0.343513,411878961.8
05-06-2002,Wednesday,June,2002,Q2,0.344115,0.344115,0.33716,0.342633,328111879.6
06-06-2002,Thursday,June,2002,Q2,0.346277,0.350494,0.332312,0.334158,307879621.6
07-06-2002,Friday,June,2002,Q2,0.328103,0.330909,0.315463,0.322662,725156456.8
10-06-2002,Monday,June,2002,Q2,0.323947,0.329377,0.321792,0.323947,328695414.8
11-06-2002,Tuesday,June,2002,Q2,0.326297,0.327273,0.307946,0.308666,413861683.4
12-06-2002,Wednesday,June,2002,Q2,0.307946,0.313062,0.300715,0.302859,626090965.5
13-06-2002,Thursday,June,2002,Q2,0.301951,0.302484,0.292192,0.294652,416925378.7
14-06-2002,Friday,June,2002,Q2,0.290206,0.307028,0.272923,0.303154,503152614.3
17-06-2002,Monday,June,2002,Q2,0.30512,0.310888,0.299461,0.309762,384392019.2
18-06-2002,Tuesday,June,2002,Q2,0.307946,0.310326,0.301329,0.303707,418437306.2
19-06-2002,Wednesday,June,2002,Q2,0.262078,0.265457,0.254542,0.258128,2024294816
20-06-2002,Thursday,June,2002,Q2,0.259074,0.265457,0.254267,0.257891,469684264.2
21-06-2002,Friday,June,2002,Q2,0.255728,0.263649,0.253011,0.254267,527164676.5
24-06-2002,Monday,June,2002,Q2,0.252706,0.26748,0.251844,0.260271,511481601.3
25-06-2002,Tuesday,June,2002,Q2,0.262375,0.266572,0.254267,0.258442,356673026.4
26-06-2002,Wednesday,June,2002,Q2,0.253327,0.260596,0.240963,0.249743,661893593
27-06-2002,Thursday,June,2002,Q2,0.253011,0.260271,0.247598,0.257279,298005599.8
28-06-2002,Friday,June,2002,Q2,0.257891,0.268745,0.256389,0.267165,319557472.1
01-07-2002,Monday,July,2002,Q3,0.267165,0.269663,0.257279,0.257279,263701740.5
02-07-2002,Tuesday,July,2002,Q3,0.256962,0.258791,0.253625,0.255449,361394582.7
03-07-2002,Wednesday,July,2002,Q3,0.253327,0.266572,0.252706,0.264823,235684300.8
05-07-2002,Friday,July,2002,Q3,0.267165,0.282909,0.267165,0.282591,191420163.2
08-07-2002,Monday,July,2002,Q3,0.279244,0.280477,0.266572,0.271737,250100851.3
09-07-2002,Tuesday,July,2002,Q3,0.272615,0.275619,0.263322,0.264499,268509440
10-07-2002,Wednesday,July,2002,Q3,0.267165,0.274197,0.259944,0.261209,244981459.6
11-07-2002,Thursday,July,2002,Q3,0.260271,0.276932,0.255728,0.275964,442495780.7
12-07-2002,Friday,July,2002,Q3,0.279885,0.283224,0.260271,0.264201,525168705.6
15-07-2002,Monday,July,2002,Q3,0.26267,0.280477,0.253327,0.275056,350505885.7
16-07-2002,Tuesday,July,2002,Q3,0.273545,0.280193,0.265457,0.269376,529047982.3
17-07-2002,Wednesday,July,2002,Q3,0.243126,0.244319,0.228941,0.235856,1439338101
18-07-2002,Thursday,July,2002,Q3,0.233753,0.23465,0.22261,0.226186,662496978.9
19-07-2002,Friday,July,2002,Q3,0.221682,0.228647,0.218956,0.225554,456149703.8
22-07-2002,Monday,July,2002,Q3,0.22261,0.228941,0.22018,0.224953,510254789.4
23-07-2002,Tuesday,July,2002,Q3,0.224675,0.22834,0.21779,0.218383,473537124.1
24-07-2002,Wednesday,July,2002,Q3,0.216269,0.229533,0.21469,0.229239,481474815.3
25-07-2002,Thursday,July,2002,Q3,0.224953,0.225257,0.211173,0.216567,567635787.9
26-07-2002,Friday,July,2002,Q3,0.218088,0.218956,0.208063,0.216269,245956219.7
29-07-2002,Monday,July,2002,Q3,0.218383,0.227777,0.216567,0.226512,325598544.4
30-07-2002,Tuesday,July,2002,Q3,0.223747,0.233753,0.219569,0.232497,420187946.1
31-07-2002,Wednesday,July,2002,Q3,0.232252,0.232497,0.224675,0.23009,367919768.2
01-08-2002,Thursday,August,2002,Q3,0.227777,0.232497,0.222276,0.223222,271122155.6
02-08-2002,Friday,August,2002,Q3,0.222276,0.226186,0.21469,0.21779,212036968.8
05-08-2002,Monday,August,2002,Q3,0.218661,0.221682,0.210858,0.211173,241599488.9
06-08-2002,Tuesday,August,2002,Q3,0.214394,0.2298,0.212348,0.222276,322156908.9
07-08-2002,Wednesday,August,2002,Q3,0.22745,0.231669,0.216269,0.226512,394889399.2
08-08-2002,Thursday,August,2002,Q3,0.22261,0.231954,0.22261,0.230681,269219011.2
09-08-2002,Friday,August,2002,Q3,0.2298,0.2298,0.22261,0.226186,243602149.3
12-08-2002,Monday,August,2002,Q3,0.224675,0.226512,0.221336,0.226186,212872463.7
13-08-2002,Tuesday,August,2002,Q3,0.224675,0.229533,0.219569,0.219856,319570687
14-08-2002,Wednesday,August,2002,Q3,0.221041,0.231322,0.219282,0.228647,472582157.1
15-08-2002,Thursday,August,2002,Q3,0.2298,0.237672,0.226186,0.235274,381394661.9
16-08-2002,Friday,August,2002,Q3,0.232814,0.242797,0.230381,0.238641,290386233.6
19-08-2002,Monday,August,2002,Q3,0.23799,0.244933,0.237031,0.240963,256440412.1
20-08-2002,Tuesday,August,2002,Q3,0.240963,0.242452,0.234067,0.240074,220995929.6
21-08-2002,Wednesday,August,2002,Q3,0.241515,0.244933,0.232814,0.243126,239709525
22-08-2002,Thursday,August,2002,Q3,0.244319,0.244933,0.236172,0.240963,305883613.1
23-08-2002,Friday,August,2002,Q3,0.239727,0.240074,0.232814,0.237358,193310081.5
26-08-2002,Monday,August,2002,Q3,0.240408,0.240408,0.228647,0.234067,224954819.9
27-08-2002,Tuesday,August,2002,Q3,0.237031,0.237358,0.222008,0.223747,310525493
28-08-2002,Wednesday,August,2002,Q3,0.223222,0.228042,0.221041,0.221682,293642165.3
29-08-2002,Thursday,August,2002,Q3,0.221041,0.22745,0.218661,0.221682,194404292.4
30-08-2002,Friday,August,2002,Q3,0.222276,0.22834,0.219856,0.22261,229159063.6
03-09-2002,Tuesday,September,2002,Q3,0.218661,0.219569,0.212074,0.212074,327939412
04-09-2002,Wednesday,September,2002,Q3,0.214097,0.222907,0.213426,0.218383,498132694.1
05-09-2002,Thursday,September,2002,Q3,0.214394,0.216567,0.212074,0.213782,267833061
06-09-2002,Friday,September,2002,Q3,0.218661,0.221041,0.21469,0.216873,215034335.3
09-09-2002,Monday,September,2002,Q3,0.215333,0.218956,0.213426,0.216567,187388278.8
10-09-2002,Tuesday,September,2002,Q3,0.217495,0.218661,0.212863,0.216269,295412702.6
11-09-2002,Wednesday,September,2002,Q3,0.216269,0.22018,0.213426,0.215333,239689615.6
12-09-2002,Thursday,September,2002,Q3,0.214097,0.218661,0.212863,0.213179,319524300.1
13-09-2002,Friday,September,2002,Q3,0.213179,0.216269,0.212074,0.213426,335061486.4
16-09-2002,Monday,September,2002,Q3,0.213179,0.22018,0.212863,0.218661,339431555.7
17-09-2002,Tuesday,September,2002,Q3,0.219856,0.226512,0.219856,0.223222,506819756.3
18-09-2002,Wednesday,September,2002,Q3,0.221336,0.22745,0.218956,0.226512,389166613.5
19-09-2002,Thursday,September,2002,Q3,0.22261,0.223222,0.218383,0.219856,243873991.2
20-09-2002,Friday,September,2002,Q3,0.220458,0.225257,0.218956,0.224043,417760930.3
23-09-2002,Monday,September,2002,Q3,0.22261,0.225554,0.21779,0.223747,312276223
24-09-2002,Tuesday,September,2002,Q3,0.217169,0.22348,0.217169,0.220743,296825221.4
25-09-2002,Wednesday,September,2002,Q3,0.221336,0.228647,0.221041,0.224953,301586507.5
26-09-2002,Thursday,September,2002,Q3,0.227777,0.228941,0.219569,0.221682,247070359.4
27-09-2002,Friday,September,2002,Q3,0.218661,0.223747,0.218383,0.222008,244119325.3
30-09-2002,Monday,September,2002,Q3,0.217169,0.219856,0.213179,0.218661,281473735.8
01-10-2002,Tuesday,October,2002,Q4,0.219856,0.22018,0.211173,0.218661,405486301.3
02-10-2002,Wednesday,October,2002,Q4,0.216269,0.220743,0.212605,0.213426,271586376.5
03-10-2002,Thursday,October,2002,Q4,0.213782,0.22018,0.212074,0.215657,258025274.9
04-10-2002,Friday,October,2002,Q4,0.216567,0.217169,0.211173,0.21151,225969389.9
07-10-2002,Monday,October,2002,Q4,0.210858,0.214394,0.207431,0.207431,289762858.2
08-10-2002,Tuesday,October,2002,Q4,0.209642,0.210531,0.201426,0.206343,537191255.4
09-10-2002,Wednesday,October,2002,Q4,0.204182,0.208715,0.202303,0.204853,422376285
10-10-2002,Thursday,October,2002,Q4,0.205762,0.214394,0.204853,0.212605,380797850
11-10-2002,Friday,October,2002,Q4,0.21469,0.222907,0.212605,0.218661,348947574.2
14-10-2002,Monday,October,2002,Q4,0.219569,0.2259,0.21779,0.22261,230206833.9
15-10-2002,Tuesday,October,2002,Q4,0.229533,0.2298,0.222907,0.228647,480201594.1
16-10-2002,Wednesday,October,2002,Q4,0.224043,0.22834,0.209642,0.219569,364279185.7
17-10-2002,Thursday,October,2002,Q4,0.214394,0.216873,0.210858,0.212605,555725859.8
18-10-2002,Friday,October,2002,Q4,0.211173,0.216269,0.209938,0.216269,341394429.6
21-10-2002,Monday,October,2002,Q4,0.215006,0.220743,0.211173,0.219569,282448484.7
22-10-2002,Tuesday,October,2002,Q4,0.218383,0.224329,0.215006,0.221682,258323649
23-10-2002,Wednesday,October,2002,Q4,0.220743,0.2259,0.218661,0.224329,247534540.9
24-10-2002,Thursday,October,2002,Q4,0.226512,0.229533,0.219569,0.221336,206930837.6
25-10-2002,Friday,October,2002,Q4,0.221336,0.232814,0.219856,0.232497,330466032
28-10-2002,Monday,October,2002,Q4,0.23465,0.240408,0.2298,0.235274,413629574.4
29-10-2002,Tuesday,October,2002,Q4,0.234946,0.239442,0.225554,0.232814,306911483.1
30-10-2002,Wednesday,October,2002,Q4,0.233753,0.246946,0.233455,0.240963,320525624.7
31-10-2002,Thursday,October,2002,Q4,0.241218,0.247896,0.240074,0.242452,350320208.2
01-11-2002,Friday,November,2002,Q4,0.240408,0.248853,0.239727,0.246661,224789009.4
04-11-2002,Monday,November,2002,Q4,0.248853,0.262078,0.246661,0.254808,446216001.2
05-11-2002,Tuesday,November,2002,Q4,0.252706,0.255728,0.246661,0.254808,249497338.8
06-11-2002,Wednesday,November,2002,Q4,0.257593,0.261209,0.251844,0.259687,256241449.8
07-11-2002,Thursday,November,2002,Q4,0.255449,0.257891,0.238641,0.241218,398092352.6
08-11-2002,Friday,November,2002,Q4,0.241515,0.244319,0.234067,0.238868,225067544.9
11-11-2002,Monday,November,2002,Q4,0.237358,0.239727,0.228042,0.228647,181148182.5
12-11-2002,Tuesday,November,2002,Q4,0.230978,0.241841,0.230381,0.235856,265008046.7
13-11-2002,Wednesday,November,2002,Q4,0.233753,0.242452,0.230381,0.234946,274417965.9
14-11-2002,Thursday,November,2002,Q4,0.239727,0.247598,0.23799,0.24586,167812557.1
15-11-2002,Friday,November,2002,Q4,0.244933,0.244933,0.237672,0.240408,190644298.5
18-11-2002,Monday,November,2002,Q4,0.244319,0.244319,0.234067,0.236172,194888280.1
19-11-2002,Tuesday,November,2002,Q4,0.23465,0.237672,0.226186,0.23009,249802363.9
20-11-2002,Wednesday,November,2002,Q4,0.230681,0.236784,0.2298,0.234067,247183048.9
21-11-2002,Thursday,November,2002,Q4,0.239727,0.247896,0.237672,0.246661,495553071.6
22-11-2002,Friday,November,2002,Q4,0.242452,0.24586,0.239727,0.241515,269822440.7
25-11-2002,Monday,November,2002,Q4,0.241841,0.243363,0.237031,0.240963,236155070.5
26-11-2002,Tuesday,November,2002,Q4,0.238868,0.239727,0.23009,0.232497,284510837.2
27-11-2002,Wednesday,November,2002,Q4,0.235274,0.239144,0.232814,0.237031,339617259.5
29-11-2002,Friday,November,2002,Q4,0.23799,0.239442,0.232497,0.233753,169848414.8
02-12-2002,Monday,December,2002,Q4,0.239727,0.242797,0.226186,0.228941,472177672.7
03-12-2002,Tuesday,December,2002,Q4,0.229239,0.231322,0.227777,0.228647,269835666.7
04-12-2002,Wednesday,December,2002,Q4,0.228941,0.228941,0.218661,0.2259,385751407.9
05-12-2002,Thursday,December,2002,Q4,0.226512,0.22745,0.218956,0.220743,288224445.1
06-12-2002,Friday,December,2002,Q4,0.221041,0.228941,0.218956,0.225257,290545328.3
09-12-2002,Monday,December,2002,Q4,0.225257,0.225257,0.221041,0.22261,279563877.6
10-12-2002,Tuesday,December,2002,Q4,0.22261,0.232814,0.222276,0.230381,365446298.6
11-12-2002,Wednesday,December,2002,Q4,0.230681,0.233753,0.22745,0.233753,300187335.3
12-12-2002,Thursday,December,2002,Q4,0.233753,0.23465,0.226186,0.228941,176844467.3
13-12-2002,Friday,December,2002,Q4,0.22834,0.228647,0.221041,0.222907,195127023.9
16-12-2002,Monday,December,2002,Q4,0.22348,0.227777,0.22018,0.223747,297965803.1
17-12-2002,Tuesday,December,2002,Q4,0.223747,0.228941,0.221041,0.22745,263668554.3
18-12-2002,Wednesday,December,2002,Q4,0.223222,0.224043,0.218661,0.219856,178455842.1
19-12-2002,Thursday,December,2002,Q4,0.218956,0.224953,0.212605,0.214097,411520812.7
20-12-2002,Friday,December,2002,Q4,0.215333,0.219569,0.207746,0.213179,376679826.5
23-12-2002,Monday,December,2002,Q4,0.213426,0.219569,0.212863,0.218661,148999515.4
24-12-2002,Tuesday,December,2002,Q4,0.21779,0.218383,0.215657,0.216567,46585153.44
26-12-2002,Thursday,December,2002,Q4,0.217495,0.22348,0.215333,0.217169,101154397.2
27-12-2002,Friday,December,2002,Q4,0.215954,0.216873,0.211173,0.212074,94775059.99
30-12-2002,Monday,December,2002,Q4,0.212348,0.213426,0.208715,0.212348,183595141.2
31-12-2002,Tuesday,December,2002,Q4,0.211173,0.216567,0.210197,0.216269,237693600.1
02-01-2003,Thursday,January,2003,Q1,0.216567,0.224953,0.216269,0.223222,214842030.1
03-01-2003,Friday,January,2003,Q1,0.223222,0.224953,0.219856,0.224675,174609711.1
06-01-2003,Monday,January,2003,Q1,0.226512,0.231954,0.224329,0.224675,462456130
07-01-2003,Tuesday,January,2003,Q1,0.222907,0.226186,0.218383,0.223747,405393481.8
08-01-2003,Wednesday,January,2003,Q1,0.219856,0.222008,0.21779,0.219569,271937835.1
09-01-2003,Thursday,January,2003,Q1,0.220458,0.224953,0.218661,0.221336,254895247.7
10-01-2003,Friday,January,2003,Q1,0.219856,0.22348,0.218661,0.222008,207348644.3
13-01-2003,Monday,January,2003,Q1,0.224675,0.224675,0.216567,0.220743,211897727.9
14-01-2003,Tuesday,January,2003,Q1,0.221336,0.22348,0.218661,0.22018,221274408.3
15-01-2003,Wednesday,January,2003,Q1,0.219856,0.221682,0.215006,0.217495,439478541.2
16-01-2003,Thursday,January,2003,Q1,0.214394,0.22261,0.214394,0.220458,662032817.7
17-01-2003,Friday,January,2003,Q1,0.219569,0.219569,0.212348,0.212605,315890333.1
21-01-2003,Tuesday,January,2003,Q1,0.214394,0.217495,0.211173,0.21151,300134304.4
22-01-2003,Wednesday,January,2003,Q1,0.210858,0.213426,0.208063,0.209308,254762679.1
23-01-2003,Thursday,January,2003,Q1,0.212074,0.216567,0.210197,0.213426,270293230.7
24-01-2003,Friday,January,2003,Q1,0.21469,0.21469,0.204506,0.208063,361726146
27-01-2003,Monday,January,2003,Q1,0.206343,0.218661,0.206076,0.213179,463490607.4
28-01-2003,Tuesday,January,2003,Q1,0.21469,0.221336,0.213426,0.219856,338973977.6
29-01-2003,Wednesday,January,2003,Q1,0.219569,0.227777,0.215657,0.224953,441746403.6
30-01-2003,Thursday,January,2003,Q1,0.2259,0.22745,0.215333,0.215954,482025170.4
31-01-2003,Friday,January,2003,Q1,0.213782,0.219569,0.212074,0.216567,404067181.1
03-02-2003,Monday,February,2003,Q1,0.217495,0.224953,0.216269,0.221041,313549455.4
04-02-2003,Tuesday,February,2003,Q1,0.21779,0.221041,0.215954,0.22018,375870740.2
05-02-2003,Wednesday,February,2003,Q1,0.222008,0.224953,0.21779,0.21779,262428496
06-02-2003,Thursday,February,2003,Q1,0.216567,0.219856,0.214394,0.217495,212143116.7
07-02-2003,Friday,February,2003,Q1,0.219569,0.22018,0.212348,0.213426,319371785.5
10-02-2003,Monday,February,2003,Q1,0.215006,0.219856,0.212074,0.216269,198807435.6
11-02-2003,Tuesday,February,2003,Q1,0.218661,0.220743,0.214097,0.216269,195127023.9
12-02-2003,Wednesday,February,2003,Q1,0.215006,0.22018,0.215006,0.217169,270803906.4
13-02-2003,Thursday,February,2003,Q1,0.217495,0.220743,0.21469,0.219282,246891280.3
14-02-2003,Friday,February,2003,Q1,0.22018,0.222008,0.216269,0.221041,288105053
18-02-2003,Tuesday,February,2003,Q1,0.22261,0.230681,0.222008,0.23009,344471384.4
19-02-2003,Wednesday,February,2003,Q1,0.22745,0.228647,0.221336,0.223747,284636862.1
20-02-2003,Thursday,February,2003,Q1,0.223747,0.225554,0.222008,0.22261,265671175.3
21-02-2003,Friday,February,2003,Q1,0.22348,0.227125,0.221041,0.226186,186440019.5
24-02-2003,Monday,February,2003,Q1,0.224043,0.226512,0.208063,0.222276,213449473.4
25-02-2003,Tuesday,February,2003,Q1,0.221336,0.22745,0.219856,0.226512,223383209.5
26-02-2003,Wednesday,February,2003,Q1,0.226186,0.226512,0.218383,0.218661,257076998.4
27-02-2003,Thursday,February,2003,Q1,0.219856,0.226186,0.218661,0.224043,182766220.4
28-02-2003,Friday,February,2003,Q1,0.224043,0.22745,0.22261,0.226186,231029100.7
03-03-2003,Monday,March,2003,Q1,0.226186,0.228647,0.219569,0.221041,241287802.7
04-03-2003,Tuesday,March,2003,Q1,0.222276,0.22348,0.21779,0.219569,149695756.3
05-03-2003,Wednesday,March,2003,Q1,0.22018,0.223222,0.218956,0.220458,150014076.2
06-03-2003,Thursday,March,2003,Q1,0.219856,0.22018,0.217169,0.219569,118250010.4
07-03-2003,Friday,March,2003,Q1,0.218383,0.222008,0.215954,0.218956,237998636.3
10-03-2003,Monday,March,2003,Q1,0.218661,0.221041,0.215657,0.216567,159357631.2
11-03-2003,Tuesday,March,2003,Q1,0.216567,0.218661,0.212863,0.21469,190876341.7
12-03-2003,Wednesday,March,2003,Q1,0.213426,0.217169,0.212074,0.214394,263549172.3
13-03-2003,Thursday,March,2003,Q1,0.218383,0.223222,0.213426,0.222008,397223641.1
14-03-2003,Friday,March,2003,Q1,0.221336,0.226186,0.220743,0.222907,181294079.4
17-03-2003,Monday,March,2003,Q1,0.224675,0.22745,0.222008,0.226186,473563618.8
18-03-2003,Tuesday,March,2003,Q1,0.226186,0.22745,0.22348,0.226186,272335727.3
19-03-2003,Wednesday,March,2003,Q1,0.22745,0.228647,0.222907,0.225257,167341785.3
20-03-2003,Thursday,March,2003,Q1,0.224953,0.226186,0.22018,0.224953,193230498.2
21-03-2003,Friday,March,2003,Q1,0.22745,0.228647,0.22348,0.226186,352820252.5
24-03-2003,Monday,March,2003,Q1,0.221041,0.223222,0.216269,0.216567,190770303.2
25-03-2003,Tuesday,March,2003,Q1,0.217495,0.223747,0.216567,0.219569,198581966.4
26-03-2003,Wednesday,March,2003,Q1,0.219569,0.219569,0.215657,0.217495,211188170.9
27-03-2003,Thursday,March,2003,Q1,0.215954,0.221682,0.215954,0.218661,144934496.4
28-03-2003,Friday,March,2003,Q1,0.217169,0.220458,0.216567,0.219856,172063303.1
31-03-2003,Monday,March,2003,Q1,0.216269,0.218956,0.211776,0.213179,303927390.3
01-04-2003,Tuesday,April,2003,Q2,0.214097,0.215954,0.212348,0.213426,182766220.4
02-04-2003,Wednesday,April,2003,Q2,0.217495,0.22261,0.215954,0.221041,202932114.1
03-04-2003,Thursday,April,2003,Q2,0.219569,0.221682,0.216269,0.218088,172552942.5
04-04-2003,Friday,April,2003,Q2,0.218956,0.221041,0.217169,0.217495,172502673.7
07-04-2003,Monday,April,2003,Q2,0.223747,0.225257,0.217495,0.218661,233147991.3
08-04-2003,Tuesday,April,2003,Q2,0.218661,0.221041,0.216567,0.21779,152683458.6
09-04-2003,Wednesday,April,2003,Q2,0.218956,0.220458,0.213179,0.213782,173766194.3
10-04-2003,Thursday,April,2003,Q2,0.214097,0.217169,0.214097,0.216567,129418564.2
11-04-2003,Friday,April,2003,Q2,0.212074,0.21779,0.194808,0.199076,1651299505
14-04-2003,Monday,April,2003,Q2,0.206887,0.207431,0.20357,0.204853,597080593.5
15-04-2003,Tuesday,April,2003,Q2,0.204853,0.205149,0.200536,0.202039,361110939.3
16-04-2003,Wednesday,April,2003,Q2,0.196033,0.206076,0.194808,0.199699,1207139209
17-04-2003,Thursday,April,2003,Q2,0.199076,0.199699,0.191837,0.197879,731164453.3
21-04-2003,Monday,April,2003,Q2,0.198147,0.198728,0.195726,0.198147,181282001.5
22-04-2003,Tuesday,April,2003,Q2,0.198728,0.205464,0.197237,0.20357,360295611
23-04-2003,Wednesday,April,2003,Q2,0.203864,0.205762,0.201426,0.204853,249466758.8
24-04-2003,Thursday,April,2003,Q2,0.203864,0.205149,0.196033,0.20266,386886145.6
25-04-2003,Friday,April,2003,Q2,0.202956,0.204853,0.199699,0.201158,243987927.1
28-04-2003,Monday,April,2003,Q2,0.201158,0.210531,0.201158,0.20903,756308513.3
29-04-2003,Tuesday,April,2003,Q2,0.210858,0.213426,0.204853,0.212074,544215918.6
30-04-2003,Wednesday,April,2003,Q2,0.209938,0.216269,0.208715,0.214394,543808998.2
01-05-2003,Thursday,May,2003,Q2,0.21469,0.217169,0.211173,0.216567,406991945.4
02-05-2003,Friday,May,2003,Q2,0.218088,0.219856,0.216269,0.21779,381484359.9
05-05-2003,Monday,May,2003,Q2,0.22261,0.254542,0.22261,0.242452,1844701899
06-05-2003,Tuesday,May,2003,Q2,0.243126,0.269961,0.242797,0.263906,1796440314
07-05-2003,Wednesday,May,2003,Q2,0.261209,0.275056,0.257891,0.265921,1250590438
08-05-2003,Thursday,May,2003,Q2,0.266829,0.272615,0.260913,0.271471,815823022.8
09-05-2003,Friday,May,2003,Q2,0.276281,0.277465,0.269663,0.275964,698081446.5
12-05-2003,Monday,May,2003,Q2,0.273545,0.282591,0.27322,0.279885,497944600.9
13-05-2003,Tuesday,May,2003,Q2,0.277793,0.28597,0.270583,0.281732,530675958.7
14-05-2003,Wednesday,May,2003,Q2,0.283798,0.284092,0.277793,0.279885,422240779.2
15-05-2003,Thursday,May,2003,Q2,0.280477,0.28439,0.278385,0.282591,339121702.1
16-05-2003,Friday,May,2003,Q2,0.280193,0.286542,0.275619,0.28348,399429703.6
19-05-2003,Monday,May,2003,Q2,0.279569,0.281089,0.272281,0.272923,529030820.7
20-05-2003,Tuesday,May,2003,Q2,0.272923,0.273871,0.265457,0.268122,494112351.1
21-05-2003,Wednesday,May,2003,Q2,0.268122,0.272615,0.266572,0.269376,362417089.5
22-05-2003,Thursday,May,2003,Q2,0.269961,0.277465,0.26748,0.275056,213234531.1
23-05-2003,Friday,May,2003,Q2,0.274779,0.278385,0.270849,0.276281,245251799
27-05-2003,Tuesday,May,2003,Q2,0.270849,0.285011,0.270255,0.284705,343765977.5
28-05-2003,Wednesday,May,2003,Q2,0.278937,0.281407,0.273545,0.275619,403765480
29-05-2003,Thursday,May,2003,Q2,0.275619,0.278937,0.269961,0.272923,395259935
30-05-2003,Friday,May,2003,Q2,0.27322,0.274197,0.264499,0.270583,453344741.8
02-06-2003,Monday,June,2003,Q2,0.272923,0.275322,0.260271,0.263008,495682808.3
03-06-2003,Tuesday,June,2003,Q2,0.263008,0.266572,0.256716,0.260913,427319203.8
04-06-2003,Wednesday,June,2003,Q2,0.260913,0.268122,0.258442,0.265457,321153647.4
05-06-2003,Thursday,June,2003,Q2,0.263008,0.26748,0.261209,0.265921,243529609.9
06-06-2003,Friday,June,2003,Q2,0.26748,0.271984,0.258442,0.258442,287680778.5
09-06-2003,Monday,June,2003,Q2,0.255449,0.256962,0.250631,0.253011,307831202.5
10-06-2003,Tuesday,June,2003,Q2,0.254808,0.260596,0.252706,0.259074,209182915.4
11-06-2003,Wednesday,June,2003,Q2,0.258442,0.264201,0.253327,0.263008,266578039.2
12-06-2003,Thursday,June,2003,Q2,0.264823,0.269663,0.263008,0.267787,299123441.1
13-06-2003,Friday,June,2003,Q2,0.267787,0.270583,0.258128,0.26267,226472981.3
16-06-2003,Monday,June,2003,Q2,0.265457,0.275322,0.263008,0.275322,282930604.4
17-06-2003,Tuesday,June,2003,Q2,0.277793,0.278937,0.271145,0.274512,210187827.3
18-06-2003,Wednesday,June,2003,Q2,0.278087,0.293712,0.275964,0.288281,538784085.5
19-06-2003,Thursday,June,2003,Q2,0.291966,0.29562,0.282909,0.288597,452501418.3
20-06-2003,Friday,June,2003,Q2,0.291966,0.295322,0.285011,0.289565,425763751.6
23-06-2003,Monday,June,2003,Q2,0.291156,0.297102,0.282909,0.287392,363970754.7
24-06-2003,Tuesday,June,2003,Q2,0.293389,0.296774,0.282909,0.283224,610245509
25-06-2003,Wednesday,June,2003,Q2,0.283224,0.292468,0.282277,0.287708,390558891.7
26-06-2003,Thursday,June,2003,Q2,0.281979,0.291412,0.281979,0.290838,189121729.8
27-06-2003,Friday,June,2003,Q2,0.291156,0.291156,0.27868,0.282591,433162576.4
30-06-2003,Monday,June,2003,Q2,0.281732,0.289861,0.280193,0.287392,264347895.8
01-07-2003,Tuesday,July,2003,Q3,0.284705,0.289248,0.279244,0.287708,214325783.6
02-07-2003,Wednesday,July,2003,Q3,0.287095,0.292468,0.286811,0.290524,385211832.8
03-07-2003,Thursday,July,2003,Q3,0.286542,0.294652,0.286246,0.288281,163146128.5
07-07-2003,Monday,July,2003,Q3,0.290524,0.304342,0.288281,0.299788,338994928
08-07-2003,Tuesday,July,2003,Q3,0.294335,0.30916,0.293712,0.307708,304023691.7
09-07-2003,Wednesday,July,2003,Q3,0.304835,0.308302,0.300103,0.300103,253054124.1
10-07-2003,Thursday,July,2003,Q3,0.299788,0.300715,0.292192,0.295322,202983423.8
11-07-2003,Friday,July,2003,Q3,0.29646,0.301704,0.294652,0.299461,162065486.9
14-07-2003,Monday,July,2003,Q3,0.301951,0.307708,0.299788,0.300103,223107478.6
15-07-2003,Tuesday,July,2003,Q3,0.301951,0.30512,0.292764,0.29562,244706319.1
16-07-2003,Wednesday,July,2003,Q3,0.29562,0.301704,0.292192,0.299788,297407772.4
17-07-2003,Thursday,July,2003,Q3,0.304586,0.315785,0.303433,0.315144,889570193.3
18-07-2003,Friday,July,2003,Q3,0.315144,0.31941,0.307708,0.314573,353879815.3
21-07-2003,Monday,July,2003,Q3,0.312133,0.313388,0.306059,0.310671,217386976.1
22-07-2003,Tuesday,July,2003,Q3,0.314822,0.316085,0.30916,0.313693,233503779.3
23-07-2003,Wednesday,July,2003,Q3,0.315785,0.316085,0.308666,0.313388,169381605.9
24-07-2003,Thursday,July,2003,Q3,0.317238,0.324263,0.307333,0.309407,271458910.9
25-07-2003,Friday,July,2003,Q3,0.307946,0.325507,0.307708,0.324894,256589644.2
28-07-2003,Monday,July,2003,Q3,0.324263,0.324263,0.314573,0.316351,201733901.8
29-07-2003,Tuesday,July,2003,Q3,0.316351,0.31793,0.309407,0.312479,233428982
30-07-2003,Wednesday,July,2003,Q3,0.313062,0.315144,0.304342,0.305763,205564802
31-07-2003,Thursday,July,2003,Q3,0.312765,0.32207,0.310326,0.31793,349057596.8
01-08-2003,Friday,August,2003,Q3,0.316676,0.320569,0.311165,0.312765,177158382
04-08-2003,Monday,August,2003,Q3,0.309762,0.324263,0.305763,0.319987,272501361.6
05-08-2003,Tuesday,August,2003,Q3,0.32207,0.322662,0.303154,0.307333,295382618.6
06-08-2003,Wednesday,August,2003,Q3,0.302484,0.304342,0.293991,0.295847,290672182.5
07-08-2003,Thursday,August,2003,Q3,0.297713,0.302859,0.292764,0.30037,206494072.2
08-08-2003,Friday,August,2003,Q3,0.303154,0.303433,0.29562,0.296132,163237229.8
11-08-2003,Monday,August,2003,Q3,0.298849,0.30037,0.294335,0.29646,162502084.3
12-08-2003,Tuesday,August,2003,Q3,0.298019,0.298543,0.293389,0.297102,194725205.4
13-08-2003,Wednesday,August,2003,Q3,0.299461,0.30673,0.295322,0.304342,335276039.9
14-08-2003,Thursday,August,2003,Q3,0.304835,0.306375,0.300715,0.301002,228069293.4
15-08-2003,Friday,August,2003,Q3,0.301002,0.302859,0.29646,0.297713,149050842.3
18-08-2003,Monday,August,2003,Q3,0.299461,0.307946,0.297377,0.30673,228278767.2
19-08-2003,Tuesday,August,2003,Q3,0.307333,0.308302,0.301704,0.306375,158311336
20-08-2003,Wednesday,August,2003,Q3,0.304342,0.320569,0.303707,0.317003,323663796.3
21-08-2003,Thursday,August,2003,Q3,0.317238,0.327511,0.315785,0.3269,303139720.1
22-08-2003,Friday,August,2003,Q3,0.328764,0.331758,0.311165,0.314822,296355262.6
25-08-2003,Monday,August,2003,Q3,0.313388,0.315463,0.308836,0.315144,163158068.8
26-08-2003,Tuesday,August,2003,Q3,0.313062,0.31793,0.307028,0.317615,195340784.7
27-08-2003,Wednesday,August,2003,Q3,0.315463,0.323947,0.311529,0.323947,267271454.2
28-08-2003,Thursday,August,2003,Q3,0.321496,0.335095,0.321496,0.3348,378491106.1
29-08-2003,Friday,August,2003,Q3,0.3348,0.344707,0.332627,0.340872,311623873.3
02-09-2003,Tuesday,September,2003,Q3,0.341694,0.345348,0.337743,0.344707,285589351.6
03-09-2003,Wednesday,September,2003,Q3,0.343806,0.351659,0.343225,0.34596,318441059.4
04-09-2003,Thursday,September,2003,Q3,0.34925,0.350494,0.343225,0.344115,246282787.4
05-09-2003,Friday,September,2003,Q3,0.342909,0.348964,0.33805,0.339275,284385542.2
08-09-2003,Monday,September,2003,Q3,0.338948,0.343513,0.338622,0.342909,198049197.2
09-09-2003,Tuesday,September,2003,Q3,0.339927,0.341992,0.333507,0.337437,213593667.4
10-09-2003,Wednesday,September,2003,Q3,0.335413,0.340872,0.333249,0.334454,266311162.5
11-09-2003,Thursday,September,2003,Q3,0.335413,0.343513,0.333249,0.340271,253237956.8
12-09-2003,Friday,September,2003,Q3,0.3396,0.348964,0.336332,0.348291,213156135.5
15-09-2003,Monday,September,2003,Q3,0.348291,0.348291,0.333507,0.335095,268620094.4
16-09-2003,Tuesday,September,2003,Q3,0.335095,0.342315,0.3348,0.33716,318545805.9
17-09-2003,Wednesday,September,2003,Q3,0.337437,0.337437,0.329644,0.333507,342693731.4
18-09-2003,Thursday,September,2003,Q3,0.333249,0.346604,0.330909,0.345053,299478701.6
19-09-2003,Friday,September,2003,Q3,0.345053,0.34768,0.33805,0.34059,243880858.9
22-09-2003,Monday,September,2003,Q3,0.334454,0.339275,0.330562,0.332935,212938351.1
23-09-2003,Tuesday,September,2003,Q3,0.331985,0.338622,0.329971,0.33805,156844047.9
24-09-2003,Wednesday,September,2003,Q3,0.335095,0.336332,0.31793,0.321496,356767814.2
25-09-2003,Thursday,September,2003,Q3,0.321792,0.322365,0.30512,0.307946,680221531.2
26-09-2003,Friday,September,2003,Q3,0.306059,0.322957,0.303707,0.312133,410481015.7
29-09-2003,Monday,September,2003,Q3,0.323947,0.323947,0.311165,0.32121,433050043.8
30-09-2003,Tuesday,September,2003,Q3,0.31793,0.319987,0.308302,0.312479,337988020.5
01-10-2003,Wednesday,October,2003,Q4,0.312479,0.318247,0.304586,0.313388,279597027.4
02-10-2003,Thursday,October,2003,Q4,0.313693,0.313693,0.305763,0.310326,241633811.1
03-10-2003,Friday,October,2003,Q4,0.316351,0.329644,0.315144,0.327273,354771156.8
06-10-2003,Monday,October,2003,Q4,0.3269,0.336626,0.325507,0.336035,317745340.9
07-10-2003,Tuesday,October,2003,Q4,0.332627,0.353171,0.330562,0.35017,495192584.7
08-10-2003,Wednesday,October,2003,Q4,0.350494,0.354979,0.342909,0.34768,507609516.3
09-10-2003,Thursday,October,2003,Q4,0.351659,0.357073,0.343513,0.353488,411790100.1
10-10-2003,Friday,October,2003,Q4,0.354367,0.35897,0.352568,0.357073,207034905.8
13-10-2003,Monday,October,2003,Q4,0.358012,0.368163,0.357675,0.367364,331406513.5
14-10-2003,Tuesday,October,2003,Q4,0.366742,0.373033,0.364904,0.370385,326141674.3
15-10-2003,Wednesday,October,2003,Q4,0.374849,0.377249,0.370723,0.374207,724436615.9
16-10-2003,Thursday,October,2003,Q4,0.35897,0.359243,0.33805,0.350494,1156197960
17-10-2003,Friday,October,2003,Q4,0.352568,0.354059,0.33805,0.343225,426071311.9
20-10-2003,Monday,October,2003,Q4,0.340872,0.352006,0.337437,0.35017,330547990.6
21-10-2003,Tuesday,October,2003,Q4,0.351364,0.352885,0.343225,0.349615,208955214.8
22-10-2003,Wednesday,October,2003,Q4,0.349615,0.349852,0.341992,0.343225,191358913
23-10-2003,Thursday,October,2003,Q4,0.342909,0.348964,0.34059,0.346604,195637202.6
24-10-2003,Friday,October,2003,Q4,0.340271,0.344707,0.335413,0.340872,260347024.8
27-10-2003,Monday,October,2003,Q4,0.343225,0.345348,0.338948,0.340872,191844785.9
28-10-2003,Tuesday,October,2003,Q4,0.340271,0.358307,0.337743,0.357675,298066427.8
29-10-2003,Wednesday,October,2003,Q4,0.354652,0.360322,0.352006,0.357388,316264553.4
30-10-2003,Thursday,October,2003,Q4,0.361586,0.361942,0.345053,0.347995,308077405.3
31-10-2003,Friday,October,2003,Q4,0.351364,0.352242,0.343513,0.345348,258326362.4
03-11-2003,Monday,November,2003,Q4,0.344115,0.351364,0.343513,0.348964,358613494
04-11-2003,Tuesday,November,2003,Q4,0.347995,0.348291,0.34059,0.345666,295131900.2
05-11-2003,Wednesday,November,2003,Q4,0.344115,0.348608,0.338622,0.347363,381858656.1
06-11-2003,Thursday,November,2003,Q4,0.345666,0.348964,0.341447,0.348608,470233001.3
07-11-2003,Friday,November,2003,Q4,0.349852,0.350494,0.338326,0.339275,249032704.8
10-11-2003,Monday,November,2003,Q4,0.338326,0.341447,0.329377,0.330296,277416158.6
11-11-2003,Tuesday,November,2003,Q4,0.330296,0.331985,0.323947,0.324894,254682252.4
12-11-2003,Wednesday,November,2003,Q4,0.323947,0.342633,0.323947,0.336626,355883555
13-11-2003,Thursday,November,2003,Q4,0.336626,0.340271,0.330562,0.33805,251953348.2
14-11-2003,Friday,November,2003,Q4,0.338948,0.340872,0.320913,0.323571,280799088.1
17-11-2003,Monday,November,2003,Q4,0.32207,0.322365,0.315785,0.318515,270290565.8
18-11-2003,Tuesday,November,2003,Q4,0.319987,0.321792,0.307028,0.307946,317795256.4
19-11-2003,Wednesday,November,2003,Q4,0.310049,0.311165,0.305407,0.307946,408098408.4
20-11-2003,Thursday,November,2003,Q4,0.303154,0.31793,0.303154,0.307333,283738867.5
21-11-2003,Friday,November,2003,Q4,0.30673,0.310326,0.299461,0.305763,287337203.1
24-11-2003,Monday,November,2003,Q4,0.30916,0.320569,0.308836,0.318798,452144192.6
25-11-2003,Tuesday,November,2003,Q4,0.32027,0.32027,0.310671,0.311798,321475191.2
26-11-2003,Wednesday,November,2003,Q4,0.315144,0.318798,0.30512,0.312479,290272962
28-11-2003,Friday,November,2003,Q4,0.312479,0.31793,0.309407,0.315463,90108105.99
01-12-2003,Monday,December,2003,Q4,0.317238,0.329644,0.317238,0.327511,428119383.2
02-12-2003,Tuesday,December,2003,Q4,0.325705,0.330296,0.322957,0.324894,260573272.5
03-12-2003,Wednesday,December,2003,Q4,0.324894,0.329377,0.316085,0.317238,227575444.1
04-12-2003,Thursday,December,2003,Q4,0.317238,0.31941,0.313062,0.318798,210707255
05-12-2003,Friday,December,2003,Q4,0.315144,0.318798,0.312765,0.314573,220463116.8
08-12-2003,Monday,December,2003,Q4,0.313388,0.31793,0.307946,0.317615,175535918.5
09-12-2003,Tuesday,December,2003,Q4,0.31941,0.32027,0.307708,0.308302,160031592.3
10-12-2003,Wednesday,December,2003,Q4,0.308302,0.310671,0.301002,0.307333,321304500.5
11-12-2003,Thursday,December,2003,Q4,0.30512,0.321792,0.304835,0.319987,217176057.4
12-12-2003,Friday,December,2003,Q4,0.321496,0.321496,0.312133,0.315144,228157872.6
15-12-2003,Monday,December,2003,Q4,0.323947,0.323947,0.302859,0.304342,460527537.9
16-12-2003,Tuesday,December,2003,Q4,0.304586,0.308836,0.301951,0.303433,442821262
17-12-2003,Wednesday,December,2003,Q4,0.302859,0.303433,0.298287,0.299788,324767584.4
18-12-2003,Thursday,December,2003,Q4,0.300103,0.304342,0.300103,0.302286,391853296.1
19-12-2003,Friday,December,2003,Q4,0.304586,0.307946,0.295847,0.297102,537090051.5
22-12-2003,Monday,December,2003,Q4,0.296132,0.300103,0.290206,0.299461,446502723.5
23-12-2003,Tuesday,December,2003,Q4,0.30037,0.300715,0.29562,0.298543,365311062.1
24-12-2003,Wednesday,December,2003,Q4,0.297377,0.310326,0.296132,0.307946,210155561.5
26-12-2003,Friday,December,2003,Q4,0.307028,0.315463,0.30673,0.313388,122786760
29-12-2003,Monday,December,2003,Q4,0.315463,0.319128,0.314573,0.318798,276450560.4
30-12-2003,Tuesday,December,2003,Q4,0.31941,0.324263,0.318798,0.320913,242579792.3
31-12-2003,Wednesday,December,2003,Q4,0.32207,0.324894,0.31941,0.322365,206576747.6
02-01-2004,Friday,January,2004,Q1,0.325181,0.328103,0.31941,0.320913,171279278.8
05-01-2004,Monday,January,2004,Q1,0.322957,0.337743,0.322957,0.334454,467763426.6
06-01-2004,Tuesday,January,2004,Q1,0.335413,0.33805,0.327511,0.332935,603221704.3
07-01-2004,Wednesday,January,2004,Q1,0.333249,0.344115,0.330562,0.34059,694947042.3
08-01-2004,Thursday,January,2004,Q1,0.34441,0.358012,0.341447,0.352242,545074332.2
09-01-2004,Friday,January,2004,Q1,0.350494,0.363719,0.343513,0.346839,506145302.1
12-01-2004,Monday,January,2004,Q1,0.34925,0.361942,0.348291,0.358012,577294144.5
13-01-2004,Tuesday,January,2004,Q1,0.372479,0.374565,0.359749,0.363719,804064360.8
14-01-2004,Wednesday,January,2004,Q1,0.367896,0.37009,0.358672,0.364904,734229965
15-01-2004,Thursday,January,2004,Q1,0.345666,0.352885,0.339275,0.344707,1205695865
16-01-2004,Friday,January,2004,Q1,0.346839,0.347363,0.340872,0.342633,441475155.1
20-01-2004,Tuesday,January,2004,Q1,0.341992,0.343806,0.335413,0.342909,374174572.9
21-01-2004,Wednesday,January,2004,Q1,0.342315,0.346277,0.33805,0.340872,268399453.8
22-01-2004,Thursday,January,2004,Q1,0.340271,0.344115,0.334454,0.334454,242758732.7
23-01-2004,Friday,January,2004,Q1,0.335413,0.342909,0.335413,0.340271,269003847.2
26-01-2004,Monday,January,2004,Q1,0.338622,0.34768,0.33805,0.347068,321227091
27-01-2004,Tuesday,January,2004,Q1,0.347363,0.350494,0.343806,0.347995,363617275.2
28-01-2004,Wednesday,January,2004,Q1,0.34441,0.352568,0.33805,0.3396,326118124
29-01-2004,Thursday,January,2004,Q1,0.341152,0.343806,0.3348,0.341992,251867600.9
30-01-2004,Friday,January,2004,Q1,0.342909,0.345053,0.33805,0.340271,219418315.1
02-02-2004,Monday,February,2004,Q1,0.338622,0.343806,0.332935,0.336626,340365814.4
03-02-2004,Tuesday,February,2004,Q1,0.336332,0.337743,0.331758,0.335738,214109741.8
04-02-2004,Wednesday,February,2004,Q1,0.331758,0.332935,0.327273,0.328451,361824665.7
05-02-2004,Thursday,February,2004,Q1,0.329052,0.345666,0.328764,0.33805,417827678.3
06-02-2004,Friday,February,2004,Q1,0.338326,0.345348,0.337743,0.342633,228941398.7
09-02-2004,Monday,February,2004,Q1,0.341152,0.344707,0.339275,0.341992,222928110
10-02-2004,Tuesday,February,2004,Q1,0.341152,0.348608,0.338326,0.346604,302368361
11-02-2004,Wednesday,February,2004,Q1,0.347995,0.360034,0.34768,0.35897,412728356.1
12-02-2004,Thursday,February,2004,Q1,0.357073,0.361586,0.355887,0.358012,217869479.5
13-02-2004,Friday,February,2004,Q1,0.359749,0.363423,0.344115,0.346839,374167925
17-02-2004,Tuesday,February,2004,Q1,0.348291,0.354059,0.348291,0.34925,202435824.7
18-02-2004,Wednesday,February,2004,Q1,0.349615,0.353488,0.34768,0.350791,167703769.7
19-02-2004,Thursday,February,2004,Q1,0.351364,0.356519,0.33805,0.338622,382579388.9
20-02-2004,Friday,February,2004,Q1,0.339275,0.3396,0.335095,0.337743,328722310.4
23-02-2004,Monday,February,2004,Q1,0.338326,0.338622,0.330296,0.3348,229821769.9
24-02-2004,Tuesday,February,2004,Q1,0.333872,0.342909,0.331758,0.33716,306745469.1
25-02-2004,Wednesday,February,2004,Q1,0.335095,0.345348,0.335095,0.343806,327183449.8
26-02-2004,Thursday,February,2004,Q1,0.34441,0.349615,0.343806,0.347363,234946329.4
27-02-2004,Friday,February,2004,Q1,0.346277,0.362258,0.34596,0.360648,555211193.8
01-03-2004,Monday,March,2004,Q1,0.363166,0.366464,0.360034,0.362258,381518447.2
02-03-2004,Tuesday,March,2004,Q1,0.36133,0.363423,0.358307,0.35897,303957693
03-03-2004,Wednesday,March,2004,Q1,0.355887,0.364904,0.355887,0.360648,266589929.8
04-03-2004,Thursday,March,2004,Q1,0.36133,0.380294,0.360648,0.379364,781809830.5
05-03-2004,Friday,March,2004,Q1,0.376124,0.414445,0.375501,0.403296,1824320557
08-03-2004,Monday,March,2004,Q1,0.40387,0.40387,0.389092,0.392017,619161605.3
09-03-2004,Tuesday,March,2004,Q1,0.390583,0.410733,0.388508,0.408757,732244531
10-03-2004,Wednesday,March,2004,Q1,0.406823,0.424313,0.406228,0.41729,1192412338
11-03-2004,Thursday,March,2004,Q1,0.411028,0.422751,0.40843,0.409349,705837139.6
12-03-2004,Friday,March,2004,Q1,0.411907,0.41893,0.409883,0.41564,389854809.1
15-03-2004,Monday,March,2004,Q1,0.407798,0.412599,0.396036,0.398713,570431237.7
16-03-2004,Tuesday,March,2004,Q1,0.400489,0.401084,0.383088,0.389418,713476596.5
17-03-2004,Wednesday,March,2004,Q1,0.391472,0.397814,0.388767,0.39502,487198896
18-03-2004,Thursday,March,2004,Q1,0.391157,0.392973,0.385695,0.387186,380207844
19-03-2004,Friday,March,2004,Q1,0.387561,0.406228,0.385121,0.390011,483820534.8
22-03-2004,Monday,March,2004,Q1,0.3828,0.394732,0.380637,0.390011,496200978.5
23-03-2004,Tuesday,March,2004,Q1,0.390889,0.392017,0.380294,0.38128,456511598.1
24-03-2004,Wednesday,March,2004,Q1,0.381516,0.388508,0.380955,0.384529,505416452.2
25-03-2004,Thursday,March,2004,Q1,0.393615,0.405902,0.390583,0.40532,670764790.6
26-03-2004,Friday,March,2004,Q1,0.405902,0.412599,0.405902,0.407798,497165984.3
29-03-2004,Monday,March,2004,Q1,0.413212,0.421952,0.410169,0.421123,398791370.7
30-03-2004,Tuesday,March,2004,Q1,0.420164,0.421379,0.412284,0.421123,425842263.6
31-03-2004,Wednesday,March,2004,Q1,0.420164,0.421952,0.406228,0.407798,460294023.6
01-04-2004,Thursday,April,2004,Q2,0.405616,0.411028,0.401378,0.408757,369277990.6
02-04-2004,Friday,April,2004,Q2,0.418259,0.421123,0.410733,0.414762,323247184.4
05-04-2004,Monday,April,2004,Q2,0.414445,0.427927,0.413844,0.427058,456697906.3
06-04-2004,Tuesday,April,2004,Q2,0.418259,0.424313,0.413488,0.419532,305505701.4
07-04-2004,Wednesday,April,2004,Q2,0.41646,0.417617,0.405902,0.411612,302098456
08-04-2004,Thursday,April,2004,Q2,0.420826,0.422219,0.410169,0.415326,285281048.1
12-04-2004,Monday,April,2004,Q2,0.414762,0.423702,0.414445,0.422751,272993974.7
13-04-2004,Tuesday,April,2004,Q2,0.422219,0.422751,0.404758,0.405902,516760555.5
14-04-2004,Wednesday,April,2004,Q2,0.403296,0.40843,0.396649,0.401725,757126845.6
15-04-2004,Thursday,April,2004,Q2,0.437331,0.446062,0.42463,0.441874,2085737460
16-04-2004,Friday,April,2004,Q2,0.438535,0.441874,0.429765,0.440007,477134986.9
19-04-2004,Monday,April,2004,Q2,0.424035,0.433705,0.419532,0.427651,843542808.4
20-04-2004,Tuesday,April,2004,Q2,0.425605,0.428509,0.41564,0.418259,419806531.2
21-04-2004,Wednesday,April,2004,Q2,0.416215,0.424035,0.412896,0.418259,385888667.4
22-04-2004,Thursday,April,2004,Q2,0.41564,0.424973,0.408757,0.41893,408042806.8
23-04-2004,Friday,April,2004,Q2,0.41893,0.422219,0.408116,0.417617,373992124.3
26-04-2004,Monday,April,2004,Q2,0.415938,0.416778,0.407166,0.408996,273695132.2
27-04-2004,Tuesday,April,2004,Q2,0.410733,0.413844,0.402671,0.406228,336139157.4
28-04-2004,Wednesday,April,2004,Q2,0.404402,0.407494,0.397262,0.398713,273740652.4
29-04-2004,Thursday,April,2004,Q2,0.398713,0.407166,0.39172,0.403581,545647081.3
30-04-2004,Friday,April,2004,Q2,0.405616,0.406513,0.384242,0.388767,552413152.1
03-05-2004,Monday,May,2004,Q2,0.392017,0.396973,0.388185,0.39334,352443179.1
04-05-2004,Tuesday,May,2004,Q2,0.392973,0.400489,0.384529,0.394179,331544435.1
05-05-2004,Wednesday,May,2004,Q2,0.39502,0.403581,0.391472,0.401725,281234666
06-05-2004,Thursday,May,2004,Q2,0.398405,0.403581,0.390583,0.400816,312095088.6
07-05-2004,Friday,May,2004,Q2,0.400816,0.415938,0.400489,0.402347,496176240.5
10-05-2004,Monday,May,2004,Q2,0.396036,0.401084,0.391157,0.396371,296015492.1
11-05-2004,Tuesday,May,2004,Q2,0.39808,0.410169,0.39808,0.409349,361373629.3
12-05-2004,Wednesday,May,2004,Q2,0.40387,0.412284,0.39567,0.411612,290616530.3
13-05-2004,Thursday,May,2004,Q2,0.408996,0.417961,0.405616,0.410169,272182281.2
14-05-2004,Friday,May,2004,Q2,0.408757,0.411907,0.398713,0.408116,305275097
17-05-2004,Monday,May,2004,Q2,0.402671,0.408116,0.397458,0.401725,355772388.3
18-05-2004,Tuesday,May,2004,Q2,0.406513,0.411324,0.404104,0.408116,244011580.7
19-05-2004,Wednesday,May,2004,Q2,0.413212,0.414762,0.398405,0.399028,444757828.4
20-05-2004,Thursday,May,2004,Q2,0.401378,0.407166,0.399028,0.402999,232427628
21-05-2004,Friday,May,2004,Q2,0.405616,0.410169,0.403296,0.408757,213020971.9
24-05-2004,Monday,May,2004,Q2,0.410733,0.420826,0.408757,0.412284,278989834.5
25-05-2004,Tuesday,May,2004,Q2,0.414762,0.43005,0.411324,0.428509,378907343.5
26-05-2004,Wednesday,May,2004,Q2,0.426772,0.434022,0.422219,0.43005,381496093.6
27-05-2004,Thursday,May,2004,Q2,0.429429,0.431326,0.419532,0.424973,279427859.5
28-05-2004,Friday,May,2004,Q2,0.423413,0.426278,0.419217,0.423098,172549760.2
01-06-2004,Tuesday,June,2004,Q2,0.41893,0.425292,0.416215,0.423098,215674039
02-06-2004,Wednesday,June,2004,Q2,0.422751,0.440007,0.419217,0.436106,377403318.4
03-06-2004,Thursday,June,2004,Q2,0.433123,0.436995,0.426525,0.428225,297137419.9
04-06-2004,Friday,June,2004,Q2,0.430682,0.440917,0.43005,0.434022,472610403.4
07-06-2004,Monday,June,2004,Q2,0.437913,0.452126,0.434337,0.449321,350391289.7
08-06-2004,Tuesday,June,2004,Q2,0.451168,0.45904,0.449646,0.457756,492164442.8
09-06-2004,Wednesday,June,2004,Q2,0.453696,0.463215,0.452422,0.455384,413511806.3
10-06-2004,Thursday,June,2004,Q2,0.455384,0.466892,0.455384,0.463544,305008650.6
14-06-2004,Monday,June,2004,Q2,0.462032,0.462614,0.444846,0.454219,288917709.3
15-06-2004,Tuesday,June,2004,Q2,0.456264,0.469548,0.456264,0.462922,526515441.3
16-06-2004,Wednesday,June,2004,Q2,0.461754,0.502428,0.460561,0.493608,1077170217
17-06-2004,Thursday,June,2004,Q2,0.493608,0.499761,0.485835,0.49492,652850559.6
18-06-2004,Friday,June,2004,Q2,0.491325,0.503613,0.488915,0.496106,481441287.9
21-06-2004,Monday,June,2004,Q2,0.499465,0.505094,0.484333,0.487375,462073983
22-06-2004,Tuesday,June,2004,Q2,0.487375,0.499167,0.486792,0.497587,426903197.3
23-06-2004,Wednesday,June,2004,Q2,0.497587,0.509835,0.496106,0.507958,462850025.9
24-06-2004,Thursday,June,2004,Q2,0.507663,0.507958,0.497292,0.500353,299019371.9
25-06-2004,Friday,June,2004,Q2,0.497587,0.507958,0.497587,0.507958,382987355.3
28-06-2004,Monday,June,2004,Q2,0.511117,0.515268,0.485835,0.490043,617280427.8
29-06-2004,Tuesday,June,2004,Q2,0.484097,0.497587,0.473806,0.490043,699307665.1
30-06-2004,Wednesday,June,2004,Q2,0.490043,0.496995,0.481025,0.490684,441863001.3
01-07-2004,Thursday,July,2004,Q3,0.48378,0.489744,0.481025,0.487069,406182540.1
02-07-2004,Friday,July,2004,Q3,0.45904,0.470191,0.448541,0.46867,1078530017
06-07-2004,Tuesday,July,2004,Q3,0.468984,0.473806,0.464501,0.466545,413250861.7
07-07-2004,Wednesday,July,2004,Q3,0.464501,0.472877,0.454219,0.458427,471282590
08-07-2004,Thursday,July,2004,Q3,0.454219,0.462614,0.451462,0.454595,276358192.5
09-07-2004,Friday,July,2004,Q3,0.456264,0.459999,0.453054,0.453054,247322460.9
12-07-2004,Monday,July,2004,Q3,0.452767,0.453054,0.436106,0.439424,605840233.6
13-07-2004,Tuesday,July,2004,Q3,0.440917,0.446358,0.437616,0.440559,374401425.1
14-07-2004,Wednesday,July,2004,Q3,0.436669,0.451762,0.433399,0.446062,990533579.3
15-07-2004,Thursday,July,2004,Q3,0.490684,0.507069,0.484097,0.496403,2093278276
16-07-2004,Friday,July,2004,Q3,0.496403,0.496403,0.484333,0.485569,578021088.9
19-07-2004,Monday,July,2004,Q3,0.483138,0.485835,0.47737,0.481914,631421350.8
20-07-2004,Tuesday,July,2004,Q3,0.481301,0.485569,0.475929,0.485569,383367465.2
21-07-2004,Wednesday,July,2004,Q3,0.487069,0.493311,0.472649,0.476807,356732926
22-07-2004,Thursday,July,2004,Q3,0.472649,0.478674,0.468373,0.477746,395651989.2
23-07-2004,Friday,July,2004,Q3,0.478042,0.478931,0.459681,0.462922,323949049.6
26-07-2004,Monday,July,2004,Q3,0.46539,0.474081,0.464186,0.471416,466477432.9
27-07-2004,Tuesday,July,2004,Q3,0.478931,0.494032,0.476215,0.488915,503287066.2
28-07-2004,Wednesday,July,2004,Q3,0.487375,0.48863,0.469864,0.486792,337543700.9
29-07-2004,Thursday,July,2004,Q3,0.490043,0.49492,0.484658,0.492057,263068340.5
30-07-2004,Friday,July,2004,Q3,0.492679,0.497587,0.482545,0.487702,287880409
02-08-2004,Monday,August,2004,Q3,0.471108,0.485569,0.469262,0.476215,432325317.7
03-08-2004,Tuesday,August,2004,Q3,0.47505,0.478407,0.469548,0.471759,250600062.8
04-08-2004,Wednesday,August,2004,Q3,0.470485,0.484333,0.470191,0.479248,327408363
05-08-2004,Thursday,August,2004,Q3,0.478931,0.487069,0.471108,0.473488,289525576.5
06-08-2004,Friday,August,2004,Q3,0.466032,0.468984,0.447899,0.449092,582951698.9
09-08-2004,Monday,August,2004,Q3,0.45023,0.45904,0.449321,0.456847,344410783.1
10-08-2004,Tuesday,August,2004,Q3,0.458427,0.475622,0.457756,0.475326,415685282.9
11-08-2004,Wednesday,August,2004,Q3,0.468984,0.469262,0.456264,0.467801,381761763.4
12-08-2004,Thursday,August,2004,Q3,0.460866,0.46539,0.45656,0.458111,267858520.9
13-08-2004,Friday,August,2004,Q3,0.462339,0.471759,0.458427,0.465123,388459240.3
16-08-2004,Monday,August,2004,Q3,0.465676,0.478407,0.462032,0.464186,515910242.9
17-08-2004,Tuesday,August,2004,Q3,0.46151,0.469262,0.457756,0.465676,382440273.6
18-08-2004,Wednesday,August,2004,Q3,0.460243,0.480502,0.459681,0.478674,431808048.6
19-08-2004,Thursday,August,2004,Q3,0.475326,0.480502,0.457756,0.463215,460572221.8
20-08-2004,Friday,August,2004,Q3,0.463888,0.467188,0.459681,0.464501,375115237.6
23-08-2004,Monday,August,2004,Q3,0.464501,0.471416,0.46151,0.46867,301554506.9
24-08-2004,Tuesday,August,2004,Q3,0.471416,0.481599,0.470485,0.481599,443034391.9
25-08-2004,Wednesday,August,2004,Q3,0.481301,0.499761,0.478674,0.49818,598739544.9
26-08-2004,Thursday,August,2004,Q3,0.500057,0.530577,0.493608,0.522575,1131890789
27-08-2004,Friday,August,2004,Q3,0.521687,0.524155,0.5126,0.518033,460419614.1
30-08-2004,Monday,August,2004,Q3,0.512798,0.523464,0.511908,0.514281,258328198.1
31-08-2004,Tuesday,August,2004,Q3,0.513688,0.527219,0.5126,0.520206,448241922.4
01-09-2004,Wednesday,September,2004,Q3,0.517143,0.542922,0.515268,0.54075,610873760.6
02-09-2004,Thursday,September,2004,Q3,0.535415,0.540158,0.525045,0.537885,481153212.9
03-09-2004,Friday,September,2004,Q3,0.528402,0.541639,0.527811,0.53117,347548394.9
07-09-2004,Tuesday,September,2004,Q3,0.533934,0.545686,0.53117,0.539268,357565868.4
08-09-2004,Wednesday,September,2004,Q3,0.538477,0.551613,0.538082,0.548355,407395694.7
09-09-2004,Thursday,September,2004,Q3,0.544502,0.547466,0.532057,0.538477,546366928.3
10-09-2004,Friday,September,2004,Q3,0.538082,0.54628,0.534823,0.54075,388418085.9
13-09-2004,Monday,September,2004,Q3,0.54075,0.544206,0.53265,0.536996,333914351.9
14-09-2004,Tuesday,September,2004,Q3,0.532354,0.536007,0.524452,0.535415,301747135.1
15-09-2004,Wednesday,September,2004,Q3,0.535415,0.535415,0.524749,0.530774,276201123.8
16-09-2004,Thursday,September,2004,Q3,0.530774,0.554379,0.528996,0.548355,594347270.8
17-09-2004,Friday,September,2004,Q3,0.55112,0.563664,0.548948,0.560008,597031776.6
20-09-2004,Monday,September,2004,Q3,0.556552,0.572751,0.555958,0.5688,290114717.8
21-09-2004,Tuesday,September,2004,Q3,0.568601,0.585884,0.564848,0.573045,457865784.6
22-09-2004,Wednesday,September,2004,Q3,0.574427,0.575118,0.555367,0.556947,475664236.1
23-09-2004,Thursday,September,2004,Q3,0.558528,0.565442,0.556947,0.562182,470686959.7
24-09-2004,Friday,September,2004,Q3,0.56396,0.573045,0.560008,0.562182,437533911.3
27-09-2004,Monday,September,2004,Q3,0.557441,0.572751,0.555367,0.566133,470939072.3
28-09-2004,Tuesday,September,2004,Q3,0.565442,0.577195,0.564848,0.573636,418229751
29-09-2004,Wednesday,September,2004,Q3,0.571763,0.585884,0.570379,0.583219,323879597.2
30-09-2004,Thursday,September,2004,Q3,0.588057,0.592404,0.57996,0.584502,503290979.4
01-10-2004,Friday,October,2004,Q4,0.589835,0.590824,0.581639,0.583219,551179782.3
04-10-2004,Monday,October,2004,Q4,0.590824,0.590824,0.584502,0.5848,680364551.7
05-10-2004,Tuesday,October,2004,Q4,0.581343,0.598331,0.578972,0.59359,480986445.6
06-10-2004,Wednesday,October,2004,Q4,0.595761,0.614726,0.595071,0.61285,528496210.8
07-10-2004,Thursday,October,2004,Q4,0.611366,0.617096,0.595071,0.597442,504751215.6
08-10-2004,Friday,October,2004,Q4,0.596158,0.599911,0.585688,0.589047,425380753.1
11-10-2004,Monday,October,2004,Q4,0.585095,0.589047,0.576008,0.581936,383551925.6
12-10-2004,Tuesday,October,2004,Q4,0.580553,0.581639,0.567712,0.577195,545490763.9
13-10-2004,Wednesday,October,2004,Q4,0.585293,0.599614,0.584109,0.599614,1395783475
14-10-2004,Thursday,October,2004,Q4,0.649097,0.690083,0.641392,0.678331,3278632198
15-10-2004,Friday,October,2004,Q4,0.676752,0.687715,0.666086,0.686233,1217360504
18-10-2004,Monday,October,2004,Q4,0.675269,0.720209,0.674086,0.720209,1423677248
19-10-2004,Tuesday,October,2004,Q4,0.725246,0.729197,0.713492,0.715073,949709821.7
20-10-2004,Wednesday,October,2004,Q4,0.710135,0.717641,0.703419,0.715667,729276647
21-10-2004,Thursday,October,2004,Q4,0.718333,0.725839,0.714084,0.722876,857944054.2
22-10-2004,Friday,October,2004,Q4,0.714678,0.719024,0.709048,0.714678,573500736.6
25-10-2004,Monday,October,2004,Q4,0.711616,0.721494,0.709937,0.716851,464953905.4
26-10-2004,Tuesday,October,2004,Q4,0.715667,0.724357,0.708157,0.723072,703888272.5
27-10-2004,Wednesday,October,2004,Q4,0.733741,0.763468,0.726432,0.758531,1413293693
28-10-2004,Thursday,October,2004,Q4,0.753888,0.787371,0.74658,0.786779,1023456305
29-10-2004,Friday,October,2004,Q4,0.781541,0.802382,0.78095,0.790135,959779383.5
01-11-2004,Monday,November,2004,Q4,0.791716,0.803372,0.784605,0.791124,714075342.2
02-11-2004,Tuesday,November,2004,Q4,0.790532,0.815618,0.790135,0.806827,864439928.3
03-11-2004,Wednesday,November,2004,Q4,0.820852,0.845743,0.814531,0.834185,1425985484
04-11-2004,Thursday,November,2004,Q4,0.829938,0.837545,0.819865,0.821247,1099930301
05-11-2004,Friday,November,2004,Q4,0.827864,0.829345,0.784605,0.825098,1427375053
08-11-2004,Monday,November,2004,Q4,0.818678,0.836359,0.812359,0.820161,624016885.4
09-11-2004,Tuesday,November,2004,Q4,0.817494,0.822432,0.805048,0.815024,563525760
10-11-2004,Wednesday,November,2004,Q4,0.81384,0.83547,0.812951,0.825593,602406199.9
11-11-2004,Thursday,November,2004,Q4,0.828754,0.835767,0.817792,0.83399,482580687.1
12-11-2004,Friday,November,2004,Q4,0.829345,0.839618,0.826877,0.836951,468571900.4
15-11-2004,Monday,November,2004,Q4,0.830631,0.836359,0.819865,0.832999,445368885
16-11-2004,Tuesday,November,2004,Q4,0.831815,0.832408,0.821543,0.828457,349456969.2
17-11-2004,Wednesday,November,2004,Q4,0.832114,0.836359,0.817792,0.827864,472147355.8
18-11-2004,Thursday,November,2004,Q4,0.818976,0.836359,0.818678,0.83547,545557893.6
19-11-2004,Friday,November,2004,Q4,0.836951,0.857988,0.821841,0.832114,906416457
22-11-2004,Monday,November,2004,Q4,0.875076,0.96515,0.873198,0.925347,3044374737
23-11-2004,Tuesday,November,2004,Q4,0.939176,0.941942,0.920704,0.924064,1078142907
24-11-2004,Wednesday,November,2004,Q4,0.930187,0.983126,0.928015,0.965745,1647273715
26-11-2004,Friday,November,2004,Q4,0.9852,0.991721,0.970187,0.973249,651603943.4
29-11-2004,Monday,November,2004,Q4,1.04072,1.04892,1.01641,1.03202,2029217298
30-11-2004,Tuesday,November,2004,Q4,1.03754,1.03754,1.01108,1.01108,1218595024
01-12-2004,Wednesday,December,2004,Q4,1.01108,1.02479,0.999124,1.02244,948472550.7
02-12-2004,Thursday,December,2004,Q4,0.997057,1.00901,0.975029,0.983126,1170364462
03-12-2004,Friday,December,2004,Q4,0.973548,0.980066,0.931372,0.945298,1467729653
06-12-2004,Monday,December,2004,Q4,0.968707,0.998924,0.949545,0.991921,1478035109
07-12-2004,Tuesday,December,2004,Q4,0.994382,1.00652,0.943422,0.948656,1252837904
08-12-2004,Wednesday,December,2004,Q4,0.951423,0.971669,0.935619,0.954188,819347595.9
09-12-2004,Thursday,December,2004,Q4,0.946582,0.971177,0.936211,0.96515,878599740.2
10-12-2004,Friday,December,2004,Q4,0.980757,0.995764,0.975621,0.982435,918795118.8
13-12-2004,Monday,December,2004,Q4,0.991327,0.993697,0.974139,0.978484,467892957.8
14-12-2004,Tuesday,December,2004,Q4,0.985003,0.993495,0.98036,0.984706,492649778.1
15-12-2004,Wednesday,December,2004,Q4,0.9852,0.987177,0.975029,0.984015,471944707.1
16-12-2004,Thursday,December,2004,Q4,0.998924,1.01779,0.995764,1.00447,1333662442
17-12-2004,Friday,December,2004,Q4,1.00901,1.01108,0.978484,0.979768,966165041.7
20-12-2004,Monday,December,2004,Q4,0.98925,0.995168,0.931372,0.945891,1383285548
21-12-2004,Tuesday,December,2004,Q4,0.958436,0.961694,0.929002,0.960212,1262334737
22-12-2004,Wednesday,December,2004,Q4,0.967818,0.970583,0.955965,0.961399,670132636
23-12-2004,Thursday,December,2004,Q4,0.961399,0.968707,0.959027,0.965545,291221720.4
27-12-2004,Monday,December,2004,Q4,0.976607,0.982435,0.948361,0.952409,663093824.2
28-12-2004,Tuesday,December,2004,Q4,0.95478,0.968707,0.935619,0.967818,724652064.5
29-12-2004,Wednesday,December,2004,Q4,0.963669,0.979768,0.958732,0.971669,532412474.5
30-12-2004,Thursday,December,2004,Q4,0.976607,0.980757,0.96841,0.977102,408940244.5
31-12-2004,Friday,December,2004,Q4,0.978484,0.980066,0.965745,0.971177,329965883
03-01-2005,Monday,January,2005,Q1,0.97799,0.981644,0.944113,0.954188,820687146.9
04-01-2005,Tuesday,January,2005,Q1,0.961399,0.987177,0.949545,0.964164,1300009592
05-01-2005,Wednesday,January,2005,Q1,0.964164,0.983719,0.964164,0.972657,805931532.6
06-01-2005,Thursday,January,2005,Q1,0.977102,0.978484,0.95478,0.973249,835491413.1
07-01-2005,Friday,January,2005,Q1,0.980757,1.0497,0.976607,1.04415,2646913131
10-01-2005,Monday,January,2005,Q1,1.05395,1.06619,1.02362,1.04012,2045519141
11-01-2005,Tuesday,January,2005,Q1,1.02905,1.04298,0.967225,0.973548,3096086648
12-01-2005,Wednesday,January,2005,Q1,0.987177,0.993697,0.954484,0.987177,2323384790
13-01-2005,Thursday,January,2005,Q1,1.114,1.12229,1.05146,1.05235,3751683601
14-01-2005,Friday,January,2005,Q1,1.05918,1.0816,1.04326,1.05858,2097173648
18-01-2005,Tuesday,January,2005,Q1,1.05493,1.06619,1.04356,1.0656,1192886897
19-01-2005,Wednesday,January,2005,Q1,1.06461,1.07765,1.05176,1.05365,891268708.6
20-01-2005,Thursday,January,2005,Q1,1.05027,1.07459,1.04733,1.06253,1083601703
21-01-2005,Friday,January,2005,Q1,1.07459,1.07971,1.05553,1.06283,1079898517
24-01-2005,Monday,January,2005,Q1,1.0725,1.08249,1.06373,1.06706,999054347
25-01-2005,Tuesday,January,2005,Q1,1.07676,1.09849,1.06975,1.08623,1148770468
26-01-2005,Wednesday,January,2005,Q1,1.096,1.0973,1.07399,1.0894,881368209.3
27-01-2005,Thursday,January,2005,Q1,1.08812,1.09969,1.07892,1.09541,587806559.8
28-01-2005,Friday,January,2005,Q1,1.09483,1.11557,1.09238,1.11557,949560892.3
31-01-2005,Monday,January,2005,Q1,1.12782,1.17473,1.12366,1.15965,1994197519
01-02-2005,Tuesday,February,2005,Q1,1.16178,1.17277,1.15477,1.16939,803826974.8
02-02-2005,Wednesday,February,2005,Q1,1.17621,1.20486,1.17147,1.2006,1212930614
03-02-2005,Thursday,February,2005,Q1,1.19489,1.19804,1.16606,1.17355,867560297.5
04-02-2005,Friday,February,2005,Q1,1.17621,1.19034,1.16939,1.18886,667358867.5
07-02-2005,Monday,February,2005,Q1,1.19133,1.19648,1.1686,1.19034,621718523.9
08-02-2005,Tuesday,February,2005,Q1,1.19399,1.22718,1.18827,1.21987,1054123152
09-02-2005,Wednesday,February,2005,Q1,1.22442,1.23636,1.1778,1.18728,1413356528
10-02-2005,Thursday,February,2005,Q1,1.18758,1.19549,1.15596,1.18165,1294394613
11-02-2005,Friday,February,2005,Q1,1.20574,1.23291,1.19034,1.22442,1422866601
14-02-2005,Monday,February,2005,Q1,1.24773,1.27882,1.23726,1.27617,1506075091
15-02-2005,Tuesday,February,2005,Q1,1.30837,1.34343,1.29681,1.33326,2750601186
16-02-2005,Wednesday,February,2005,Q1,1.3292,1.36002,1.31706,1.35893,1940768764
17-02-2005,Thursday,February,2005,Q1,1.36713,1.3704,1.31883,1.32427,1797949945
18-02-2005,Friday,February,2005,Q1,1.32407,1.32497,1.30055,1.30926,1377485017
22-02-2005,Tuesday,February,2005,Q1,1.30343,1.33168,1.28613,1.28613,1443841312
23-02-2005,Wednesday,February,2005,Q1,1.30797,1.33406,1.2899,1.33068,1592321566
24-02-2005,Thursday,February,2005,Q1,1.33068,1.34688,1.32317,1.34136,1806194005
25-02-2005,Friday,February,2005,Q1,1.35211,1.35568,1.32969,1.34195,1084222253
28-02-2005,Monday,February,2005,Q1,1.34688,1.3613,1.32585,1.353,773065363.5
01-03-2005,Tuesday,March,2005,Q1,1.36002,1.36042,1.33198,1.34223,555844863.2
02-03-2005,Wednesday,March,2005,Q1,1.33426,1.3539,1.32949,1.33068,542521901.9
03-03-2005,Thursday,March,2005,Q1,1.33919,1.33949,1.24318,1.26047,1671632787
04-03-2005,Friday,March,2005,Q1,1.26047,1.2971,1.26047,1.29109,895467016
07-03-2005,Monday,March,2005,Q1,1.29109,1.30451,1.27726,1.28931,533685343.4
08-03-2005,Tuesday,March,2005,Q1,1.26313,1.27161,1.2095,1.22224,1209427439
09-03-2005,Wednesday,March,2005,Q1,1.19399,1.21483,1.17118,1.18668,1565348621
10-03-2005,Thursday,March,2005,Q1,1.19399,1.21433,1.17929,1.2012,919924806.2
11-03-2005,Friday,March,2005,Q1,1.21079,1.22412,1.2003,1.21453,744610796.9
14-03-2005,Monday,March,2005,Q1,1.22194,1.23015,1.19192,1.21601,716793447.3
15-03-2005,Tuesday,March,2005,Q1,1.226,1.24081,1.21394,1.23537,605347213.5
16-03-2005,Wednesday,March,2005,Q1,1.24298,1.27617,1.22985,1.24209,826668795.5
17-03-2005,Thursday,March,2005,Q1,1.25306,1.29324,1.24615,1.27439,950550572.4
18-03-2005,Friday,March,2005,Q1,1.3053,1.31024,1.28161,1.29573,1136386193
21-03-2005,Monday,March,2005,Q1,1.30659,1.32615,1.29266,1.31794,640778624.9
22-03-2005,Tuesday,March,2005,Q1,1.31883,1.32585,1.28712,1.29168,653153099
23-03-2005,Wednesday,March,2005,Q1,1.28161,1.30896,1.26738,1.28318,722777160.3
24-03-2005,Thursday,March,2005,Q1,1.29623,1.29681,1.28161,1.28161,417983725.4
28-03-2005,Monday,March,2005,Q1,1.28931,1.29573,1.28072,1.28259,324186767.7
29-03-2005,Tuesday,March,2005,Q1,1.28259,1.29168,1.25156,1.25917,546248002.9
30-03-2005,Wednesday,March,2005,Q1,1.26649,1.29079,1.26136,1.29079,466567420.5
31-03-2005,Thursday,March,2005,Q1,1.28012,1.28229,1.25435,1.25672,753457910.5
01-04-2005,Friday,April,2005,Q2,1.26956,1.27231,1.22352,1.2333,758468303.2
04-04-2005,Monday,April,2005,Q2,1.23015,1.24585,1.21129,1.23942,686839064.4
05-04-2005,Tuesday,April,2005,Q2,1.24239,1.27411,1.23942,1.26343,661119338.2
06-04-2005,Wednesday,April,2005,Q2,1.27882,1.29109,1.27131,1.27687,492017846.2
07-04-2005,Thursday,April,2005,Q2,1.27687,1.31943,1.27439,1.3137,601239769.5
08-04-2005,Friday,April,2005,Q2,1.31558,1.34067,1.31321,1.31913,769759338.2
11-04-2005,Monday,April,2005,Q2,1.33426,1.33456,1.264,1.2644,973530296.5
12-04-2005,Tuesday,April,2005,Q2,1.282,1.30244,1.26708,1.28653,1163790022
13-04-2005,Wednesday,April,2005,Q2,1.29623,1.29652,1.2181,1.23786,1668704318
14-04-2005,Thursday,April,2005,Q2,1.17019,1.20574,1.11112,1.12366,3265456023
15-04-2005,Friday,April,2005,Q2,1.10431,1.12337,1.06413,1.06619,2048484583
18-04-2005,Monday,April,2005,Q2,1.05769,1.09483,1.02529,1.07429,1571778887
19-04-2005,Tuesday,April,2005,Q2,1.10281,1.12921,1.0819,1.11854,1287098817
20-04-2005,Wednesday,April,2005,Q2,1.13573,1.13828,1.06886,1.07094,1131388696
21-04-2005,Thursday,April,2005,Q2,1.0973,1.12229,1.08278,1.12141,904320748.3
22-04-2005,Friday,April,2005,Q2,1.10993,1.11586,1.05235,1.07064,994180107.1
25-04-2005,Monday,April,2005,Q2,1.10057,1.11655,1.089,1.11528,885077134.5
26-04-2005,Tuesday,April,2005,Q2,1.10845,1.13117,1.0894,1.09148,962458206.2
27-04-2005,Wednesday,April,2005,Q2,1.07971,1.0967,1.07094,1.08417,727648249.4
28-04-2005,Thursday,April,2005,Q2,1.09423,1.096,1.06283,1.07192,682102149.8
29-04-2005,Friday,April,2005,Q2,1.08722,1.09268,1.06215,1.08742,795719341.1
02-05-2005,Monday,May,2005,Q2,1.09325,1.10541,1.08623,1.09879,551801570.1
03-05-2005,Tuesday,May,2005,Q2,1.0979,1.10816,1.08663,1.09208,588429613.3
04-05-2005,Wednesday,May,2005,Q2,1.09325,1.12189,1.0887,1.12042,535935910.6
05-05-2005,Thursday,May,2005,Q2,1.12189,1.12396,1.09999,1.1064,458766452.1
06-05-2005,Friday,May,2005,Q2,1.11528,1.12584,1.10964,1.12307,386586065.5
09-05-2005,Monday,May,2005,Q2,1.12366,1.12951,1.10845,1.11498,421172080.8
10-05-2005,Tuesday,May,2005,Q2,1.10601,1.12337,1.09571,1.09849,528591921.9
11-05-2005,Wednesday,May,2005,Q2,1.06313,1.07586,0.998528,1.07399,2429106371
12-05-2005,Thursday,May,2005,Q2,1.06826,1.0733,1.02529,1.02945,1149609355
13-05-2005,Friday,May,2005,Q2,1.033,1.06253,1.02758,1.04862,835166419.9
16-05-2005,Monday,May,2005,Q2,1.04564,1.07706,1.04151,1.0722,561720813.4
17-05-2005,Tuesday,May,2005,Q2,1.05947,1.06955,1.04181,1.06649,698141154.7
18-05-2005,Wednesday,May,2005,Q2,1.07064,1.13265,1.05513,1.08101,753994124.2
19-05-2005,Thursday,May,2005,Q2,1.07971,1.13632,1.07912,1.13235,940988097.1
20-05-2005,Friday,May,2005,Q2,1.12614,1.13554,1.1217,1.13235,536422731.2
23-05-2005,Monday,May,2005,Q2,1.14577,1.20338,1.14165,1.19922,1236385140
24-05-2005,Tuesday,May,2005,Q2,1.18965,1.20613,1.1771,1.19744,703560870.5
25-05-2005,Wednesday,May,2005,Q2,1.19489,1.20486,1.18579,1.19981,491779455.7
26-05-2005,Thursday,May,2005,Q2,1.20633,1.23468,1.17019,1.22866,622330186.9
27-05-2005,Friday,May,2005,Q2,1.23015,1.23015,1.20673,1.22323,374308718
31-05-2005,Tuesday,May,2005,Q2,1.22747,1.22866,1.19379,1.19922,478645420
01-06-2005,Wednesday,June,2005,Q2,1.20338,1.22935,1.2022,1.21542,537837767.1
02-06-2005,Thursday,June,2005,Q2,1.2098,1.21601,1.19439,1.20762,443079075.9
03-06-2005,Friday,June,2005,Q2,1.15084,1.16347,1.13916,1.15329,1133765853
06-06-2005,Monday,June,2005,Q2,1.15845,1.16506,1.13265,1.14373,961851039.7
07-06-2005,Tuesday,June,2005,Q2,1.13789,1.13789,1.09939,1.10222,884126044.3
08-06-2005,Wednesday,June,2005,Q2,1.10481,1.12337,1.10311,1.11352,489278028.4
09-06-2005,Thursday,June,2005,Q2,1.11586,1.14433,1.11052,1.13554,462459873.2
10-06-2005,Friday,June,2005,Q2,1.12782,1.12782,1.07124,1.08001,804158417.6
13-06-2005,Monday,June,2005,Q2,1.08308,1.10431,1.08041,1.08278,516186580.2
14-06-2005,Tuesday,June,2005,Q2,1.08663,1.09029,1.07824,1.08575,414200975.9
15-06-2005,Wednesday,June,2005,Q2,1.10924,1.12485,1.09483,1.11982,667141451.7
16-06-2005,Thursday,June,2005,Q2,1.1217,1.14856,1.11052,1.1455,656074335.7
17-06-2005,Friday,June,2005,Q2,1.16061,1.16237,1.14095,1.15537,706873960.9
20-06-2005,Monday,June,2005,Q2,1.14314,1.14876,1.12951,1.13424,385067309.8
21-06-2005,Tuesday,June,2005,Q2,1.13215,1.15174,1.12734,1.14195,439263586.7
22-06-2005,Wednesday,June,2005,Q2,1.15626,1.16416,1.15014,1.16267,508406204.7
23-06-2005,Thursday,June,2005,Q2,1.17147,1.19981,1.16576,1.17297,798935788.9
24-06-2005,Friday,June,2005,Q2,1.17899,1.17996,1.13632,1.13886,491978977.9
27-06-2005,Monday,June,2005,Q2,1.11192,1.14896,1.1064,1.11893,711921395.4
28-06-2005,Tuesday,June,2005,Q2,1.13058,1.13365,1.12101,1.12525,415959384.7
29-06-2005,Wednesday,June,2005,Q2,1.12337,1.12455,1.0894,1.097,537867077.5
30-06-2005,Thursday,June,2005,Q2,1.10431,1.12072,1.09512,1.11013,494890787.4
01-07-2005,Friday,July,2005,Q3,1.11082,1.11498,1.09453,1.10087,296982823.6
05-07-2005,Tuesday,July,2005,Q3,1.10401,1.15044,1.10087,1.1455,537927922.7
06-07-2005,Wednesday,July,2005,Q3,1.13966,1.15084,1.12189,1.12762,472784293.5
07-07-2005,Thursday,July,2005,Q3,1.10993,1.13886,1.10993,1.13494,455028618.5
08-07-2005,Friday,July,2005,Q3,1.14195,1.15447,1.13,1.15357,344450048.3
11-07-2005,Monday,July,2005,Q3,1.15725,1.16576,1.13946,1.14896,462433270.1
12-07-2005,Tuesday,July,2005,Q3,1.15301,1.15815,1.14344,1.15329,459239291.4
13-07-2005,Wednesday,July,2005,Q3,1.15329,1.16119,1.14314,1.15666,909326470.4
14-07-2005,Thursday,July,2005,Q3,1.23114,1.26708,1.21346,1.22895,2482207729
15-07-2005,Friday,July,2005,Q3,1.23211,1.25365,1.22027,1.25306,814541144.8
18-07-2005,Monday,July,2005,Q3,1.25156,1.26986,1.24773,1.25127,695683298.6
19-07-2005,Tuesday,July,2005,Q3,1.25613,1.30382,1.23885,1.30244,795075702.9
20-07-2005,Wednesday,July,2005,Q3,1.29296,1.32101,1.28613,1.31588,537805830.3
21-07-2005,Thursday,July,2005,Q3,1.31943,1.32832,1.29383,1.3056,480160707
22-07-2005,Friday,July,2005,Q3,1.31024,1.32713,1.30857,1.32713,357342774.6
25-07-2005,Monday,July,2005,Q3,1.32773,1.33551,1.31883,1.32121,349301916.3
26-07-2005,Tuesday,July,2005,Q3,1.32713,1.33038,1.30777,1.31588,318125303
27-07-2005,Wednesday,July,2005,Q3,1.31943,1.3292,1.28683,1.32674,336077907.2
28-07-2005,Thursday,July,2005,Q3,1.32654,1.32713,1.3059,1.32101,300848265.7
29-07-2005,Friday,July,2005,Q3,1.31489,1.33859,1.27469,1.28613,667571727.2
01-08-2005,Monday,August,2005,Q3,1.28467,1.29939,1.26916,1.28931,373979121
02-08-2005,Tuesday,August,2005,Q3,1.29354,1.31192,1.28497,1.30244,352082869.4
03-08-2005,Wednesday,August,2005,Q3,1.30244,1.3063,1.2899,1.30343,309758777.1
04-08-2005,Thursday,August,2005,Q3,1.29623,1.29681,1.27557,1.28802,323487028.7
05-08-2005,Friday,August,2005,Q3,1.28229,1.30777,1.26738,1.29652,287084645
08-08-2005,Monday,August,2005,Q3,1.29681,1.30451,1.28497,1.28613,209384927.3
09-08-2005,Tuesday,August,2005,Q3,1.29652,1.32377,1.29403,1.32151,458823656.5
10-08-2005,Wednesday,August,2005,Q3,1.32713,1.33889,1.3063,1.30837,430468063.2
11-08-2005,Thursday,August,2005,Q3,1.30857,1.33068,1.30451,1.32713,322717382.8
12-08-2005,Friday,August,2005,Q3,1.31084,1.39401,1.30777,1.39023,1104542394
15-08-2005,Monday,August,2005,Q3,1.40416,1.4576,1.40101,1.43796,1286663810
16-08-2005,Tuesday,August,2005,Q3,1.42995,1.43253,1.39372,1.3948,637611298.8
17-08-2005,Wednesday,August,2005,Q3,1.40181,1.43074,1.39854,1.42204,600654455.4
18-08-2005,Thursday,August,2005,Q3,1.41753,1.41753,1.37988,1.39635,524063709.6
19-08-2005,Friday,August,2005,Q3,1.3948,1.40862,1.38047,1.38224,452230072.5
22-08-2005,Monday,August,2005,Q3,1.39242,1.41012,1.36495,1.38342,459314801.4
23-08-2005,Tuesday,August,2005,Q3,1.38611,1.39023,1.36673,1.37949,350086869
24-08-2005,Wednesday,August,2005,Q3,1.37562,1.42105,1.37503,1.38047,677254563.5
25-08-2005,Thursday,August,2005,Q3,1.39083,1.40221,1.38164,1.38914,327132895.4
26-08-2005,Friday,August,2005,Q3,1.39372,1.39764,1.36802,1.37949,309126882.7
29-08-2005,Monday,August,2005,Q3,1.36673,1.38826,1.36495,1.38253,302915310
30-08-2005,Tuesday,August,2005,Q3,1.387,1.41118,1.38491,1.40455,614202280.3
31-08-2005,Wednesday,August,2005,Q3,1.41237,1.4183,1.39547,1.41423,477160494.4
01-09-2005,Thursday,September,2005,Q3,1.41753,1.42264,1.39003,1.39519,421861684.9
02-09-2005,Friday,September,2005,Q3,1.40003,1.41138,1.39083,1.39401,263290699.3
06-09-2005,Tuesday,September,2005,Q3,1.40822,1.47429,1.40396,1.47183,969003432.9
07-09-2005,Wednesday,September,2005,Q3,1.47982,1.48992,1.44527,1.46828,1139680643
08-09-2005,Thursday,September,2005,Q3,1.48932,1.51154,1.482,1.50135,831930411.9
09-09-2005,Friday,September,2005,Q3,1.50816,1.54867,1.50175,1.54749,729038140.2
12-09-2005,Monday,September,2005,Q3,1.544,1.55716,1.52536,1.55015,535882048.4
13-09-2005,Tuesday,September,2005,Q3,1.54127,1.54679,1.51755,1.53267,583604947.6
14-09-2005,Wednesday,September,2005,Q3,1.54353,1.54381,1.49176,1.49643,561780708
15-09-2005,Thursday,September,2005,Q3,1.50816,1.5134,1.48773,1.50414,479338789.5
16-09-2005,Friday,September,2005,Q3,1.51458,1.5444,1.50649,1.5444,699638803.2
19-09-2005,Monday,September,2005,Q3,1.53968,1.59518,1.53968,1.58758,927723867
20-09-2005,Tuesday,September,2005,Q3,1.59845,1.62283,1.59597,1.60427,971355120.9
21-09-2005,Wednesday,September,2005,Q3,1.59845,1.59992,1.56417,1.57178,513876882.9
22-09-2005,Thursday,September,2005,Q3,1.56685,1.58255,1.54779,1.56526,549114493.6
23-09-2005,Friday,September,2005,Q3,1.57148,1.61346,1.56347,1.60447,661235415.5
26-09-2005,Monday,September,2005,Q3,1.6341,1.64566,1.60813,1.62373,647183875.6
27-09-2005,Tuesday,September,2005,Q3,1.62847,1.63588,1.61138,1.61168,404579695.6
28-09-2005,Wednesday,September,2005,Q3,1.60052,1.60181,1.52576,1.54058,1332680890
29-09-2005,Thursday,September,2005,Q3,1.544,1.58619,1.53237,1.57879,754133249.7
30-09-2005,Friday,September,2005,Q3,1.57939,1.618,1.56467,1.61681,628553030.5
03-10-2005,Monday,October,2005,Q4,1.63351,1.64508,1.6189,1.64199,600898864
04-10-2005,Tuesday,October,2005,Q4,1.658,1.66935,1.6176,1.62097,638734620.7
05-10-2005,Wednesday,October,2005,Q4,1.63864,1.63962,1.59085,1.59172,723128677.6
06-10-2005,Thursday,October,2005,Q4,1.60773,1.61316,1.53415,1.55934,896801155.3
07-10-2005,Friday,October,2005,Q4,1.56042,1.56615,1.52447,1.54709,802693718.4
10-10-2005,Monday,October,2005,Q4,1.56526,1.56556,1.51646,1.51905,600848001.9
11-10-2005,Tuesday,October,2005,Q4,1.5462,1.56437,1.51993,1.55587,1437571649
12-10-2005,Wednesday,October,2005,Q4,1.46708,1.51706,1.44367,1.48534,3192310265
13-10-2005,Thursday,October,2005,Q4,1.49374,1.62709,1.48593,1.62067,2207777470
14-10-2005,Friday,October,2005,Q4,1.62067,1.63933,1.59201,1.62847,1226180147
17-10-2005,Monday,October,2005,Q4,1.62847,1.63558,1.58877,1.61168,730362791.5
18-10-2005,Tuesday,October,2005,Q4,1.60605,1.62709,1.57445,1.57475,721663737.5
19-10-2005,Wednesday,October,2005,Q4,1.57048,1.6576,1.5444,1.65701,1194112633
20-10-2005,Thursday,October,2005,Q4,1.64851,1.70415,1.63933,1.69314,1607097620
21-10-2005,Friday,October,2005,Q4,1.71856,1.71856,1.66974,1.67854,940608416.5
24-10-2005,Monday,October,2005,Q4,1.67519,1.71291,1.66155,1.71291,724292427
25-10-2005,Tuesday,October,2005,Q4,1.70105,1.71459,1.67944,1.69197,552095257.3
26-10-2005,Wednesday,October,2005,Q4,1.69753,1.73601,1.68644,1.72013,749215355.5
27-10-2005,Thursday,October,2005,Q4,1.71885,1.71945,1.67123,1.67123,487944094.5
28-10-2005,Friday,October,2005,Q4,1.6904,1.70205,1.63381,1.64299,911758965.8
31-10-2005,Monday,October,2005,Q4,1.66601,1.74858,1.65129,1.73701,1117084126
01-11-2005,Tuesday,November,2005,Q4,1.72694,1.75351,1.71528,1.73426,889490288.1
02-11-2005,Wednesday,November,2005,Q4,1.74136,1.80952,1.73721,1.80803,1021582355
03-11-2005,Thursday,November,2005,Q4,1.82611,1.87943,1.81168,1.86541,1046835982
04-11-2005,Friday,November,2005,Q4,1.82126,1.84705,1.79815,1.84428,1039785218
07-11-2005,Monday,November,2005,Q4,1.83529,1.85999,1.81375,1.81652,755001850.8
08-11-2005,Tuesday,November,2005,Q4,1.80803,1.82106,1.78246,1.80646,560648339.5
09-11-2005,Wednesday,November,2005,Q4,1.81405,1.84605,1.80952,1.81286,630357419.2
10-11-2005,Thursday,November,2005,Q4,1.82976,1.84585,1.77987,1.84516,790821487.1
11-11-2005,Friday,November,2005,Q4,1.85484,1.87311,1.84989,1.85593,503357513.8
14-11-2005,Monday,November,2005,Q4,1.85593,1.86936,1.83706,1.85336,437893255.1
15-11-2005,Tuesday,November,2005,Q4,1.8578,1.90245,1.85366,1.87836,640138052.4
16-11-2005,Wednesday,November,2005,Q4,1.90758,1.96221,1.90285,1.95884,926601955.5
17-11-2005,Thursday,November,2005,Q4,1.9786,1.98698,1.93762,1.94582,800566089
18-11-2005,Friday,November,2005,Q4,1.96982,1.97337,1.94126,1.94701,621387057.8
21-11-2005,Monday,November,2005,Q4,1.9551,1.96624,1.9219,1.95914,605428226.5
22-11-2005,Tuesday,November,2005,Q4,1.96003,2.01347,1.94582,2.00606,639731855.9
23-11-2005,Wednesday,November,2005,Q4,2.0181,2.05042,2.01129,2.02403,575216118.8
25-11-2005,Friday,November,2005,Q4,2.0359,2.09731,2.0359,2.09128,467760417.5
28-11-2005,Monday,November,2005,Q4,2.13326,2.14315,2.08299,2.10107,1205373982
29-11-2005,Tuesday,November,2005,Q4,2.11114,2.12024,2.03133,2.05385,1054954294
30-11-2005,Wednesday,November,2005,Q4,2.06393,2.07636,2.03647,2.04564,703344298.1
01-12-2005,Thursday,December,2005,Q4,2.07756,2.16359,2.07511,2.15974,961468703.3
02-12-2005,Friday,December,2005,Q4,2.17485,2.19361,2.13218,2.19035,1060364465
05-12-2005,Monday,December,2005,Q4,2.1705,2.18739,2.15627,2.16626,683842597
06-12-2005,Tuesday,December,2005,Q4,2.23115,2.25664,2.21209,2.23381,1012079947
07-12-2005,Wednesday,December,2005,Q4,2.23885,2.24536,2.20508,2.23065,801184186.4
08-12-2005,Thursday,December,2005,Q4,2.20704,2.23717,2.18947,2.2348,931895673.7
09-12-2005,Friday,December,2005,Q4,2.23885,2.24943,2.21209,2.24123,657589865.7
12-12-2005,Monday,December,2005,Q4,2.26086,2.27301,2.24844,2.25919,621630014.5
13-12-2005,Tuesday,December,2005,Q4,2.2587,2.27639,2.23816,2.26106,584360338.8
14-12-2005,Wednesday,December,2005,Q4,2.18966,2.21041,2.11954,2.17189,1715688381
15-12-2005,Thursday,December,2005,Q4,2.19184,2.19767,2.15174,2.1772,664063211.1
16-12-2005,Friday,December,2005,Q4,2.17584,2.18068,2.14285,2.14453,789340137.6
19-12-2005,Monday,December,2005,Q4,2.14215,2.18947,2.14215,2.15294,626119619.8
20-12-2005,Tuesday,December,2005,Q4,2.15904,2.18314,2.14473,2.17485,567058163.6
21-12-2005,Wednesday,December,2005,Q4,2.18839,2.21998,2.18769,2.21682,559350658.7
22-12-2005,Thursday,December,2005,Q4,2.22957,2.24636,2.21978,2.23302,438842970.4
23-12-2005,Friday,December,2005,Q4,2.23667,2.23973,2.21041,2.21209,272004810
27-12-2005,Tuesday,December,2005,Q4,2.23361,2.26749,2.23065,2.23885,698917360.6
28-12-2005,Wednesday,December,2005,Q4,2.24183,2.25436,2.2111,2.2191,470977765.4
29-12-2005,Thursday,December,2005,Q4,2.2269,2.2269,2.15401,2.15489,580255105
30-12-2005,Friday,December,2005,Q4,2.1386,2.18453,2.12162,2.16823,739167336.3
03-01-2006,Tuesday,January,2006,Q1,2.18393,2.25406,2.1792,2.25406,952119909.8
04-01-2006,Wednesday,January,2006,Q1,2.26749,2.29129,2.24675,2.26086,733141664.9
05-01-2006,Thursday,January,2006,Q1,2.2587,2.2587,2.22463,2.24279,530393401.7
06-01-2006,Friday,January,2006,Q1,2.26967,2.31322,2.24794,2.3006,834010057.6
09-01-2006,Monday,January,2006,Q1,2.3162,2.32814,2.28438,2.29359,799174601.6
10-01-2006,Tuesday,January,2006,Q1,2.2993,2.46927,2.28705,2.43875,2699190121
11-01-2006,Wednesday,January,2006,Q1,2.52845,2.55728,2.49101,2.53011,1767245069
12-01-2006,Thursday,January,2006,Q1,2.5622,2.60596,2.52183,2.54217,1515290374
13-01-2006,Friday,January,2006,Q1,2.56439,2.59423,2.55107,2.5811,918475436
17-01-2006,Tuesday,January,2006,Q1,2.58228,2.60516,2.52914,2.55449,987903976.5
18-01-2006,Wednesday,January,2006,Q1,2.50631,2.53477,2.46808,2.48824,1412737862
19-01-2006,Thursday,January,2006,Q1,2.45515,2.46326,2.37475,2.38413,2007821172
20-01-2006,Friday,January,2006,Q1,2.39124,2.41347,2.28705,2.29427,1346682653
23-01-2006,Monday,January,2006,Q1,2.29641,2.39944,2.29159,2.34256,1254807411
24-01-2006,Tuesday,January,2006,Q1,2.37593,2.39481,2.28537,2.29329,1350563301
25-01-2006,Wednesday,January,2006,Q1,2.33555,2.33753,2.20872,2.23786,1510458941
26-01-2006,Thursday,January,2006,Q1,2.25188,2.27539,2.16961,2.18156,1396904725
27-01-2006,Friday,January,2006,Q1,2.19826,2.21978,2.14404,2.17239,1129145299
30-01-2006,Monday,January,2006,Q1,2.14966,2.30996,2.13702,2.26176,1648694434
31-01-2006,Tuesday,January,2006,Q1,2.27758,2.30199,2.22463,2.27787,1080257498
01-02-2006,Wednesday,February,2006,Q1,2.26176,2.30551,2.25099,2.27519,617122543
02-02-2006,Thursday,February,2006,Q1,2.27204,2.27331,2.17307,2.17475,836916939.3
03-02-2006,Friday,February,2006,Q1,2.18,2.19529,2.14215,2.16665,819550142.3
06-02-2006,Monday,February,2006,Q1,2.17653,2.18671,2.01288,2.02976,1955875297
07-02-2006,Tuesday,February,2006,Q1,2.06106,2.09554,2.011,2.03894,1642865816
08-02-2006,Wednesday,February,2006,Q1,2.06483,2.08337,1.99066,2.07511,1128507233
09-02-2006,Thursday,February,2006,Q1,2.08725,2.08793,1.94612,1.95884,1360955191
10-02-2006,Friday,February,2006,Q1,1.96428,2.04102,1.89701,2.03015,2082863058
13-02-2006,Monday,February,2006,Q1,2.00606,2.01317,1.94946,1.95163,1045841157
14-02-2006,Tuesday,February,2006,Q1,1.96368,2.05385,1.96033,2.04012,1374554990
15-02-2006,Wednesday,February,2006,Q1,2.03015,2.09978,2.01317,2.08754,1357823876
16-02-2006,Thursday,February,2006,Q1,2.11114,2.14135,2.09554,2.12825,1122597401
17-02-2006,Friday,February,2006,Q1,2.12074,2.13762,2.09958,2.12004,681973222.1
21-02-2006,Tuesday,February,2006,Q1,2.13,2.13475,2.07114,2.08337,922861803.2
22-02-2006,Wednesday,February,2006,Q1,2.08241,2.1617,2.051,2.15086,1158285752
23-02-2006,Thursday,February,2006,Q1,2.16497,2.20161,2.1542,2.16428,1014387572
24-02-2006,Friday,February,2006,Q1,2.17327,2.19826,2.14728,2.15538,633180801.3
27-02-2006,Monday,February,2006,Q1,2.17209,2.17534,2.13059,2.14067,936704503
28-02-2006,Tuesday,February,2006,Q1,2.15974,2.18363,2.05385,2.06562,1498835636
01-03-2006,Wednesday,March,2006,Q1,2.08093,2.09583,2.05159,2.08397,903468355
02-03-2006,Thursday,March,2006,Q1,2.08151,2.11114,2.07084,2.09958,740287321.1
03-03-2006,Friday,March,2006,Q1,2.09089,2.10868,2.03677,2.04252,872948801.4
06-03-2006,Monday,March,2006,Q1,2.03894,2.04252,1.95844,1.97484,1080448630
07-03-2006,Tuesday,March,2006,Q1,1.98344,2.01751,1.96269,1.99984,1032837990
08-03-2006,Wednesday,March,2006,Q1,2.0013,2.0268,1.97099,1.98037,772303655.4
09-03-2006,Thursday,March,2006,Q1,1.99329,2.00458,1.92448,1.92822,946092569.8
10-03-2006,Friday,March,2006,Q1,1.93268,1.94502,1.88348,1.9057,1235025877
13-03-2006,Monday,March,2006,Q1,1.96368,1.99895,1.95402,1.98097,1019648133
14-03-2006,Tuesday,March,2006,Q1,1.98424,2.03044,1.97554,2.03044,760164601.1
15-03-2006,Wednesday,March,2006,Q1,2.04564,2.05216,1.97613,1.99747,1056234717
16-03-2006,Thursday,March,2006,Q1,2.01732,2.01751,1.93911,1.93941,887016855.9
17-03-2006,Friday,March,2006,Q1,1.95243,1.97673,1.93365,1.95015,961432316.7
20-03-2006,Monday,March,2006,Q1,1.96684,1.97424,1.92625,1.93001,716727654
21-03-2006,Tuesday,March,2006,Q1,1.93911,1.94037,1.85149,1.86422,1590713333
22-03-2006,Wednesday,March,2006,Q1,1.87777,1.90758,1.84804,1.85999,1593616010
23-03-2006,Thursday,March,2006,Q1,1.86057,1.86699,1.79795,1.81435,1689196773
24-03-2006,Friday,March,2006,Q1,1.81781,1.83795,1.78047,1.80833,1269282007
27-03-2006,Monday,March,2006,Q1,1.81652,1.85119,1.79154,1.79478,1309618344
28-03-2006,Tuesday,March,2006,Q1,1.80024,1.81375,1.75677,1.77079,1619880216
29-03-2006,Wednesday,March,2006,Q1,1.78345,1.88557,1.73929,1.87983,2770617798
30-03-2006,Thursday,March,2006,Q1,1.89564,1.90917,1.85573,1.89258,1644071581
31-03-2006,Friday,March,2006,Q1,1.90729,1.91846,1.87717,1.89168,960222749.3
03-04-2006,Monday,April,2006,Q2,1.91993,1.93404,1.88832,1.88951,965969867.1
04-04-2006,Tuesday,April,2006,Q2,1.87311,1.87657,1.84131,1.84486,1103499926
05-04-2006,Wednesday,April,2006,Q2,1.95163,2.0271,1.93483,2.0271,2643351313
06-04-2006,Thursday,April,2006,Q2,2.05978,2.17307,2.05693,2.14856,3149316701
07-04-2006,Friday,April,2006,Q2,2.13801,2.14748,2.06503,2.10492,1829715035
10-04-2006,Monday,April,2006,Q2,2.11864,2.1388,2.06453,2.07084,1069734527
11-04-2006,Tuesday,April,2006,Q2,2.08171,2.0901,2.02274,2.05072,1112143076
12-04-2006,Wednesday,April,2006,Q2,2.05504,2.05604,1.99964,2.01188,875810502.1
13-04-2006,Thursday,April,2006,Q2,1.99964,2.03411,1.98483,2.00429,869923913.6
17-04-2006,Monday,April,2006,Q2,2.00576,2.01572,1.94066,1.95471,854349610.6
18-04-2006,Tuesday,April,2006,Q2,1.96033,2.00458,1.95402,1.99719,940114019.4
19-04-2006,Wednesday,April,2006,Q2,2.01514,2.02069,1.97464,1.98007,1272688869
20-04-2006,Thursday,April,2006,Q2,2.09612,2.11133,1.99659,2.03983,1973471645
21-04-2006,Friday,April,2006,Q2,2.06503,2.07004,2.00458,2.02186,934186136.8
24-04-2006,Monday,April,2006,Q2,2.0181,2.0181,1.97554,1.98304,837067317.5
25-04-2006,Tuesday,April,2006,Q2,1.98977,2.00822,1.97732,1.99569,625864671.2
26-04-2006,Wednesday,April,2006,Q2,2.00852,2.0592,2.0024,2.05534,841691074.9
27-04-2006,Thursday,April,2006,Q2,2.04322,2.10709,2.03133,2.09188,1001642759
28-04-2006,Friday,April,2006,Q2,2.08853,2.15036,2.08695,2.12289,898749498
01-05-2006,Monday,May,2006,Q2,2.13426,2.15767,2.08577,2.09909,888301455.4
02-05-2006,Tuesday,May,2006,Q2,2.11598,2.17099,2.1147,2.16024,913016402.4
03-05-2006,Wednesday,May,2006,Q2,2.1698,2.1698,2.11698,2.14543,813235933.2
04-05-2006,Thursday,May,2006,Q2,2.14265,2.19826,2.12517,2.14493,1018818487
05-05-2006,Friday,May,2006,Q2,2.16873,2.1792,2.14563,2.16823,666545708
08-05-2006,Monday,May,2006,Q2,2.19846,2.2261,2.16339,2.16823,704225038.9
09-05-2006,Tuesday,May,2006,Q2,2.16567,2.18839,2.1298,2.14195,629379848.4
10-05-2006,Wednesday,May,2006,Q2,2.15036,2.15134,2.09958,2.12912,544578403.2
11-05-2006,Thursday,May,2006,Q2,2.13159,2.13614,2.03735,2.05534,959531207.4
12-05-2006,Friday,May,2006,Q2,2.05534,2.07144,2.01632,2.04192,759955741.8
15-05-2006,Monday,May,2006,Q2,2.02432,2.06235,2.02432,2.04466,626338032.9
16-05-2006,Tuesday,May,2006,Q2,2.0584,2.0584,1.95273,1.95973,1109139380
17-05-2006,Wednesday,May,2006,Q2,1.95442,1.98166,1.93248,1.96833,882199533.8
18-05-2006,Thursday,May,2006,Q2,1.9786,1.99835,1.90364,1.9054,779410155.8
19-05-2006,Friday,May,2006,Q2,1.9054,1.95687,1.89465,1.94552,1167361615
22-05-2006,Monday,May,2006,Q2,1.92419,1.93001,1.89317,1.91164,850639110
23-05-2006,Tuesday,May,2006,Q2,1.95627,1.96624,1.90008,1.90462,822277057
24-05-2006,Wednesday,May,2006,Q2,1.89859,1.91963,1.85652,1.91036,1084696109
25-05-2006,Thursday,May,2006,Q2,1.93792,1.94363,1.90877,1.94008,548699490.5
26-05-2006,Friday,May,2006,Q2,1.93911,1.94701,1.90423,1.91638,512642847.9
30-05-2006,Tuesday,May,2006,Q2,1.90423,1.90917,1.84605,1.84645,666639772.9
31-05-2006,Wednesday,May,2006,Q2,1.86264,1.86354,1.77012,1.80269,1516452445
01-06-2006,Thursday,June,2006,Q2,1.80506,1.87836,1.79508,1.87499,1116033065
02-06-2006,Friday,June,2006,Q2,1.89919,1.90305,1.83627,1.85969,811954379.2
05-06-2006,Monday,June,2006,Q2,1.84428,1.84428,1.80863,1.80952,717178850.4
06-06-2006,Tuesday,June,2006,Q2,1.81692,1.82857,1.77692,1.80112,859749787.5
07-06-2006,Wednesday,June,2006,Q2,1.81108,1.82156,1.75982,1.76604,887203328.2
08-06-2006,Thursday,June,2006,Q2,1.76022,1.83765,1.72367,1.83253,1654190733
09-06-2006,Friday,June,2006,Q2,1.84546,1.85652,1.78246,1.78678,918671398.2
12-06-2006,Monday,June,2006,Q2,1.79263,1.8015,1.71796,1.71925,849766750.5
13-06-2006,Tuesday,June,2006,Q2,1.73751,1.78246,1.73,1.75922,1278617734
14-06-2006,Wednesday,June,2006,Q2,1.75922,1.77276,1.70976,1.73751,1039561836
15-06-2006,Thursday,June,2006,Q2,1.73267,1.8017,1.71165,1.79084,1409473492
16-06-2006,Friday,June,2006,Q2,1.77928,1.78531,1.73455,1.73601,992324138.5
19-06-2006,Monday,June,2006,Q2,1.74302,1.75471,1.71925,1.72517,834027506.7
20-06-2006,Tuesday,June,2006,Q2,1.73751,1.75982,1.72791,1.73327,795860177.7
21-06-2006,Wednesday,June,2006,Q2,1.74185,1.77079,1.72821,1.74491,1022057020
22-06-2006,Thursday,June,2006,Q2,1.75132,1.80209,1.75132,1.79696,1143973717
23-06-2006,Friday,June,2006,Q2,1.80112,1.81475,1.77137,1.77435,781497724.2
26-06-2006,Monday,June,2006,Q2,1.78432,1.78551,1.76042,1.77928,552171422.5
27-06-2006,Tuesday,June,2006,Q2,1.78315,1.78619,1.7312,1.73208,649633512.4
28-06-2006,Wednesday,June,2006,Q2,1.72821,1.72821,1.67123,1.68942,1007137083
29-06-2006,Thursday,June,2006,Q2,1.71291,1.78226,1.70075,1.77858,1032148909
30-06-2006,Friday,June,2006,Q2,1.73641,1.74165,1.70415,1.72724,873392091.3
03-07-2006,Monday,July,2006,Q3,1.7295,1.75471,1.7295,1.74769,230643440.4
05-07-2006,Wednesday,July,2006,Q3,1.7221,1.73721,1.70589,1.71925,613562486.4
06-07-2006,Thursday,July,2006,Q3,1.72517,1.7312,1.67695,1.68191,749735485.9
07-07-2006,Friday,July,2006,Q3,1.67578,1.70561,1.6488,1.67093,946167390.4
10-07-2006,Monday,July,2006,Q3,1.68072,1.70385,1.64389,1.6588,626649558.1
11-07-2006,Tuesday,July,2006,Q3,1.66155,1.68853,1.64488,1.67814,976885857.7
12-07-2006,Wednesday,July,2006,Q3,1.66431,1.66601,1.59567,1.59727,1097194393
13-07-2006,Thursday,July,2006,Q3,1.56979,1.63242,1.55054,1.57593,1479872538
14-07-2006,Friday,July,2006,Q3,1.58314,1.59518,1.51272,1.52822,1175532847
17-07-2006,Monday,July,2006,Q3,1.55775,1.60181,1.55775,1.57959,1213216277
18-07-2006,Tuesday,July,2006,Q3,1.60427,1.62402,1.56377,1.59537,1185541259
19-07-2006,Wednesday,July,2006,Q3,1.59697,1.66126,1.57939,1.63173,1645194799
20-07-2006,Thursday,July,2006,Q3,1.83864,1.8575,1.80112,1.82452,2335336930
21-07-2006,Friday,July,2006,Q3,1.80112,1.84428,1.79875,1.83133,1056149165
24-07-2006,Monday,July,2006,Q3,1.84605,1.87281,1.82246,1.85248,855833104.5
25-07-2006,Tuesday,July,2006,Q3,1.86384,1.87251,1.83312,1.86759,697507556.2
26-07-2006,Wednesday,July,2006,Q3,1.87105,1.94946,1.86029,1.92625,1063847349
27-07-2006,Thursday,July,2006,Q3,1.94522,1.96103,1.89594,1.91212,870410129.8
28-07-2006,Friday,July,2006,Q3,1.92852,1.98097,1.91528,1.97821,818806089.9
31-07-2006,Monday,July,2006,Q3,2.01543,2.06965,1.99895,2.04993,1057266343
01-08-2006,Tuesday,August,2006,Q3,2.0274,2.04893,1.98878,2.0261,841144765.7
02-08-2006,Wednesday,August,2006,Q3,2.03953,2.07114,2.0362,2.05574,652065018.6
03-08-2006,Thursday,August,2006,Q3,2.04694,2.11133,2.04496,2.0988,995865112.8
04-08-2006,Friday,August,2006,Q3,2.02128,2.06907,1.95914,2.05978,2194030151
07-08-2006,Monday,August,2006,Q3,2.04351,2.09909,1.99984,2.0271,1474752363
08-08-2006,Tuesday,August,2006,Q3,2.02363,2.02403,1.94552,1.95372,1181388792
09-08-2006,Wednesday,August,2006,Q3,1.97099,1.9786,1.91212,1.91787,1131504418
10-08-2006,Thursday,August,2006,Q3,1.90462,1.95471,1.89098,1.93248,826171685
11-08-2006,Friday,August,2006,Q3,1.90729,1.93424,1.88745,1.91963,920596442.6
14-08-2006,Monday,August,2006,Q3,1.92822,1.96704,1.91817,1.92852,849642733.3
15-08-2006,Tuesday,August,2006,Q3,1.96744,2.00556,1.95442,2.00399,1019952913
16-08-2006,Wednesday,August,2006,Q3,2.02215,2.05296,2.00041,2.05042,925134094.3
17-08-2006,Thursday,August,2006,Q3,2.051,2.07064,2.0261,2.03864,682487406.1
18-08-2006,Friday,August,2006,Q3,2.04222,2.06295,2.02849,2.04833,635080370.6
21-08-2006,Monday,August,2006,Q3,2.03015,2.03015,1.99499,2.00735,622969661.8
22-08-2006,Tuesday,August,2006,Q3,2.00921,2.06048,2.00556,2.03953,683060756.7
23-08-2006,Wednesday,August,2006,Q3,2.05246,2.07034,2.01879,2.03015,632665360.8
24-08-2006,Thursday,August,2006,Q3,2.04953,2.05664,1.99865,2.04536,775604113.1
25-08-2006,Friday,August,2006,Q3,2.03044,2.08241,2.03015,2.07332,644074661
28-08-2006,Monday,August,2006,Q3,2.06413,2.06907,2.011,2.02009,874077876.2
29-08-2006,Tuesday,August,2006,Q3,2.02009,2.02849,1.96398,2.00487,1121788746
30-08-2006,Wednesday,August,2006,Q3,2.02829,2.04564,2.011,2.01949,805494254.8
31-08-2006,Thursday,August,2006,Q3,2.0264,2.05978,2.0103,2.04664,680455390.7
01-09-2006,Friday,September,2006,Q3,2.06503,2.07034,2.04564,2.06235,483722350.1
05-09-2006,Tuesday,September,2006,Q3,2.0754,2.15647,2.0674,2.15577,1198583206
06-09-2006,Wednesday,September,2006,Q3,2.14375,2.1624,2.10217,2.11223,1153421301
07-09-2006,Thursday,September,2006,Q3,2.13039,2.21612,2.11884,2.19549,1501418251
08-09-2006,Friday,September,2006,Q3,2.2113,2.2191,2.16892,2.187,1060860387
11-09-2006,Monday,September,2006,Q3,2.187,2.22394,2.15401,2.18651,1123619257
12-09-2006,Tuesday,September,2006,Q3,2.19599,2.21515,2.15489,2.19035,1994804864
13-09-2006,Wednesday,September,2006,Q3,2.19797,2.24123,2.18068,2.23786,1357162713
14-09-2006,Thursday,September,2006,Q3,2.2259,2.25178,2.21565,2.23717,949336615.9
15-09-2006,Friday,September,2006,Q3,2.25436,2.26106,2.20991,2.235,1162659967
18-09-2006,Monday,September,2006,Q3,2.2261,2.25752,2.21041,2.22887,835145466.5
19-09-2006,Tuesday,September,2006,Q3,2.23145,2.24231,2.19549,2.22531,840811778.9
20-09-2006,Wednesday,September,2006,Q3,2.24378,2.2827,2.23836,2.26987,973872345.1
21-09-2006,Thursday,September,2006,Q3,2.27204,2.29379,2.23302,2.25099,940340554.7
22-09-2006,Friday,September,2006,Q3,2.24103,2.24163,2.18898,2.20161,787583538.1
25-09-2006,Monday,September,2006,Q3,2.2261,2.28782,2.22375,2.28458,1017121619
26-09-2006,Tuesday,September,2006,Q3,2.29496,2.34611,2.29496,2.34067,1305990663
27-09-2006,Wednesday,September,2006,Q3,2.32903,2.33654,2.28685,2.30391,959566130
28-09-2006,Thursday,September,2006,Q3,2.32399,2.33674,2.2906,2.32282,856594734.7
29-09-2006,Friday,September,2006,Q3,2.32903,2.3383,2.31252,2.32182,480501373.5
02-10-2006,Monday,October,2006,Q4,2.26206,2.28822,2.24073,2.25752,843626128.7
03-10-2006,Tuesday,October,2006,Q4,2.24348,2.26018,2.20704,2.2348,936250480.8
04-10-2006,Wednesday,October,2006,Q4,2.23115,2.27639,2.20617,2.274,981013947.3
05-10-2006,Thursday,October,2006,Q4,2.24675,2.29641,2.23599,2.25664,798060629.9
06-10-2006,Friday,October,2006,Q4,2.24507,2.26305,2.2264,2.23836,552880941.1
09-10-2006,Monday,October,2006,Q4,2.2261,2.26445,2.21772,2.25061,518922410.8
10-10-2006,Tuesday,October,2006,Q4,2.24923,2.24923,2.20399,2.2264,629261281.4
11-10-2006,Wednesday,October,2006,Q4,2.21861,2.23184,2.18947,2.20823,677063602.9
12-10-2006,Thursday,October,2006,Q4,2.22444,2.2743,2.21978,2.26987,701941395.9
13-10-2006,Friday,October,2006,Q4,2.2822,2.31914,2.25356,2.26256,810070172.3
16-10-2006,Monday,October,2006,Q4,2.26375,2.28852,2.25505,2.2745,602339884.2
17-10-2006,Tuesday,October,2006,Q4,2.26464,2.27027,2.23361,2.24053,569347440.1
18-10-2006,Wednesday,October,2006,Q4,2.25505,2.37031,2.22957,2.24754,1328403146
19-10-2006,Thursday,October,2006,Q4,2.39025,2.4108,2.35726,2.38284,1794825623
20-10-2006,Friday,October,2006,Q4,2.38185,2.41169,2.37258,2.4108,757170363.2
23-10-2006,Monday,October,2006,Q4,2.41218,2.46946,2.40537,2.45733,985136850
24-10-2006,Tuesday,October,2006,Q4,2.45515,2.46374,2.41831,2.44469,548324767
25-10-2006,Wednesday,October,2006,Q4,2.45259,2.47273,2.44339,2.46374,573822257
26-10-2006,Thursday,October,2006,Q4,2.46719,2.49151,2.44734,2.47866,512306509.7
27-10-2006,Friday,October,2006,Q4,2.46661,2.48685,2.41248,2.42502,704387139.7
30-10-2006,Monday,October,2006,Q4,2.41218,2.44004,2.39727,2.42532,591988114.7
31-10-2006,Tuesday,October,2006,Q4,2.45801,2.46374,2.41911,2.44568,593635485.3
01-11-2006,Wednesday,November,2006,Q4,2.44635,2.45495,2.36338,2.38771,723747573.8
02-11-2006,Thursday,November,2006,Q4,2.37851,2.39193,2.36784,2.38244,551198483.8
03-11-2006,Friday,November,2006,Q4,2.39223,2.39824,2.3463,2.36113,511396498
06-11-2006,Monday,November,2006,Q4,2.38314,2.41417,2.36537,2.40438,509498661.1
07-11-2006,Tuesday,November,2006,Q4,2.42797,2.44319,2.41584,2.42827,622690285
08-11-2006,Wednesday,November,2006,Q4,2.41218,2.49396,2.40933,2.48685,817953225.8
09-11-2006,Thursday,November,2006,Q4,2.50334,2.55399,2.47667,2.51392,1092866663
10-11-2006,Friday,November,2006,Q4,2.52133,2.52133,2.48853,2.507,442669270.9
13-11-2006,Monday,November,2006,Q4,2.50958,2.54659,2.49278,2.54416,533614030.1
14-11-2006,Tuesday,November,2006,Q4,2.55728,2.56389,2.53011,2.56389,697341951.3
15-11-2006,Wednesday,November,2006,Q4,2.56538,2.59074,2.53327,2.53477,774829164.7
16-11-2006,Thursday,November,2006,Q4,2.56013,2.60271,2.55157,2.58188,821601170.1
17-11-2006,Friday,November,2006,Q4,2.56558,2.59213,2.56389,2.58898,552278691.1
20-11-2006,Monday,November,2006,Q4,2.57583,2.62375,2.56952,2.60814,672191300.9
21-11-2006,Tuesday,November,2006,Q4,2.63718,2.67165,2.6269,2.67165,737099039.6
22-11-2006,Wednesday,November,2006,Q4,2.68448,2.73723,2.64961,2.72311,795692257.2
24-11-2006,Friday,November,2006,Q4,2.6999,2.80706,2.69961,2.76409,614663009.2
27-11-2006,Monday,November,2006,Q4,2.78867,2.80924,2.69961,2.70058,1272671641
28-11-2006,Tuesday,November,2006,Q4,2.72644,2.77396,2.71174,2.76932,1226843442
29-11-2006,Wednesday,November,2006,Q4,2.80477,2.80924,2.72162,2.76932,1370026691
30-11-2006,Thursday,November,2006,Q4,2.78107,2.7949,2.74681,2.76509,1030625848
01-12-2006,Friday,December,2006,Q4,2.76932,2.78455,2.71737,2.75372,941505040.2
04-12-2006,Monday,December,2006,Q4,2.77199,2.77644,2.72923,2.74809,840314941.8
05-12-2006,Tuesday,December,2006,Q4,2.76459,2.78455,2.74098,2.75222,784718778.8
06-12-2006,Wednesday,December,2006,Q4,2.73376,2.7559,2.70483,2.70946,754892303
07-12-2006,Thursday,December,2006,Q4,2.71491,2.72923,2.62078,2.62513,1189790571
08-12-2006,Friday,December,2006,Q4,2.6274,2.69643,2.62375,2.66118,928456777
11-12-2006,Monday,December,2006,Q4,2.68055,2.69376,2.65604,2.67639,591588612.7
12-12-2006,Tuesday,December,2006,Q4,2.67165,2.67935,2.5799,2.59785,1224679850
13-12-2006,Wednesday,December,2006,Q4,2.65339,2.68646,2.62839,2.68596,1013401904
14-12-2006,Thursday,December,2006,Q4,2.68448,2.71471,2.66118,2.66996,985158963.6
15-12-2006,Friday,December,2006,Q4,2.6837,2.6913,2.63421,2.64568,875921124.1
18-12-2006,Monday,December,2006,Q4,2.64568,2.65457,2.55058,2.57811,854358389.8
19-12-2006,Tuesday,December,2006,Q4,2.5533,2.61456,2.52183,2.60301,1079051719
20-12-2006,Wednesday,December,2006,Q4,2.60794,2.61406,2.55549,2.55599,672660601.6
21-12-2006,Thursday,December,2006,Q4,2.55599,2.57841,2.47896,2.50068,1069962010
22-12-2006,Friday,December,2006,Q4,2.51825,2.53427,2.46146,2.47896,724125922
26-12-2006,Tuesday,December,2006,Q4,2.47667,2.49081,2.43974,2.4588,580410766.4
27-12-2006,Wednesday,December,2006,Q4,2.35706,2.47273,2.31581,2.459,2291718083
28-12-2006,Thursday,December,2006,Q4,2.41515,2.4509,2.40242,2.43905,1326010562
29-12-2006,Friday,December,2006,Q4,2.53178,2.57583,2.51451,2.55848,1274515064
03-01-2007,Wednesday,January,2007,Q1,2.60223,2.6113,2.46946,2.52706,1466192759
04-01-2007,Thursday,January,2007,Q1,2.53869,2.59243,2.52745,2.58313,1003152670
05-01-2007,Friday,January,2007,Q1,2.58879,2.59944,2.54542,2.56558,988379344.9
08-01-2007,Monday,January,2007,Q1,2.59323,2.60992,2.57229,2.57811,943268428.3
09-01-2007,Tuesday,January,2007,Q1,2.60834,2.80407,2.56852,2.79145,3964841808
10-01-2007,Wednesday,January,2007,Q1,2.85791,2.94978,2.8186,2.92468,3484907152
11-01-2007,Thursday,January,2007,Q1,2.89446,2.91927,2.86811,2.88893,1705498972
12-01-2007,Friday,January,2007,Q1,2.85131,2.86711,2.81189,2.85378,1554189915
16-01-2007,Tuesday,January,2007,Q1,2.88677,2.9321,2.87836,2.92764,1472719969
17-01-2007,Wednesday,January,2007,Q1,2.9409,2.94335,2.8599,2.86403,1924414877
18-01-2007,Thursday,January,2007,Q1,2.77465,2.77793,2.68596,2.68646,2799666772
19-01-2007,Friday,January,2007,Q1,2.67245,2.70404,2.65762,2.66829,1612435319
22-01-2007,Monday,January,2007,Q1,2.68913,2.68933,2.58294,2.61783,1709230960
23-01-2007,Tuesday,January,2007,Q1,2.58512,2.63936,2.5791,2.58442,1429602022
24-01-2007,Wednesday,January,2007,Q1,2.59638,2.62839,2.59638,2.61505,1098590620
25-01-2007,Thursday,January,2007,Q1,2.62809,2.66829,2.59492,2.60123,1072735151
26-01-2007,Friday,January,2007,Q1,2.62591,2.63549,2.5636,2.57534,1168232884
29-01-2007,Monday,January,2007,Q1,2.60123,2.61356,2.5799,2.59213,1067494592
30-01-2007,Tuesday,January,2007,Q1,2.60894,2.60894,2.57109,2.5803,683381716.2
31-01-2007,Wednesday,January,2007,Q1,2.55748,2.59393,2.54416,2.58542,1011852966
01-02-2007,Thursday,February,2007,Q1,2.59785,2.60203,2.55549,2.55549,786477686.6
02-02-2007,Friday,February,2007,Q1,2.53771,2.57109,2.52379,2.55549,735967928.6
05-02-2007,Monday,February,2007,Q1,2.54287,2.5706,2.53158,2.53158,685344357.2
06-02-2007,Tuesday,February,2007,Q1,2.54659,2.54708,2.49939,2.53791,1023146373
07-02-2007,Wednesday,February,2007,Q1,2.54808,2.60516,2.51994,2.59815,1262864912
08-02-2007,Thursday,February,2007,Q1,2.58275,2.60962,2.57613,2.59905,804088028.6
09-02-2007,Friday,February,2007,Q1,2.59024,2.59944,2.50978,2.51154,1018557557
12-02-2007,Monday,February,2007,Q1,2.5461,2.56932,2.52212,2.55994,856713370.5
13-02-2007,Tuesday,February,2007,Q1,2.56932,2.57249,2.54267,2.55429,687600706.7
14-02-2007,Wednesday,February,2007,Q1,2.55206,2.58275,2.55038,2.57279,601532355.1
15-02-2007,Thursday,February,2007,Q1,2.5706,2.58198,2.55649,2.56982,430604360.8
16-02-2007,Friday,February,2007,Q1,2.56667,2.57613,2.55301,2.55828,473333982.3
20-02-2007,Tuesday,February,2007,Q1,2.55038,2.59845,2.53849,2.59074,731330520.9
21-02-2007,Wednesday,February,2007,Q1,2.59561,2.69931,2.59263,2.69051,1368027080
22-02-2007,Thursday,February,2007,Q1,2.73871,2.7392,2.66928,2.6999,992582607.5
23-02-2007,Friday,February,2007,Q1,2.69279,2.72429,2.67955,2.68646,613256015.5
26-02-2007,Monday,February,2007,Q1,2.70996,2.71471,2.64231,2.67343,729449618.8
27-02-2007,Tuesday,February,2007,Q1,2.60203,2.62611,2.5158,2.531,1356388579
28-02-2007,Wednesday,February,2007,Q1,2.54978,2.58128,2.50334,2.55137,1088744021
01-03-2007,Thursday,March,2007,Q1,2.53327,2.66265,2.52536,2.62591,1676183912
02-03-2007,Friday,March,2007,Q1,2.61683,2.64033,2.56982,2.57613,1018283272
05-03-2007,Monday,March,2007,Q1,2.58859,2.67343,2.58642,2.60301,990114676.1
06-03-2007,Tuesday,March,2007,Q1,2.64823,2.66265,2.63649,2.65921,856366325.3
07-03-2007,Wednesday,March,2007,Q1,2.65457,2.6833,2.63788,2.64568,741457152.4
08-03-2007,Thursday,March,2007,Q1,2.67145,2.6754,2.63788,2.65457,605002911.2
09-03-2007,Friday,March,2007,Q1,2.67777,2.67955,2.63649,2.65359,533567235.1
12-03-2007,Monday,March,2007,Q1,2.65457,2.71441,2.65437,2.71046,863758399.9
13-03-2007,Tuesday,March,2007,Q1,2.69643,2.7322,2.66572,2.66572,1027462699
14-03-2007,Wednesday,March,2007,Q1,2.67165,2.71471,2.6522,2.71471,943148199.8
15-03-2007,Thursday,March,2007,Q1,2.71471,2.72469,2.69396,2.70157,662055360.6
16-03-2007,Friday,March,2007,Q1,2.70207,2.71441,2.69396,2.70226,676992813.1
19-03-2007,Monday,March,2007,Q1,2.72132,2.76143,2.70226,2.74839,844304661.2
20-03-2007,Tuesday,March,2007,Q1,2.75422,2.77002,2.74681,2.75886,579187590.2
21-03-2007,Wednesday,March,2007,Q1,2.77465,2.8348,2.76459,2.83126,813805784.6
22-03-2007,Thursday,March,2007,Q1,2.82829,2.84569,2.80477,2.8338,669293096.2
23-03-2007,Friday,March,2007,Q1,2.81417,2.83699,2.81417,2.82049,534283300.4
26-03-2007,Monday,March,2007,Q1,2.8355,2.89248,2.81417,2.89071,1023996835
27-03-2007,Tuesday,March,2007,Q1,2.88597,2.92024,2.86542,2.87866,1095273523
28-03-2007,Wednesday,March,2007,Q1,2.86228,2.87708,2.80924,2.81209,1123328676
29-03-2007,Thursday,March,2007,Q1,2.84014,2.84043,2.78156,2.8273,859209943
30-03-2007,Friday,March,2007,Q1,2.8444,2.85564,2.79738,2.80222,711117445.4
02-04-2007,Monday,April,2007,Q2,2.83916,2.84241,2.80536,2.82443,594301918.6
03-04-2007,Tuesday,April,2007,Q2,2.83877,2.87195,2.8276,2.85001,691474362.1
04-04-2007,Wednesday,April,2007,Q2,2.86374,2.86919,2.83847,2.8431,564590939
05-04-2007,Thursday,April,2007,Q2,2.83798,2.85564,2.82049,2.85564,420993197.1
09-04-2007,Monday,April,2007,Q2,2.87145,2.87392,2.80606,2.82443,489413830.8
10-04-2007,Tuesday,April,2007,Q2,2.82543,2.84241,2.81782,2.84241,417379233.9
11-04-2007,Wednesday,April,2007,Q2,2.83224,2.83353,2.78455,2.79214,650083537.3
12-04-2007,Thursday,April,2007,Q2,2.77694,2.78415,2.73604,2.78038,779817366.8
13-04-2007,Friday,April,2007,Q2,2.74267,2.75619,2.7159,2.72132,852888212.1
16-04-2007,Monday,April,2007,Q2,2.7322,2.75964,2.72162,2.75718,721648206
17-04-2007,Tuesday,April,2007,Q2,2.77565,2.78385,2.70583,2.72449,890221274.4
18-04-2007,Wednesday,April,2007,Q2,2.71885,2.74019,2.70255,2.72624,549388374.6
19-04-2007,Thursday,April,2007,Q2,2.71964,2.75166,2.70946,2.72232,504384314.6
20-04-2007,Friday,April,2007,Q2,2.74721,2.75008,2.73091,2.74415,620522259.6
23-04-2007,Monday,April,2007,Q2,2.76439,2.82909,2.75688,2.81999,924144425.4
24-04-2007,Tuesday,April,2007,Q2,2.8355,2.90818,2.75322,2.81209,1249608019
25-04-2007,Wednesday,April,2007,Q2,2.84291,2.87708,2.82909,2.87512,1405078893
26-04-2007,Thursday,April,2007,Q2,3.06306,3.0916,2.9646,2.98078,2058017918
27-04-2007,Friday,April,2007,Q2,2.95994,3.01496,2.94632,3.01396,828214618
30-04-2007,Monday,April,2007,Q2,3.01793,3.04596,3.00587,3.01002,730034573.5
01-05-2007,Tuesday,May,2007,Q2,3.0034,3.02682,2.97279,3.00005,630577184.9
02-05-2007,Wednesday,May,2007,Q2,3.0054,3.03273,3.00005,3.0284,598246900.5
03-05-2007,Thursday,May,2007,Q2,3.03697,3.05862,3.01694,3.02859,682170659.5
04-05-2007,Friday,May,2007,Q2,3.03905,3.06375,3.03154,3.04044,452349817
07-05-2007,Monday,May,2007,Q2,3.04795,3.14742,3.04616,3.13428,1020211811
08-05-2007,Tuesday,May,2007,Q2,3.11887,3.17141,3.11858,3.16874,928444993.7
09-05-2007,Wednesday,May,2007,Q2,3.16411,3.22583,3.16331,3.22286,849898829.1
10-05-2007,Thursday,May,2007,Q2,3.21713,3.28231,3.1948,3.23718,1417596593
11-05-2007,Friday,May,2007,Q2,3.24341,3.29151,3.21991,3.27954,771193817.8
14-05-2007,Monday,May,2007,Q2,3.30859,3.31758,3.26445,3.29842,772012305
15-05-2007,Tuesday,May,2007,Q2,3.30493,3.32312,3.2116,3.24283,1130319450
16-05-2007,Wednesday,May,2007,Q2,3.27194,3.28202,3.11858,3.23718,1334846697
17-05-2007,Thursday,May,2007,Q2,3.23422,3.31373,3.23126,3.30098,872505058.9
18-05-2007,Friday,May,2007,Q2,3.32409,3.33645,3.31106,3.31797,735072444
21-05-2007,Monday,May,2007,Q2,3.32627,3.39117,3.31876,3.37664,757737876.8
22-05-2007,Tuesday,May,2007,Q2,3.39245,3.43046,3.37763,3.42455,677825859.8
23-05-2007,Wednesday,May,2007,Q2,3.43906,3.46839,3.3956,3.4055,1079187591
24-05-2007,Thursday,May,2007,Q2,3.40291,3.45228,3.32836,3.33823,1050783853
25-05-2007,Friday,May,2007,Q2,3.37763,3.43145,3.36332,3.42683,749405171
29-05-2007,Tuesday,May,2007,Q2,3.45526,3.46446,3.39878,3.44876,764599520
30-05-2007,Wednesday,May,2007,Q2,3.44756,3.58603,3.42415,3.58258,1750972685
31-05-2007,Thursday,May,2007,Q2,3.62139,3.68332,3.6048,3.65518,1535467536
01-06-2007,Friday,June,2007,Q2,3.6522,3.65518,3.56717,3.57073,1047096108
04-06-2007,Monday,June,2007,Q2,3.57812,3.67145,3.55571,3.6599,1049891250
05-06-2007,Tuesday,June,2007,Q2,3.6618,3.7009,3.63423,3.70012,1090428400
06-06-2007,Wednesday,June,2007,Q2,3.68953,3.7404,3.6773,3.72875,1316991815
07-06-2007,Thursday,June,2007,Q2,3.76984,3.84827,3.71602,3.74069,2268885645
08-06-2007,Friday,June,2007,Q2,3.78871,3.79444,3.68756,3.75471,1470329492
11-06-2007,Monday,June,2007,Q2,3.80025,3.80461,3.6048,3.62474,2219434266
12-06-2007,Tuesday,June,2007,Q2,3.59945,3.67107,3.56797,3.63098,1689291446
13-06-2007,Wednesday,June,2007,Q2,3.65319,3.65518,3.47995,3.54367,2038716055
14-06-2007,Thursday,June,2007,Q2,3.53488,3.60164,3.51147,3.58178,1152506961
15-06-2007,Friday,June,2007,Q2,3.63719,3.63887,3.61488,3.63423,960558457.7
18-06-2007,Monday,June,2007,Q2,3.71887,3.77517,3.69594,3.7723,1078265715
19-06-2007,Tuesday,June,2007,Q2,3.76194,3.77014,3.70772,3.72935,1116773063
20-06-2007,Wednesday,June,2007,Q2,3.73576,3.75996,3.66464,3.66613,1062828862
21-06-2007,Thursday,June,2007,Q2,3.6686,3.7479,3.64036,3.73646,1026523363
22-06-2007,Friday,June,2007,Q2,3.73517,3.75364,3.69053,3.71007,748245885.6
25-06-2007,Monday,June,2007,Q2,3.74535,3.7723,3.65121,3.68923,1143190331
26-06-2007,Tuesday,June,2007,Q2,3.73893,3.73912,3.5806,3.60815,1588389327
27-06-2007,Wednesday,June,2007,Q2,3.63819,3.68016,3.5971,3.6762,1154234182
28-06-2007,Thursday,June,2007,Q2,3.69378,3.69417,3.61942,3.63619,993209332.2
29-06-2007,Friday,June,2007,Q2,3.67896,3.73912,3.6522,3.68016,1343306947
02-07-2007,Monday,July,2007,Q3,3.65279,3.68134,3.59749,3.65774,1178414815
03-07-2007,Tuesday,July,2007,Q3,3.67896,3.84242,3.66464,3.83571,1376572220
05-07-2007,Thursday,July,2007,Q3,3.88479,4.00985,3.88145,4.00324,1718358187
06-07-2007,Friday,July,2007,Q3,4.01567,4.0215,3.9329,3.99028,1035222792
09-07-2007,Monday,July,2007,Q3,3.99028,4.00816,3.89637,3.93102,1177985732
10-07-2007,Tuesday,July,2007,Q3,3.89239,4.05616,3.88538,3.99206,1484947040
11-07-2007,Wednesday,July,2007,Q3,3.9808,4.03296,3.96046,3.99325,971621666.5
12-07-2007,Thursday,July,2007,Q3,4.03601,4.04855,3.99325,4.04282,833900103.8
13-07-2007,Friday,July,2007,Q3,4.07166,4.15819,4.05645,4.15425,1074048302
16-07-2007,Monday,July,2007,Q3,4.17842,4.22169,4.14762,4.1646,1108032095
17-07-2007,Tuesday,July,2007,Q3,4.17004,4.21123,4.14762,4.1892,839147431
18-07-2007,Wednesday,July,2007,Q3,4.16748,4.17449,4.10318,4.1651,896192202.8
19-07-2007,Thursday,July,2007,Q3,4.23098,4.24659,4.213,4.22219,866611377
20-07-2007,Friday,July,2007,Q3,4.27334,4.34882,4.22219,4.33587,1377531157
23-07-2007,Monday,July,2007,Q3,4.32531,4.37993,4.25073,4.33399,1224986478
24-07-2007,Tuesday,July,2007,Q3,4.18752,4.25292,4.0458,4.06743,2124725423
25-07-2007,Wednesday,July,2007,Q3,4.14445,4.172,4.07166,4.14012,1776332858
26-07-2007,Thursday,July,2007,Q3,4.40156,4.47899,4.13093,4.40323,2588907569
27-07-2007,Friday,July,2007,Q3,4.40738,4.49122,4.33626,4.33854,1371480994
30-07-2007,Monday,July,2007,Q3,4.35126,4.38703,4.21024,4.26575,1311787544
31-07-2007,Tuesday,July,2007,Q3,4.31296,4.32727,3.96718,3.97389,2083455150
01-08-2007,Wednesday,August,2007,Q3,4.03019,4.08381,3.8532,4.07166,2071443172
02-08-2007,Thursday,August,2007,Q3,4.12896,4.13093,4.0458,4.11563,1009315951
03-08-2007,Friday,August,2007,Q3,4.08334,4.1001,3.96649,3.97615,802496438.8
06-08-2007,Monday,August,2007,Q3,4.00816,4.08046,3.8694,4.07996,1094760372
07-08-2007,Tuesday,August,2007,Q3,4.06921,4.13943,4.00005,4.07235,1124127476
08-08-2007,Wednesday,August,2007,Q3,4.12481,4.12776,3.9808,4.04133,956148141.2
09-08-2007,Thursday,August,2007,Q3,3.95414,4.01094,3.7723,3.81251,1330665244
10-08-2007,Friday,August,2007,Q3,3.71007,3.85241,3.62869,3.76984,1668983240
13-08-2007,Monday,August,2007,Q3,3.87561,3.90149,3.81566,3.85399,891138161.9
14-08-2007,Tuesday,August,2007,Q3,3.8691,3.8694,3.73063,3.7401,872926640.1
15-08-2007,Wednesday,August,2007,Q3,3.70207,3.76618,3.60815,3.61586,1173454683
16-08-2007,Thursday,August,2007,Q3,3.52588,3.57388,3.36656,3.53023,2205526629
17-08-2007,Friday,August,2007,Q3,3.67896,3.72479,3.61369,3.68065,1414156826
20-08-2007,Monday,August,2007,Q3,3.73912,3.75501,3.63423,3.6851,950946563.1
21-08-2007,Tuesday,August,2007,Q3,3.6849,3.88994,3.64904,3.84728,1539787843
22-08-2007,Wednesday,August,2007,Q3,3.96036,4.00324,3.93102,3.99681,1242756918
23-08-2007,Thursday,August,2007,Q3,4.01885,4.0215,3.91374,3.95265,1025319799
24-08-2007,Friday,August,2007,Q3,3.93684,4.08334,3.91492,4.08116,1078036519
27-08-2007,Monday,August,2007,Q3,4.02447,4.06101,3.98405,3.98861,836488777
28-08-2007,Tuesday,August,2007,Q3,3.94613,3.99404,3.81931,3.82524,1393765335
29-08-2007,Wednesday,August,2007,Q3,3.9165,4.04678,3.90692,4.04332,1380175957
30-08-2007,Thursday,August,2007,Q3,3.99846,4.16905,3.99028,4.1088,1698184624
31-08-2007,Friday,August,2007,Q3,4.21004,4.213,4.14495,4.17568,1036450708
04-09-2007,Tuesday,September,2007,Q3,4.22219,4.39523,4.21775,4.34833,1552889697
05-09-2007,Wednesday,September,2007,Q3,4.37695,4.39809,4.10486,4.12481,2749003617
06-09-2007,Thursday,September,2007,Q3,4.08996,4.15008,4.00195,4.07215,2248331604
07-09-2007,Friday,September,2007,Q3,3.98129,3.99028,3.92017,3.97389,1692306847
10-09-2007,Monday,September,2007,Q3,4.13192,4.16291,4.03987,4.12304,1759385475
11-09-2007,Tuesday,September,2007,Q3,4.15938,4.17004,4.03413,4.08698,1148043149
12-09-2007,Wednesday,September,2007,Q3,4.10149,4.2048,4.09467,4.12747,1210916403
13-09-2007,Thursday,September,2007,Q3,4.18536,4.19217,4.12105,4.13844,777004066
14-09-2007,Friday,September,2007,Q3,4.11808,4.19147,4.10733,4.18633,719168075.2
17-09-2007,Monday,September,2007,Q3,4.19187,4.23998,4.15048,4.1734,938285219.8
18-09-2007,Tuesday,September,2007,Q3,4.19068,4.30851,4.15739,4.25043,1257664117
19-09-2007,Wednesday,September,2007,Q3,4.31326,4.31791,4.2048,4.24512,1214571124
20-09-2007,Thursday,September,2007,Q3,4.22643,4.27631,4.20233,4.23147,814842694
21-09-2007,Friday,September,2007,Q3,4.25516,4.36255,4.23147,4.34803,1347860037
24-09-2007,Monday,September,2007,Q3,4.42297,4.51928,4.42297,4.47237,1241823629
25-09-2007,Tuesday,September,2007,Q3,4.4284,4.62072,4.4284,4.61952,1408088363
26-09-2007,Wednesday,September,2007,Q3,4.65756,4.67444,4.56096,4.60789,1153632312
27-09-2007,Thursday,September,2007,Q3,4.63937,4.66102,4.59413,4.66032,776720418.5
28-09-2007,Friday,September,2007,Q3,4.62614,4.66268,4.6072,4.62823,726642050.6
01-10-2007,Monday,October,2007,Q4,4.66347,4.74772,4.61282,4.71513,989958967.2
02-10-2007,Tuesday,October,2007,Q4,4.72877,4.78357,4.70162,4.77915,936453225.7
03-10-2007,Wednesday,October,2007,Q4,4.76511,4.80146,4.73508,4.76275,818827110.1
04-10-2007,Thursday,October,2007,Q4,4.76413,4.76738,4.62932,4.71217,775831659.8
05-10-2007,Friday,October,2007,Q4,4.77666,4.87318,4.75622,4.86921,1111056351
08-10-2007,Monday,October,2007,Q4,4.92057,5.06468,4.91475,5.06468,988218020.7
09-10-2007,Tuesday,October,2007,Q4,5.13016,5.16126,5.02683,5.06298,1307242840
10-10-2007,Wednesday,October,2007,Q4,5.05538,5.06368,4.99475,5.02992,788384746.3
11-10-2007,Thursday,October,2007,Q4,5.11197,5.18348,4.62052,4.89313,1933023976
12-10-2007,Friday,October,2007,Q4,4.92086,5.04532,4.87999,5.04453,1168465248
15-10-2007,Monday,October,2007,Q4,5.06615,5.11397,4.93122,5.03564,1275286777
16-10-2007,Tuesday,October,2007,Q4,4.98912,5.13212,4.98034,5.11417,1258093177
17-10-2007,Wednesday,October,2007,Q4,5.20867,5.21854,5.10289,5.21074,1333693100
18-10-2007,Thursday,October,2007,Q4,5.17253,5.25342,5.15959,5.23248,973950092.8
19-10-2007,Friday,October,2007,Q4,5.25262,5.26723,5.12739,5.13962,1527234077
22-10-2007,Monday,October,2007,Q4,5.13163,5.27514,5.126,5.25904,1883328730
23-10-2007,Tuesday,October,2007,Q4,5.68542,5.6881,5.51219,5.6146,2121625430
24-10-2007,Wednesday,October,2007,Q4,5.60512,5.64592,5.4058,5.60808,1523298535
25-10-2007,Thursday,October,2007,Q4,5.5752,5.60691,5.47841,5.51269,1149567652
26-10-2007,Friday,October,2007,Q4,5.57923,5.59062,5.51543,5.57075,836189278
29-10-2007,Monday,October,2007,Q4,5.60087,5.62746,5.57075,5.58251,639788394
30-10-2007,Tuesday,October,2007,Q4,5.61362,5.71091,5.57124,5.6398,1111771729
31-10-2007,Wednesday,October,2007,Q4,5.66203,5.73412,5.57836,5.72916,985804115.5
01-11-2007,Thursday,November,2007,Q4,5.6881,5.73382,5.42874,5.65282,952724585.6
02-11-2007,Friday,November,2007,Q4,5.70449,5.71318,5.53401,5.66616,1186193976
05-11-2007,Monday,November,2007,Q4,5.58813,5.69846,5.55653,5.61529,951434922.7
06-11-2007,Tuesday,November,2007,Q4,5.64077,5.79041,5.58743,5.78429,1129579266
07-11-2007,Wednesday,November,2007,Q4,5.74221,5.81086,5.61362,5.61855,1174451993
08-11-2007,Thursday,November,2007,Q4,5.62517,5.63654,5.06072,5.29154,2236407442
09-11-2007,Friday,November,2007,Q4,5.15298,5.28206,4.98249,4.98793,1805283971
12-11-2007,Monday,November,2007,Q4,4.97587,5.05904,4.54337,4.6377,2090624051
13-11-2007,Tuesday,November,2007,Q4,4.85489,5.15711,4.6377,5.126,2056701475
14-11-2007,Wednesday,November,2007,Q4,5.35376,5.35524,4.93893,5.01015,1713665628
15-11-2007,Thursday,November,2007,Q4,5.01163,5.11476,4.83436,4.95542,1759957884
16-11-2007,Friday,November,2007,Q4,4.99138,5.03713,4.80599,5.01825,1637553914
19-11-2007,Monday,November,2007,Q4,5.00748,5.07297,4.88915,4.94507,1365947940
20-11-2007,Tuesday,November,2007,Q4,5.00383,5.18111,4.93222,5.09214,1825530823
21-11-2007,Wednesday,November,2007,Q4,4.99187,5.198,4.96601,5.08017,1441595124
23-11-2007,Friday,November,2007,Q4,5.18774,5.18901,5.11998,5.17371,551532982.3
26-11-2007,Monday,November,2007,Q4,5.24432,5.34645,5.198,5.20394,1545029239
27-11-2007,Tuesday,November,2007,Q4,5.28472,5.3015,5.12768,5.27239,1557997852
28-11-2007,Wednesday,November,2007,Q4,5.33914,5.44721,5.28857,5.43585,1359762486
29-11-2007,Thursday,November,2007,Q4,5.407,5.58499,5.40305,5.55801,1239544368
30-11-2007,Friday,November,2007,Q4,5.65579,5.66143,5.41945,5.49549,1405707373
03-12-2007,Monday,December,2007,Q4,5.48266,5.55406,5.35919,5.39496,1137272763
04-12-2007,Tuesday,December,2007,Q4,5.34163,5.45606,5.33864,5.4228,915850594.9
05-12-2007,Wednesday,December,2007,Q4,5.51911,5.60967,5.5018,5.59474,1054642334
06-12-2007,Thursday,December,2007,Q4,5.61629,5.73382,5.61313,5.72916,1065204267
07-12-2007,Friday,December,2007,Q4,5.74677,5.88117,5.67158,5.86014,1261618167
10-12-2007,Monday,December,2007,Q4,5.83821,5.90084,5.81086,5.85787,854361055.7
11-12-2007,Tuesday,December,2007,Q4,5.87535,5.93679,5.65135,5.68661,1311815279
12-12-2007,Wednesday,December,2007,Q4,5.83565,5.86557,5.60216,5.75615,1448583642
13-12-2007,Thursday,December,2007,Q4,5.73382,5.79416,5.66466,5.78547,1023849655
14-12-2007,Friday,December,2007,Q4,5.73936,6.03159,5.71663,5.74192,798379287.1
17-12-2007,Monday,December,2007,Q4,5.75208,5.81056,5.51861,5.56167,1211276740
18-12-2007,Tuesday,December,2007,Q4,5.63238,5.64957,5.38607,5.51861,1446720135
19-12-2007,Wednesday,December,2007,Q4,5.52196,5.56879,5.45606,5.52294,977300954.9
20-12-2007,Thursday,December,2007,Q4,5.59297,5.66496,5.52937,5.64592,913140961.2
21-12-2007,Friday,December,2007,Q4,5.73145,5.8488,5.72721,5.8488,1176751924
24-12-2007,Monday,December,2007,Q4,5.88147,6.01175,5.87495,5.99594,568716954
26-12-2007,Wednesday,December,2007,Q4,6.00225,6.06142,5.9363,6.00048,832337833.5
27-12-2007,Thursday,December,2007,Q4,6.00048,6.12147,5.96562,5.98933,940982694.5
28-12-2007,Friday,December,2007,Q4,6.04809,6.07891,5.93817,6.02667,820558194.9
31-12-2007,Monday,December,2007,Q4,6.02388,6.04661,5.96364,5.97462,635928007.2
02-01-2008,Wednesday,January,2008,Q1,6.01658,6.0397,5.8074,5.87624,1277146675
03-01-2008,Thursday,January,2008,Q1,5.8955,5.95308,5.81086,5.87922,996357677.2
04-01-2008,Friday,January,2008,Q1,5.77639,5.82033,5.39544,5.4303,1722355993
07-01-2008,Monday,January,2008,Q1,5.46696,5.53687,5.1336,5.35744,2452441785
08-01-2008,Tuesday,January,2008,Q1,5.431,5.50359,5.15149,5.16542,1801374028
09-01-2008,Wednesday,January,2008,Q1,5.17253,5.41312,5.07564,5.41036,2146853505
10-01-2008,Thursday,January,2008,Q1,5.35744,5.45915,5.29006,5.36868,1754086234
11-01-2008,Friday,January,2008,Q1,5.30744,5.36355,5.12739,5.20867,1456444146
14-01-2008,Monday,January,2008,Q1,5.35624,5.41115,5.28353,5.39248,1300540014
15-01-2008,Tuesday,January,2008,Q1,5.36196,5.40531,4.96572,5.09815,2773636399
16-01-2008,Wednesday,January,2008,Q1,4.97925,5.09717,4.72649,4.8145,2620789922
17-01-2008,Thursday,January,2008,Q1,4.86851,4.98773,4.77786,4.85212,2080834186
18-01-2008,Friday,January,2008,Q1,4.8773,4.99948,4.8132,4.86672,2032633125
22-01-2008,Tuesday,January,2008,Q1,4.46062,4.82516,4.40323,4.69332,2837266978
23-01-2008,Wednesday,January,2008,Q1,4.10683,4.22219,3.80421,4.19434,3990046229
24-01-2008,Thursday,January,2008,Q1,4.22219,4.24313,3.98129,4.08996,2372503159
25-01-2008,Friday,January,2008,Q1,4.19287,4.19512,3.90909,3.92066,1837831931
28-01-2008,Monday,January,2008,Q1,3.86031,4.01725,3.81418,3.92066,1744715350
29-01-2008,Tuesday,January,2008,Q1,3.9571,4.00441,3.89259,3.96766,1301826095
30-01-2008,Wednesday,January,2008,Q1,3.96649,4.08598,3.92017,3.98664,1469155006
31-01-2008,Thursday,January,2008,Q1,3.91157,4.12105,3.90297,4.08304,1591471154
01-02-2008,Friday,February,2008,Q1,4.11028,4.11888,3.98664,4.03413,1196158041
04-02-2008,Monday,February,2008,Q1,4.04795,4.09883,3.96391,3.97102,1063799065
05-02-2008,Tuesday,February,2008,Q1,3.9329,4.04104,3.88767,3.90179,1349640287
06-02-2008,Wednesday,February,2008,Q1,3.94663,3.97883,3.67294,3.67896,1858119558
07-02-2008,Thursday,February,2008,Q1,3.61813,3.76361,3.53646,3.65694,2465541614
08-02-2008,Friday,February,2008,Q1,3.68115,3.79068,3.66742,3.78484,1604513006
11-02-2008,Monday,February,2008,Q1,3.86189,3.91968,3.83691,3.90456,1421309068
12-02-2008,Tuesday,February,2008,Q1,3.94348,3.9502,3.72805,3.76618,1450552997
13-02-2008,Wednesday,February,2008,Q1,3.82307,3.91423,3.78822,3.90297,1145072025
14-02-2008,Thursday,February,2008,Q1,3.90485,3.94514,3.83108,3.8439,1129389996
15-02-2008,Friday,February,2008,Q1,3.80885,3.83295,3.74069,3.75899,1064659293
19-02-2008,Tuesday,February,2008,Q1,3.80144,3.82327,3.66278,3.68392,1188712799
20-02-2008,Wednesday,February,2008,Q1,3.6851,3.75799,3.6698,3.73398,1144025090
21-02-2008,Thursday,February,2008,Q1,3.80294,3.81496,3.6449,3.66583,1110011304
22-02-2008,Friday,February,2008,Q1,3.69446,3.69495,3.49486,3.60194,1809770334
25-02-2008,Monday,February,2008,Q1,3.57655,3.62474,3.51858,3.61101,1486818481
26-02-2008,Tuesday,February,2008,Q1,3.5481,3.6522,3.48143,3.59393,1771101218
27-02-2008,Wednesday,February,2008,Q1,3.56618,3.71156,3.56124,3.7091,1729350885
28-02-2008,Thursday,February,2008,Q1,3.83491,3.98693,3.79284,3.9177,1913682830
29-02-2008,Friday,February,2008,Q1,3.90031,3.92707,3.7644,3.77033,1475964436
03-03-2008,Monday,March,2008,Q1,3.75188,3.79946,3.55887,3.67145,1886031424
04-03-2008,Tuesday,March,2008,Q1,3.67838,3.76658,3.63166,3.75869,2113317145
05-03-2008,Wednesday,March,2008,Q1,3.72727,3.77389,3.68608,3.75432,1442482839
06-03-2008,Thursday,March,2008,Q1,3.76717,3.84529,3.6434,3.64687,1744012444
07-03-2008,Friday,March,2008,Q1,3.63423,3.70939,3.59127,3.68608,1456990884
10-03-2008,Monday,March,2008,Q1,3.68312,3.72412,3.59945,3.60974,1184580170
11-03-2008,Tuesday,March,2008,Q1,3.73103,3.8446,3.67896,3.84065,1379480920
12-03-2008,Wednesday,March,2008,Q1,3.83088,3.88115,3.77477,3.80095,1254274080
13-03-2008,Thursday,March,2008,Q1,3.73774,3.90583,3.71007,3.85832,1495605618
14-03-2008,Friday,March,2008,Q1,3.91997,3.92973,3.74565,3.81862,1369685907
17-03-2008,Monday,March,2008,Q1,3.69694,3.87828,3.69614,3.82288,1269474974
18-03-2008,Tuesday,March,2008,Q1,3.9008,4.01094,3.88086,4.00568,1426589186
19-03-2008,Wednesday,March,2008,Q1,4.01358,4.04973,3.91078,3.91078,1196233752
20-03-2008,Thursday,March,2008,Q1,3.94563,4.0198,3.89637,4.01912,1075483787
24-03-2008,Monday,March,2008,Q1,4.04282,4.24806,4.03118,4.20925,1263637194
25-03-2008,Tuesday,March,2008,Q1,4.22189,4.31591,4.14248,4.25213,1246290341
26-03-2008,Wednesday,March,2008,Q1,4.24875,4.39553,4.24134,4.37547,1399468577
27-03-2008,Thursday,March,2008,Q1,4.36945,4.38268,4.22189,4.2293,1181292293
28-03-2008,Friday,March,2008,Q1,4.2773,4.36255,4.27058,4.31326,846326795.8
31-03-2008,Monday,March,2008,Q1,4.31908,4.39474,4.29785,4.32806,908376345
01-04-2008,Tuesday,April,2008,Q2,4.41231,4.51385,4.33173,4.50951,1220837598
02-04-2008,Wednesday,April,2008,Q2,4.49311,4.55997,4.39839,4.44846,1234494582
03-04-2008,Thursday,April,2008,Q2,4.4368,4.63315,4.43366,4.57191,1244956438
04-04-2008,Friday,April,2008,Q2,4.5905,4.66565,4.54714,4.61676,1011408715
07-04-2008,Monday,April,2008,Q2,4.71048,4.81569,4.67791,4.70162,1371484441
08-04-2008,Tuesday,April,2008,Q2,4.62852,4.71829,4.59413,4.61014,1200468534
09-04-2008,Wednesday,April,2008,Q2,4.62446,4.64166,4.53835,4.56678,1034172565
10-04-2008,Thursday,April,2008,Q2,4.5574,4.68708,4.54219,4.6615,1131748775
11-04-2008,Friday,April,2008,Q2,4.60342,4.6229,4.41528,4.43759,1425604246
14-04-2008,Monday,April,2008,Q2,4.42317,4.5011,4.35936,4.45697,1000635258
15-04-2008,Tuesday,April,2008,Q2,4.50585,4.51532,4.39493,4.47532,823150013.9
16-04-2008,Wednesday,April,2008,Q2,4.57638,4.64777,4.54298,4.63544,941321944.5
17-04-2008,Thursday,April,2008,Q2,4.65054,4.70485,4.62446,4.66004,832608428
18-04-2008,Friday,April,2008,Q2,4.79682,4.89412,4.77666,4.85669,1215135967
21-04-2008,Monday,April,2008,Q2,4.89665,5.08116,4.87899,5.07179,1229262691
22-04-2008,Tuesday,April,2008,Q2,5.04995,5.06695,4.76767,4.83138,1699312439
23-04-2008,Wednesday,April,2008,Q2,4.94802,4.97115,4.85787,4.91256,1781213315
24-04-2008,Thursday,April,2008,Q2,4.98696,5.1267,4.80176,5.09528,2009834322
25-04-2008,Friday,April,2008,Q2,5.14812,5.16098,5.01894,5.11928,1175252566
28-04-2008,Monday,April,2008,Q2,5.11998,5.24018,5.10112,5.19455,931455914.3
29-04-2008,Tuesday,April,2008,Q2,5.16126,5.29786,5.1344,5.27969,1092275074
30-04-2008,Wednesday,April,2008,Q2,5.31395,5.42874,5.21519,5.24602,1347893088
01-05-2008,Thursday,May,2008,Q2,5.27681,5.42874,5.27386,5.42874,1068461096
02-05-2008,Friday,May,2008,Q2,5.43455,5.48561,5.38457,5.45746,1179308328
05-05-2008,Monday,May,2008,Q2,5.48561,5.58872,5.46093,5.57124,1011015060
06-05-2008,Tuesday,May,2008,Q2,5.56947,5.64305,5.4942,5.62991,1086785526
07-05-2008,Wednesday,May,2008,Q2,5.61125,5.67673,5.53954,5.56028,831124831.8
08-05-2008,Thursday,May,2008,Q2,5.54181,5.62497,5.52147,5.58151,1063879126
09-05-2008,Friday,May,2008,Q2,5.52443,5.55703,5.46992,5.53274,796540401
12-05-2008,Monday,May,2008,Q2,5.58614,5.69609,5.51485,5.67515,969223601.7
13-05-2008,Tuesday,May,2008,Q2,5.6881,5.7739,5.66566,5.72966,972904011.2
14-05-2008,Wednesday,May,2008,Q2,5.76928,5.79792,5.59723,5.61757,1084631654
15-05-2008,Thursday,May,2008,Q2,5.63287,5.72751,5.55555,5.72225,1033187670
16-05-2008,Friday,May,2008,Q2,5.73936,5.73936,5.6398,5.65875,905974823.5
19-05-2008,Monday,May,2008,Q2,5.66695,5.69095,5.46795,5.53687,1119955447
20-05-2008,Tuesday,May,2008,Q2,5.48315,5.6146,5.43228,5.60691,1147472740
21-05-2008,Wednesday,May,2008,Q2,5.59793,5.67012,5.31534,5.3743,1369845988
22-05-2008,Thursday,May,2008,Q2,5.40432,5.46902,5.18774,5.34004,1428897946
23-05-2008,Friday,May,2008,Q2,5.45164,5.48789,5.36196,5.46428,1074005368
27-05-2008,Tuesday,May,2008,Q2,5.51348,5.62299,5.48335,5.62299,934623276.9
28-05-2008,Wednesday,May,2008,Q2,5.65452,5.66864,5.54023,5.64008,880254679.1
29-05-2008,Thursday,May,2008,Q2,5.6374,5.67673,5.59474,5.6304,765643436.9
30-05-2008,Friday,May,2008,Q2,5.6548,5.71663,5.65115,5.69262,721530054.1
02-06-2008,Monday,June,2008,Q2,5.68542,5.72,5.56562,5.61253,804129077.8
03-06-2008,Tuesday,June,2008,Q2,5.63654,5.67673,5.49994,5.59062,888722943.5
04-06-2008,Wednesday,June,2008,Q2,5.54912,5.64236,5.52642,5.58547,860850404.4
05-06-2008,Thursday,June,2008,Q2,5.61757,5.72592,5.60087,5.71288,892549181.2
06-06-2008,Friday,June,2008,Q2,5.67012,5.72916,5.59653,5.59921,1142402193
09-06-2008,Monday,June,2008,Q2,5.57738,5.57816,5.30004,5.47732,2234576939
10-06-2008,Tuesday,June,2008,Q2,5.43949,5.63287,5.39939,5.59921,1350433877
11-06-2008,Wednesday,June,2008,Q2,5.55968,5.60967,5.41569,5.45362,1137708208
12-06-2008,Thursday,June,2008,Q2,5.47248,5.50802,5.16382,5.22547,1547294314
13-06-2008,Friday,June,2008,Q2,5.17253,5.25262,4.98596,5.1985,1593057543
16-06-2008,Monday,June,2008,Q2,5.16542,5.36503,5.09935,5.33372,1244633096
17-06-2008,Tuesday,June,2008,Q2,5.37381,5.48789,5.3508,5.47169,1065178685
18-06-2008,Wednesday,June,2008,Q2,5.45915,5.49499,5.34923,5.39148,960339597.1
19-06-2008,Thursday,June,2008,Q2,5.3826,5.49994,5.33243,5.45606,937746582.2
20-06-2008,Friday,June,2008,Q2,5.39989,5.45915,5.27801,5.28641,1051198983
23-06-2008,Monday,June,2008,Q2,5.2714,5.30439,5.17451,5.22221,764623578.7
24-06-2008,Tuesday,June,2008,Q2,5.18901,5.30101,5.17616,5.22527,736450468.5
25-06-2008,Wednesday,June,2008,Q2,5.263,5.39397,5.24432,5.35021,762001502.7
26-06-2008,Thursday,June,2008,Q2,5.25243,5.27307,5.06714,5.07445,1028296229
27-06-2008,Friday,June,2008,Q2,5.01944,5.1438,4.9513,5.12947,1230461614
30-06-2008,Monday,June,2008,Q2,5.12818,5.18774,5.02467,5.05064,810071837.9
01-07-2008,Tuesday,July,2008,Q3,4.94802,5.26991,4.94634,5.26843,1315136220
02-07-2008,Wednesday,July,2008,Q3,5.27969,5.35178,5.07248,5.07248,991752137.5
03-07-2008,Thursday,July,2008,Q3,5.11476,5.19208,4.99948,5.13064,619836835.1
07-07-2008,Monday,July,2008,Q3,5.21737,5.34299,5.18407,5.28305,970486214.1
08-07-2008,Tuesday,July,2008,Q3,5.28986,5.41945,5.21025,5.4149,1051810781
09-07-2008,Wednesday,July,2008,Q3,5.43682,5.45626,5.25243,5.25539,1059618539
10-07-2008,Thursday,July,2008,Q3,5.27534,5.34863,5.16906,5.32748,994026621.6
11-07-2008,Friday,July,2008,Q3,5.28907,5.34232,5.15781,5.2054,1100674924
14-07-2008,Monday,July,2008,Q3,5.4058,5.4077,5.21964,5.24432,1048435878
15-07-2008,Tuesday,July,2008,Q3,5.19623,5.2399,5.01825,5.11613,1230851591
16-07-2008,Wednesday,July,2008,Q3,5.12918,5.21568,5.08444,5.21272,885447739.2
17-07-2008,Thursday,July,2008,Q3,5.25045,5.27741,5.16936,5.18151,895050384.8
18-07-2008,Friday,July,2008,Q3,5.07345,5.11642,4.97587,4.98034,1021708222
21-07-2008,Monday,July,2008,Q3,5.03364,5.05213,4.85903,5.01529,1508689259
22-07-2008,Tuesday,July,2008,Q3,4.49092,4.90883,4.41973,4.8871,2222102327
23-07-2008,Wednesday,July,2008,Q3,4.98034,5.07762,4.87248,5.0141,1254140574
24-07-2008,Thursday,July,2008,Q3,4.95542,4.98417,4.77915,4.79632,993965239.7
25-07-2008,Friday,July,2008,Q3,4.83682,4.91565,4.78556,4.88964,749324268.4
28-07-2008,Monday,July,2008,Q3,4.89153,4.89964,4.6456,4.65676,924209613.2
29-07-2008,Tuesday,July,2008,Q3,4.68223,4.80907,4.63395,4.73756,809759669.7
30-07-2008,Wednesday,July,2008,Q3,4.75642,4.84097,4.70784,4.82171,857553381.1
31-07-2008,Thursday,July,2008,Q3,4.75622,4.89223,4.73409,4.79395,754070760.2
01-08-2008,Friday,August,2008,Q3,4.82378,4.82545,4.69724,4.72501,644999165.4
04-08-2008,Monday,August,2008,Q3,4.72284,4.76215,4.61242,4.62131,699627318.6
05-08-2008,Tuesday,August,2008,Q3,4.68984,4.84957,4.6694,4.84461,814762673.3
06-08-2008,Wednesday,August,2008,Q3,4.82477,5.04966,4.76491,4.95276,936988977.7
07-08-2008,Thursday,August,2008,Q3,4.91256,5.01163,4.87069,4.93371,795867616.4
08-08-2008,Friday,August,2008,Q3,4.94389,5.11642,4.93913,5.11317,845266301.6
11-08-2008,Monday,August,2008,Q3,5.13064,5.32334,5.11701,5.23446,1054639459
12-08-2008,Tuesday,August,2008,Q3,5.23278,5.4074,5.23278,5.33045,989905555.6
13-08-2008,Wednesday,August,2008,Q3,5.36966,5.42874,5.30487,5.4077,997409822.5
14-08-2008,Thursday,August,2008,Q3,5.37331,5.44305,5.36325,5.40798,841720952.3
15-08-2008,Friday,August,2008,Q3,5.40059,5.42112,5.27969,5.29974,838631049.8
18-08-2008,Monday,August,2008,Q3,5.28857,5.36235,5.24234,5.28966,652892372.1
19-08-2008,Tuesday,August,2008,Q3,5.25756,5.34083,5.18151,5.23347,729144013.6
20-08-2008,Wednesday,August,2008,Q3,5.27219,5.33706,5.23593,5.3029,600228018.3
21-08-2008,Thursday,August,2008,Q3,5.26546,5.29124,5.18377,5.25679,639061608.5
22-08-2008,Friday,August,2008,Q3,5.30674,5.35306,5.29469,5.33213,520571065.2
25-08-2008,Monday,August,2008,Q3,5.30527,5.31465,5.17736,5.20414,573450620.6
26-08-2008,Tuesday,August,2008,Q3,5.20789,5.27435,5.2061,5.23672,527488733.2
27-08-2008,Wednesday,August,2008,Q3,5.22221,5.30052,5.19258,5.26823,564345734.5
28-08-2008,Thursday,August,2008,Q3,5.28709,5.31534,5.21074,5.2399,510270347.2
29-08-2008,Friday,August,2008,Q3,5.21322,5.23248,5.09815,5.11247,709547934.9
02-09-2008,Tuesday,September,2008,Q3,5.20414,5.23248,4.97587,5.01213,924389052.7
03-09-2008,Wednesday,September,2008,Q3,5.03633,5.08679,4.94634,5.03514,870057275
04-09-2008,Thursday,September,2008,Q3,4.9989,5.06468,4.84987,4.8623,879644997.6
05-09-2008,Friday,September,2008,Q3,4.77547,4.89804,4.75494,4.83089,931162383
08-09-2008,Monday,September,2008,Q3,4.96284,4.97242,4.56738,4.76275,1238415104
09-09-2008,Tuesday,September,2008,Q3,4.73044,4.82457,4.51732,4.5742,1473269477
10-09-2008,Wednesday,September,2008,Q3,4.59949,4.67425,4.48798,4.57191,1152276307
11-09-2008,Thursday,September,2008,Q3,4.57191,4.6148,4.40323,4.60412,1147872039
12-09-2008,Friday,September,2008,Q3,4.54763,4.55188,4.41874,4.49172,938850879.5
15-09-2008,Monday,September,2008,Q3,4.28225,4.45378,4.23314,4.23314,1088586447
16-09-2008,Tuesday,September,2008,Q3,4.03068,4.29735,3.98545,4.21893,1419108546
17-09-2008,Wednesday,September,2008,Q3,4.17151,4.17667,3.85469,3.85469,1420367843
18-09-2008,Thursday,September,2008,Q3,3.93704,4.22219,3.63937,4.04382,1983157177
19-09-2008,Friday,September,2008,Q3,4.24591,4.34961,4.11028,4.24993,1694175184
22-09-2008,Monday,September,2008,Q3,4.21616,4.2293,3.94051,3.95196,1013537088
23-09-2008,Tuesday,September,2008,Q3,3.96953,4.09587,3.82029,3.82603,1514250849
24-09-2008,Wednesday,September,2008,Q3,3.84242,3.949,3.77428,3.88215,1239574431
25-09-2008,Thursday,September,2008,Q3,3.92163,4.06484,3.87631,3.97933,1187219743
26-09-2008,Friday,September,2008,Q3,3.76984,3.91472,3.71007,3.86712,1332896213
29-09-2008,Monday,September,2008,Q3,3.60322,3.60915,3.03403,3.17466,3102044019
30-09-2008,Tuesday,September,2008,Q3,3.26592,3.46839,3.20569,3.42782,1925408095
01-10-2008,Wednesday,October,2008,Q4,3.37407,3.38851,3.23887,3.29132,1535021922
02-10-2008,Thursday,October,2008,Q4,3.259,3.28054,3.01674,3.01921,1905146741
03-10-2008,Friday,October,2008,Q4,3.13713,3.2121,2.85467,2.92668,2716478983
06-10-2008,Monday,October,2008,Q4,2.77465,2.97951,2.64033,2.95994,2494684454
07-10-2008,Tuesday,October,2008,Q4,3.03154,3.0603,2.683,2.68933,2224366542
08-10-2008,Wednesday,October,2008,Q4,2.59373,2.90592,2.58372,2.708,2614123818
09-10-2008,Thursday,October,2008,Q4,2.81979,2.88893,2.61209,2.67609,1915092833
10-10-2008,Friday,October,2008,Q4,2.58412,3.01674,2.56389,2.91966,2627615921
13-10-2008,Monday,October,2008,Q4,3.16055,3.33349,3.04636,3.32498,1822134625
14-10-2008,Tuesday,October,2008,Q4,3.51008,3.51077,3.11017,3.13931,2345731136
15-10-2008,Wednesday,October,2008,Q4,3.13161,3.22662,2.95274,2.95471,1873626671
16-10-2008,Thursday,October,2008,Q4,3.00903,3.11887,2.76755,3.07313,2338970637
17-10-2008,Friday,October,2008,Q4,2.99887,3.07778,2.59054,2.93722,2085358988
20-10-2008,Monday,October,2008,Q4,3.00933,3.01773,2.82424,2.96883,1831448336
21-10-2008,Tuesday,October,2008,Q4,2.9233,2.95322,2.74938,2.75944,2426837948
22-10-2008,Wednesday,October,2008,Q4,2.93594,3.05268,2.80271,2.92104,2660481648
23-10-2008,Thursday,October,2008,Q4,2.91185,2.99314,2.7715,2.96232,1982115443
24-10-2008,Friday,October,2008,Q4,2.7238,2.95322,2.71767,2.90759,1882090208
27-10-2008,Monday,October,2008,Q4,2.86731,2.94433,2.77072,2.77744,1431561417
28-10-2008,Tuesday,October,2008,Q4,2.87806,3.03154,2.78584,3.01356,1935474291
29-10-2008,Wednesday,October,2008,Q4,3.03845,3.30396,3.01456,3.15294,2312064873
30-10-2008,Thursday,October,2008,Q4,3.269,3.38307,3.24606,3.34919,1938992259
31-10-2008,Friday,October,2008,Q4,3.23817,3.3411,3.17122,3.24539,1950368527
03-11-2008,Monday,November,2008,Q4,3.1944,3.29052,3.16252,3.22583,1252658197
04-11-2008,Tuesday,November,2008,Q4,3.3173,3.37141,3.21713,3.34781,1656188073
05-11-2008,Wednesday,November,2008,Q4,3.28471,3.30929,3.10652,3.11509,1487778565
06-11-2008,Thursday,November,2008,Q4,3.04715,3.09979,2.9562,2.98849,1561270499
07-11-2008,Friday,November,2008,Q4,2.99007,3.01181,2.88677,2.96262,1297416915
10-11-2008,Monday,November,2008,Q4,3.02532,3.02859,2.85001,2.8917,1330532995
11-11-2008,Tuesday,November,2008,Q4,2.8604,2.92962,2.78256,2.85841,1449651286
12-11-2008,Wednesday,November,2008,Q4,2.78917,2.81209,2.71491,2.71787,1392777575
13-11-2008,Thursday,November,2008,Q4,2.71471,2.90957,2.59463,2.90957,2195392637
14-11-2008,Friday,November,2008,Q4,2.82405,2.8345,2.71471,2.72132,1662825128
17-11-2008,Monday,November,2008,Q4,2.66829,2.73091,2.63194,2.65811,1376478034
18-11-2008,Tuesday,November,2008,Q4,2.70255,2.74492,2.6192,2.71174,1432324109
19-11-2008,Wednesday,November,2008,Q4,2.70503,2.76241,2.60004,2.60243,1387470933
20-11-2008,Thursday,November,2008,Q4,2.56638,2.60734,2.41218,2.42749,2031255261
21-11-2008,Friday,November,2008,Q4,2.47175,2.53694,2.38731,2.49101,1857689715
24-11-2008,Monday,November,2008,Q4,2.56716,2.8592,2.55848,2.80321,1707633088
25-11-2008,Tuesday,November,2008,Q4,2.85378,2.85653,2.65861,2.73871,1462664678
26-11-2008,Wednesday,November,2008,Q4,2.71737,2.87245,2.70996,2.86542,1065450412
28-11-2008,Friday,November,2008,Q4,2.85633,2.85821,2.77072,2.79471,356677619
01-12-2008,Monday,December,2008,Q4,2.75422,2.78286,2.68202,2.68222,1093602225
02-12-2008,Tuesday,December,2008,Q4,2.71471,2.79394,2.60913,2.78848,1360063393
03-12-2008,Wednesday,December,2008,Q4,2.69535,2.90296,2.67777,2.89248,1585155316
04-12-2008,Thursday,December,2008,Q4,2.84569,2.87145,2.68616,2.75668,1292311606
05-12-2008,Friday,December,2008,Q4,2.72281,2.84981,2.67975,2.8348,1235788204
08-12-2008,Monday,December,2008,Q4,2.92864,3.04024,2.88893,3.00765,1402069072
09-12-2008,Tuesday,December,2008,Q4,2.95501,3.12479,2.9311,3.01823,1425062976
10-12-2008,Wednesday,December,2008,Q4,2.95077,3.00085,2.91156,2.96162,1110586221
11-12-2008,Thursday,December,2008,Q4,2.92893,3.0525,2.8604,2.86542,1232149337
12-12-2008,Friday,December,2008,Q4,2.80174,2.98563,2.79017,2.96361,1232900768
15-12-2008,Monday,December,2008,Q4,2.89515,2.90236,2.80477,2.85791,1054294842
16-12-2008,Tuesday,December,2008,Q4,2.8348,2.91087,2.79738,2.87806,1294392076
17-12-2008,Wednesday,December,2008,Q4,2.74512,2.74779,2.65524,2.68933,1532112347
18-12-2008,Thursday,December,2008,Q4,2.69961,2.7394,2.6668,2.69732,1014096191
19-12-2008,Friday,December,2008,Q4,2.71441,2.74316,2.67777,2.71471,949176512.8
22-12-2008,Monday,December,2008,Q4,2.71471,2.7154,2.55399,2.58572,1000293554
23-12-2008,Tuesday,December,2008,Q4,2.62345,2.6504,2.59074,2.60516,751860358.2
24-12-2008,Wednesday,December,2008,Q4,2.59658,2.60123,2.54978,2.56538,321453810.5
26-12-2008,Friday,December,2008,Q4,2.61062,2.63718,2.5708,2.58791,365092045.5
29-12-2008,Monday,December,2008,Q4,2.61287,2.64231,2.56638,2.61229,812306637.6
30-12-2008,Tuesday,December,2008,Q4,2.63718,2.65604,2.55479,2.60243,1144371393
31-12-2008,Wednesday,December,2008,Q4,2.59393,2.64647,2.57417,2.57447,719426365
02-01-2009,Friday,January,2009,Q1,2.5811,2.74611,2.56882,2.73723,883376793.8
05-01-2009,Monday,January,2009,Q1,2.80806,2.90138,2.79589,2.85259,1398896516
06-01-2009,Tuesday,January,2009,Q1,2.89446,2.92962,2.78632,2.80536,1526626475
07-01-2009,Wednesday,January,2009,Q1,2.76311,2.78917,2.72202,2.74532,891622017
08-01-2009,Thursday,January,2009,Q1,2.72794,2.80924,2.7157,2.79569,784866808
09-01-2009,Friday,January,2009,Q1,2.81119,2.81684,2.71837,2.73141,647360265.5
12-01-2009,Monday,January,2009,Q1,2.72764,2.74492,2.64073,2.67363,728543902
13-01-2009,Tuesday,January,2009,Q1,2.66344,2.70681,2.60419,2.64528,942925064.5
14-01-2009,Wednesday,January,2009,Q1,2.60103,2.63174,2.55479,2.57369,1197916510
15-01-2009,Thursday,January,2009,Q1,2.42797,2.53694,2.41387,2.5149,2168837606
16-01-2009,Friday,January,2009,Q1,2.54167,2.54512,2.42452,2.4829,1239888186
20-01-2009,Tuesday,January,2009,Q1,2.47175,2.47273,2.35856,2.35856,1074862267
21-01-2009,Wednesday,January,2009,Q1,2.39727,2.49989,2.39164,2.49842,1265816990
22-01-2009,Thursday,January,2009,Q1,2.65457,2.71471,2.58801,2.66414,1643001299
23-01-2009,Friday,January,2009,Q1,2.62216,2.71046,2.60913,2.66414,899220056.1
26-01-2009,Monday,January,2009,Q1,2.68055,2.74415,2.66245,2.70384,819675488.9
27-01-2009,Tuesday,January,2009,Q1,2.71737,2.76143,2.70681,2.73644,721591740.7
28-01-2009,Wednesday,January,2009,Q1,2.7792,2.86542,2.75964,2.84092,1019992349
29-01-2009,Thursday,January,2009,Q1,2.80736,2.84509,2.79244,2.80477,698343726.5
30-01-2009,Friday,January,2009,Q1,2.79314,2.82346,2.71491,2.71837,771406201.5
02-02-2009,Monday,February,2009,Q1,2.68448,2.77465,2.68132,2.75984,660788666.9
03-02-2009,Tuesday,February,2009,Q1,2.76874,2.81684,2.72232,2.80407,690349466.8
04-02-2009,Wednesday,February,2009,Q1,2.81467,2.90346,2.80756,2.82128,952322827.8
05-02-2009,Thursday,February,2009,Q1,2.79835,2.9321,2.79314,2.91037,869924743.8
06-02-2009,Friday,February,2009,Q1,2.92668,3.01674,2.92468,3.00765,798544774.6
09-02-2009,Monday,February,2009,Q1,3.01674,3.10671,3.00103,3.09189,840369535.9
10-02-2009,Tuesday,February,2009,Q1,3.05033,3.09189,2.92638,2.95077,992535369
11-02-2009,Wednesday,February,2009,Q1,2.90838,2.9651,2.88795,2.91986,794606450.8
12-02-2009,Thursday,February,2009,Q1,2.88993,3.00833,2.88993,2.99392,956075227.1
13-02-2009,Friday,February,2009,Q1,2.98879,3.01456,2.95915,2.99047,717661774
17-02-2009,Tuesday,February,2009,Q1,2.92468,2.92568,2.8434,2.85101,782053461.6
18-02-2009,Wednesday,February,2009,Q1,2.86949,2.89071,2.79608,2.84608,807289653.7
19-02-2009,Thursday,February,2009,Q1,2.81467,2.84241,2.71767,2.73327,1067728257
20-02-2009,Friday,February,2009,Q1,2.69931,2.7868,2.68448,2.75066,887930853.8
23-02-2009,Monday,February,2009,Q1,2.76311,2.77465,2.60962,2.62216,890882228.1
24-02-2009,Tuesday,February,2009,Q1,2.63174,2.74167,2.62375,2.72162,895139634.3
25-02-2009,Wednesday,February,2009,Q1,2.71016,2.80251,2.69229,2.74938,967946906.6
26-02-2009,Thursday,February,2009,Q1,2.77793,2.80251,2.683,2.69003,730811796.9
27-02-2009,Friday,February,2009,Q1,2.65457,2.75322,2.64399,2.69396,833151240.1
02-03-2009,Monday,March,2009,Q1,2.65437,2.75066,2.64399,2.65289,903946619.1
03-03-2009,Tuesday,March,2009,Q1,2.68745,2.73674,2.6509,2.66444,853592461.7
04-03-2009,Wednesday,March,2009,Q1,2.71885,2.79786,2.69812,2.74988,877299083.7
05-03-2009,Thursday,March,2009,Q1,2.72162,2.77102,2.667,2.67935,835025928.6
06-03-2009,Friday,March,2009,Q1,2.66315,2.66572,2.4829,2.57279,1195994201
09-03-2009,Monday,March,2009,Q1,2.53477,2.64201,2.49081,2.50661,826916627.4
10-03-2009,Tuesday,March,2009,Q1,2.55649,2.68983,2.54436,2.67264,999815038.6
11-03-2009,Wednesday,March,2009,Q1,2.71145,2.83699,2.70207,2.7949,1002270451
12-03-2009,Thursday,March,2009,Q1,2.80193,2.91333,2.77465,2.90661,909994970.2
13-03-2009,Friday,March,2009,Q1,2.90524,2.9306,2.86562,2.89347,711920990.4
16-03-2009,Monday,March,2009,Q1,2.91185,2.93673,2.84014,2.87766,944118414.9
17-03-2009,Tuesday,March,2009,Q1,2.87175,3.00666,2.86731,3.00568,932448318
18-03-2009,Wednesday,March,2009,Q1,3.0126,3.12054,3.00765,3.06108,942655789.3
19-03-2009,Thursday,March,2009,Q1,3.07511,3.11165,3.02385,3.06454,592296005.1
20-03-2009,Friday,March,2009,Q1,3.08074,3.10948,3.03353,3.06356,823745780.8
23-03-2009,Monday,March,2009,Q1,3.09683,3.26188,3.06868,3.24766,789124802.4
24-03-2009,Tuesday,March,2009,Q1,3.20055,3.30098,3.17882,3.2121,758736432.3
25-03-2009,Wednesday,March,2009,Q1,3.24263,3.2678,3.13259,3.2119,765717260.1
26-03-2009,Thursday,March,2009,Q1,3.25527,3.3168,3.24509,3.31373,729455859.8
27-03-2009,Friday,March,2009,Q1,3.27273,3.27313,3.20913,3.22206,583645113.9
30-03-2009,Monday,March,2009,Q1,3.13981,3.16726,3.09467,3.15114,595162108
31-03-2009,Tuesday,March,2009,Q1,3.18247,3.24113,3.16676,3.17042,674342693.3
01-04-2009,Wednesday,April,2009,Q2,3.13833,3.28764,3.13329,3.2778,696812826
02-04-2009,Thursday,April,2009,Q2,3.31876,3.46117,3.31126,3.39957,959272914.6
03-04-2009,Friday,April,2009,Q2,3.43533,3.50267,3.42385,3.49832,749816620.3
06-04-2009,Monday,April,2009,Q2,3.467,3.58178,3.41664,3.57241,777577334.5
07-04-2009,Tuesday,April,2009,Q2,3.51147,3.51888,3.4437,3.46839,634206130
08-04-2009,Wednesday,April,2009,Q2,3.4753,3.52212,3.45596,3.50841,538809985.8
09-04-2009,Thursday,April,2009,Q2,3.57241,3.61942,3.55759,3.60579,627574457.4
13-04-2009,Monday,April,2009,Q2,3.61942,3.64856,3.5897,3.62603,460623218.6
14-04-2009,Tuesday,April,2009,Q2,3.60499,3.62474,3.53616,3.56797,537626711.7
15-04-2009,Wednesday,April,2009,Q2,3.52885,3.56647,3.49121,3.5478,488606322
16-04-2009,Thursday,April,2009,Q2,3.59561,3.71532,3.58307,3.66298,701244087.8
17-04-2009,Friday,April,2009,Q2,3.65052,3.74691,3.62702,3.72333,588910511.9
20-04-2009,Monday,April,2009,Q2,3.67265,3.70978,3.59423,3.63423,552234981.2
21-04-2009,Tuesday,April,2009,Q2,3.58801,3.68292,3.57675,3.67265,555776310.9
22-04-2009,Wednesday,April,2009,Q2,3.69794,3.7804,3.65577,3.66484,1092595897
23-04-2009,Thursday,April,2009,Q2,3.8201,3.83691,3.72508,3.78208,1116735670
24-04-2009,Friday,April,2009,Q2,3.75501,3.77389,3.70939,3.73646,639654434.2
27-04-2009,Monday,April,2009,Q2,3.70604,3.76984,3.70012,3.76194,568973417.3
28-04-2009,Tuesday,April,2009,Q2,3.72035,3.80657,3.71817,3.73646,538679545.4
29-04-2009,Wednesday,April,2009,Q2,3.7654,3.82623,3.73418,3.77389,542118772.2
30-04-2009,Thursday,April,2009,Q2,3.81181,3.83088,3.76756,3.79444,589597991.7
01-05-2009,Friday,May,2009,Q2,3.79444,3.85862,3.79364,3.83788,470635117.5
04-05-2009,Monday,May,2009,Q2,3.86594,3.98861,3.85041,3.98306,721845514.9
05-05-2009,Tuesday,May,2009,Q2,3.97389,4.00686,3.95442,4.00195,471330000.6
06-05-2009,Wednesday,May,2009,Q2,4.02624,4.02671,3.92737,3.99622,560594371.1
07-05-2009,Thursday,May,2009,Q2,3.98376,3.99325,3.85695,3.89289,628118117.9
08-05-2009,Friday,May,2009,Q2,3.89359,3.9579,3.80835,3.89657,554069717
11-05-2009,Monday,May,2009,Q2,3.83878,3.949,3.83424,3.90792,478996833
12-05-2009,Tuesday,May,2009,Q2,3.91177,3.91177,3.71787,3.75267,718875145.3
13-05-2009,Wednesday,May,2009,Q2,3.71453,3.73971,3.59965,3.60313,702468392.9
14-05-2009,Thursday,May,2009,Q2,3.61181,3.72548,3.60993,3.70871,527822735.6
15-05-2009,Friday,May,2009,Q2,3.68312,3.75869,3.66781,3.69183,434178363.3
18-05-2009,Monday,May,2009,Q2,3.73448,3.82189,3.66643,3.8201,541632132.8
19-05-2009,Tuesday,May,2009,Q2,3.82603,3.90031,3.79215,3.8439,439992894.3
20-05-2009,Wednesday,May,2009,Q2,3.8532,3.89734,3.77873,3.79582,459379727
21-05-2009,Thursday,May,2009,Q2,3.76984,3.82407,3.70693,3.74486,482419929.9
22-05-2009,Friday,May,2009,Q2,3.74167,3.74486,3.67225,3.69446,352850910.5
26-05-2009,Tuesday,May,2009,Q2,3.7652,3.94593,3.75669,3.94435,749420196.3
27-05-2009,Wednesday,May,2009,Q2,3.97389,4.07097,3.94762,4.01211,765306055.8
28-05-2009,Thursday,May,2009,Q2,4.02671,4.08381,3.98209,4.07394,575668668.8
29-05-2009,Friday,May,2009,Q2,4.0843,4.09883,4.03701,4.09587,540044022.9
01-06-2009,Monday,June,2009,Q2,4.11226,4.22189,4.10179,4.20361,533684192.2
02-06-2009,Tuesday,June,2009,Q2,4.19187,4.26376,4.17151,4.20787,536862232.4
03-06-2009,Wednesday,June,2009,Q2,4.22467,4.25654,4.19434,4.25113,666200419.5
04-06-2009,Thursday,June,2009,Q2,4.22516,4.34882,4.22347,4.33537,647179916.8
05-06-2009,Friday,June,2009,Q2,4.38882,4.41528,4.31957,4.36294,748222215.8
08-06-2009,Monday,June,2009,Q2,4.34022,4.35029,4.20589,4.33854,1101354419
09-06-2009,Tuesday,June,2009,Q2,4.33755,4.35976,4.23838,4.30486,799838207
10-06-2009,Wednesday,June,2009,Q2,4.28225,4.29259,4.17004,4.2293,814442373.9
11-06-2009,Thursday,June,2009,Q2,4.21181,4.2694,4.17784,4.22089,620663154.9
12-06-2009,Friday,June,2009,Q2,4.18802,4.19532,4.10318,4.13113,665294021.3
15-06-2009,Monday,June,2009,Q2,4.10099,4.12993,4.06803,4.10437,638865482.2
16-06-2009,Tuesday,June,2009,Q2,4.12026,4.17519,4.10486,4.11148,605071795.5
17-06-2009,Wednesday,June,2009,Q2,4.12304,4.14625,4.05685,4.08926,675551160
18-06-2009,Thursday,June,2009,Q2,4.10179,4.16215,4.08956,4.09814,503862852.8
19-06-2009,Friday,June,2009,Q2,4.16391,4.20826,4.12896,4.20758,852545559.1
22-06-2009,Monday,June,2009,Q2,4.24094,4.2694,4.11108,4.14346,749693281.5
23-06-2009,Tuesday,June,2009,Q2,4.11206,4.13073,4.00766,4.04133,834855556.8
24-06-2009,Wednesday,June,2009,Q2,4.08529,4.14762,4.06683,4.10782,573406140.2
25-06-2009,Thursday,June,2009,Q2,4.09587,4.22751,4.07847,4.21834,696510195.5
26-06-2009,Friday,June,2009,Q2,4.21518,4.32974,4.21518,4.29578,519137071.7
29-06-2009,Monday,June,2009,Q2,4.3263,4.3417,4.2688,4.28145,671928226.1
30-06-2009,Tuesday,June,2009,Q2,4.3027,4.33705,4.27651,4.29558,513867353.4
01-07-2009,Wednesday,July,2009,Q3,4.32846,4.36294,4.29785,4.30771,490251405.4
02-07-2009,Thursday,July,2009,Q3,4.26308,4.30771,4.21646,4.22289,437598824.7
06-07-2009,Monday,July,2009,Q3,4.18259,4.19187,4.1088,4.17961,589467293.2
07-07-2009,Tuesday,July,2009,Q3,4.17568,4.21349,4.07749,4.0843,545427484.6
08-07-2009,Wednesday,July,2009,Q3,4.09913,4.16291,4.0537,4.13884,680712624.5
09-07-2009,Thursday,July,2009,Q3,4.1565,4.16166,4.09943,4.11206,405987164.1
10-07-2009,Friday,July,2009,Q3,4.11374,4.19128,4.11078,4.17687,525990149.2
13-07-2009,Monday,July,2009,Q3,4.20856,4.29259,4.1487,4.29259,570907769.5
14-07-2009,Tuesday,July,2009,Q3,4.28432,4.3184,4.25834,4.29034,410549964.8
15-07-2009,Wednesday,July,2009,Q3,4.36915,4.43366,4.35255,4.42978,572766662.2
16-07-2009,Thursday,July,2009,Q3,4.39977,4.46388,4.39058,4.44916,464843770.4
17-07-2009,Friday,July,2009,Q3,4.49864,4.58447,4.48361,4.57638,712049364.3
20-07-2009,Monday,July,2009,Q3,4.61853,4.67572,4.55108,4.61242,866381656.5
21-07-2009,Tuesday,July,2009,Q3,4.62713,4.62713,4.51632,4.56867,1009486962
22-07-2009,Wednesday,July,2009,Q3,4.7505,4.78753,4.70833,4.72718,1034459950
23-07-2009,Thursday,July,2009,Q3,4.72058,4.77865,4.69113,4.76008,622233506.8
24-07-2009,Friday,July,2009,Q3,4.73291,4.82545,4.72038,4.82545,519091133.2
27-07-2009,Monday,July,2009,Q3,4.82545,4.85192,4.74309,4.82861,511789451.2
28-07-2009,Tuesday,July,2009,Q3,4.79445,4.82861,4.75316,4.82545,429960240.6
29-07-2009,Wednesday,July,2009,Q3,4.79248,4.83968,4.77253,4.82635,452346313.8
30-07-2009,Thursday,July,2009,Q3,4.87702,4.96719,4.87069,4.9098,554600413.7
31-07-2009,Friday,July,2009,Q3,4.91565,4.97587,4.91256,4.92779,500311366.9
03-08-2009,Monday,August,2009,Q3,4.98034,5.02536,4.97212,5.01944,465552839.4
04-08-2009,Tuesday,August,2009,Q3,4.97687,4.99377,4.95326,4.99297,467911283.8
05-08-2009,Wednesday,August,2009,Q3,5.00632,5.04927,4.95326,4.97925,500189444.5
06-08-2009,Thursday,August,2009,Q3,4.99297,5.02111,4.91819,4.94389,404223224.2
07-08-2009,Friday,August,2009,Q3,4.97015,5.02408,4.97015,4.99187,458214990.4
10-08-2009,Monday,August,2009,Q3,4.98843,5.02408,4.93618,4.96719,355317231
11-08-2009,Tuesday,August,2009,Q3,4.9347,4.95751,4.88243,4.91059,420345233.5
12-08-2009,Wednesday,August,2009,Q3,4.90033,5.02763,4.89934,4.98596,525664236.6
13-08-2009,Thursday,August,2009,Q3,5.02506,5.08629,5.02062,5.07869,520668234.4
14-08-2009,Friday,August,2009,Q3,5.062,5.07395,4.99267,5.02972,361938196.6
17-08-2009,Monday,August,2009,Q3,4.9344,4.9344,4.80827,4.81281,619423767.8
18-08-2009,Tuesday,August,2009,Q3,4.8785,4.95385,4.86822,4.94634,502916895.8
19-08-2009,Wednesday,August,2009,Q3,4.90774,4.98546,4.89904,4.96413,488017967.4
20-08-2009,Thursday,August,2009,Q3,4.97242,5.02783,4.96432,5.01647,404463269
21-08-2009,Friday,August,2009,Q3,5.062,5.10853,5.0305,5.10407,491748301.6
24-08-2009,Monday,August,2009,Q3,5.12739,5.14832,5.07494,5.09895,481100302.5
25-08-2009,Tuesday,August,2009,Q3,5.1103,5.15563,5.10112,5.10921,383424998.6
26-08-2009,Wednesday,August,2009,Q3,5.09528,5.11317,5.02892,5.04995,359153859.9
27-08-2009,Thursday,August,2009,Q3,5.08415,5.11397,4.97065,5.11098,530477983.6
28-08-2009,Friday,August,2009,Q3,5.18901,5.20216,5.08186,5.12848,536942766.4
31-08-2009,Monday,August,2009,Q3,5.06932,5.09214,5.02062,5.07345,368174669.3
01-09-2009,Tuesday,September,2009,Q3,5.06714,5.12739,4.97411,4.98546,554644546.9
02-09-2009,Wednesday,September,2009,Q3,4.96116,5.05617,4.9503,4.98121,430999704.5
03-09-2009,Thursday,September,2009,Q3,5.02131,5.03958,4.97587,5.02211,347916520
04-09-2009,Friday,September,2009,Q3,5.04305,5.14812,5.03939,5.136,442117527.7
08-09-2009,Tuesday,September,2009,Q3,5.20018,5.22142,5.18774,5.21568,371981131.1
09-09-2009,Wednesday,September,2009,Q3,5.20967,5.2623,5.11809,5.16255,960022608.5
10-09-2009,Thursday,September,2009,Q3,5.18842,5.22527,5.15149,5.20472,580790648.4
11-09-2009,Friday,September,2009,Q3,5.21658,5.22288,5.15337,5.19198,412601643.7
14-09-2009,Monday,September,2009,Q3,5.15298,5.24462,5.1344,5.23911,380756147.8
15-09-2009,Tuesday,September,2009,Q3,5.24887,5.29747,5.23513,5.28305,491346303.8
16-09-2009,Wednesday,September,2009,Q3,5.36838,5.5119,5.36484,5.48443,888968088.2
17-09-2009,Thursday,September,2009,Q3,5.48789,5.63307,5.48729,5.5664,957700154
18-09-2009,Friday,September,2009,Q3,5.60691,5.62596,5.57203,5.58003,712027019.8
21-09-2009,Monday,September,2009,Q3,5.56325,5.5848,5.47732,5.54982,517686047.1
22-09-2009,Tuesday,September,2009,Q3,5.58281,5.59112,5.51485,5.56423,422303042.9
23-09-2009,Wednesday,September,2009,Q3,5.59002,5.69708,5.58023,5.59474,700841879.5
24-09-2009,Thursday,September,2009,Q3,5.64759,5.66143,5.51269,5.54349,650138381.6
25-09-2009,Friday,September,2009,Q3,5.49282,5.59474,5.47189,5.50082,527003820.1
28-09-2009,Monday,September,2009,Q3,5.54379,5.6304,5.52937,5.61441,399258315.3
29-09-2009,Tuesday,September,2009,Q3,5.62991,5.65185,5.55871,5.59112,408389413.6
30-09-2009,Wednesday,September,2009,Q3,5.61095,5.62319,5.50852,5.59002,638487204.9
01-10-2009,Thursday,October,2009,Q4,5.59424,5.61687,5.45015,5.45492,620048933.3
02-10-2009,Friday,October,2009,Q4,5.47021,5.60828,5.46972,5.5767,654497681.1
05-10-2009,Monday,October,2009,Q4,5.61609,5.63506,5.55732,5.61047,500295492.1
06-10-2009,Tuesday,October,2009,Q4,5.66222,5.73115,5.64838,5.73115,715083358.4
07-10-2009,Wednesday,October,2009,Q4,5.72523,5.74727,5.70072,5.73756,550251211.7
08-10-2009,Thursday,October,2009,Q4,5.75496,5.7739,5.69648,5.70813,517854067.8
09-10-2009,Friday,October,2009,Q4,5.69708,5.75158,5.68879,5.74457,346909813
12-10-2009,Monday,October,2009,Q4,5.75959,5.77619,5.7196,5.75516,341025944
13-10-2009,Tuesday,October,2009,Q4,5.74795,5.76572,5.72127,5.73145,409470022.8
14-10-2009,Wednesday,October,2009,Q4,5.79662,5.80029,5.73706,5.76928,444462390.6
15-10-2009,Thursday,October,2009,Q4,5.71831,5.75811,5.71633,5.74727,441576190.9
16-10-2009,Friday,October,2009,Q4,5.70743,5.74124,5.66536,5.67188,507204629.9
19-10-2009,Monday,October,2009,Q4,5.66536,5.73065,5.59653,5.72592,1074105950
20-10-2009,Tuesday,October,2009,Q4,6.04592,6.08425,5.96681,5.99494,1341462594
21-10-2009,Wednesday,October,2009,Q4,6.02025,6.29521,6.00848,6.18085,1410707077
22-10-2009,Thursday,October,2009,Q4,6.16829,6.26893,6.10755,6.18895,935972211.7
23-10-2009,Friday,October,2009,Q4,6.20473,6.20672,6.12939,6.15081,497355669.2
26-10-2009,Monday,October,2009,Q4,6.1442,6.23574,6.03504,6.10675,572047198
27-10-2009,Tuesday,October,2009,Q4,6.08108,6.11703,5.92532,5.95229,895015706.2
28-10-2009,Wednesday,October,2009,Q4,5.95209,5.97273,5.76356,5.80285,967616206
29-10-2009,Thursday,October,2009,Q4,5.87802,5.936,5.79495,5.92197,674884277.2
30-10-2009,Friday,October,2009,Q4,5.91654,5.936,5.61163,5.68542,849237233.4
02-11-2009,Monday,November,2009,Q4,5.72523,5.81718,5.59723,5.70972,803325937.8
03-11-2009,Tuesday,November,2009,Q4,5.67012,5.71603,5.60759,5.69262,614724211.8
04-11-2009,Wednesday,November,2009,Q4,5.75188,5.847,5.73706,5.75516,576997040.1
05-11-2009,Thursday,November,2009,Q4,5.81116,5.88147,5.78527,5.85223,452211051
06-11-2009,Friday,November,2009,Q4,5.82033,5.887,5.80285,5.86113,345764301.4
09-11-2009,Monday,November,2009,Q4,5.93983,6.08938,5.91931,6.07556,623080664.5
10-11-2009,Tuesday,November,2009,Q4,6.06468,6.18251,6.0629,6.12197,474194858.2
11-11-2009,Wednesday,November,2009,Q4,6.17126,6.18321,6.0872,6.12939,525550341.3
12-11-2009,Thursday,November,2009,Q4,6.13283,6.17906,6.07476,6.09195,424121683.4
13-11-2009,Friday,November,2009,Q4,6.12167,6.17787,6.09412,6.16583,404926159.6
16-11-2009,Monday,November,2009,Q4,6.19605,6.2727,6.1835,6.232,570282391.4
17-11-2009,Tuesday,November,2009,Q4,6.21481,6.25669,6.18321,6.24305,468845993
18-11-2009,Wednesday,November,2009,Q4,6.22053,6.24305,6.15298,6.21116,442406132.3
19-11-2009,Thursday,November,2009,Q4,6.16809,6.17106,6.02568,6.04709,639786457.1
20-11-2009,Friday,November,2009,Q4,5.98202,6.04365,5.96414,6.02913,481460140.4
23-11-2009,Monday,November,2009,Q4,6.12592,6.21263,6.12127,6.20869,561106543.3
24-11-2009,Tuesday,November,2009,Q4,6.18915,6.20869,6.1195,6.16553,375656818.5
25-11-2009,Wednesday,November,2009,Q4,6.19782,6.20169,6.14518,6.15842,339207681.3
27-11-2009,Friday,November,2009,Q4,6.00495,6.12147,5.98331,6.04987,349633620.4
30-11-2009,Monday,November,2009,Q4,6.06044,6.08257,5.99494,6.02883,501944463.4
01-12-2009,Tuesday,December,2009,Q4,6.09975,6.11556,5.93679,5.94043,547778624.9
02-12-2009,Wednesday,December,2009,Q4,6.00315,6.07457,5.9036,5.91811,844850247.5
03-12-2009,Thursday,December,2009,Q4,5.96761,6.00145,5.91951,5.92622,530128580.4
04-12-2009,Friday,December,2009,Q4,6.02253,6.02844,5.73856,5.83001,978542089.5
07-12-2009,Monday,December,2009,Q4,5.83001,5.84453,5.69065,5.69826,844451740.8
08-12-2009,Tuesday,December,2009,Q4,5.70122,5.80108,5.69145,5.72651,815452164
09-12-2009,Wednesday,December,2009,Q4,5.76788,5.97668,5.73956,5.96562,807137240.4
10-12-2009,Thursday,December,2009,Q4,6.02223,6.02253,5.91456,5.92462,579001347.8
11-12-2009,Friday,December,2009,Q4,5.96364,5.97204,5.83397,5.87121,507980342.7
14-12-2009,Monday,December,2009,Q4,5.89491,5.95427,5.80769,5.94063,582791627.1
15-12-2009,Tuesday,December,2009,Q4,5.9038,5.95702,5.82843,5.85668,496171417
16-12-2009,Wednesday,December,2009,Q4,5.88147,5.92682,5.86755,5.88217,417799214.3
17-12-2009,Thursday,December,2009,Q4,5.87754,5.88147,5.76058,5.78676,458200178.8
18-12-2009,Friday,December,2009,Q4,5.8235,5.8959,5.80908,5.89422,719377422.5
21-12-2009,Monday,December,2009,Q4,5.9112,6.02388,5.90143,5.97905,720964644.4
22-12-2009,Tuesday,December,2009,Q4,6.02548,6.05848,5.9917,6.04276,412894206.1
23-12-2009,Wednesday,December,2009,Q4,6.06765,6.10361,6.05699,6.09539,408143636.1
24-12-2009,Thursday,December,2009,Q4,6.13541,6.31397,6.13283,6.30448,593135042.7
28-12-2009,Monday,December,2009,Q4,6.3678,6.45256,6.32187,6.38232,761786451
29-12-2009,Tuesday,December,2009,Q4,6.41344,6.41561,6.29561,6.30647,524827174.4
30-12-2009,Wednesday,December,2009,Q4,6.29639,6.39407,6.28246,6.3833,486532682.4
31-12-2009,Thursday,December,2009,Q4,6.42736,6.43427,6.35093,6.35525,416443485.8
04-01-2010,Monday,January,2010,Q1,6.43902,6.46922,6.40573,6.45451,581911051.4
05-01-2010,Tuesday,January,2010,Q1,6.47811,6.50241,6.43181,6.46558,712148580.6
06-01-2010,Wednesday,January,2010,Q1,6.46558,6.49137,6.35574,6.36237,651368408.2
07-01-2010,Thursday,January,2010,Q1,6.38439,6.39407,6.30478,6.35113,564145798.3
08-01-2010,Friday,January,2010,Q1,6.34617,6.39407,6.30527,6.39387,529620466.2
11-01-2010,Monday,January,2010,Q1,6.42322,6.42389,6.28672,6.33709,546033906
12-01-2010,Tuesday,January,2010,Q1,6.31278,6.32632,6.22549,6.26509,702497644.6
13-01-2010,Wednesday,January,2010,Q1,6.27673,6.36139,6.15566,6.35279,715717098.6
14-01-2010,Thursday,January,2010,Q1,6.33481,6.34765,6.30409,6.31595,512160686.7
15-01-2010,Friday,January,2010,Q1,6.3759,6.38203,6.20849,6.21027,703291743.1
19-01-2010,Tuesday,January,2010,Q1,6.28515,6.49008,6.25046,6.48582,863202273.7
20-01-2010,Wednesday,January,2010,Q1,6.4819,6.50084,6.31842,6.38588,723739162.1
21-01-2010,Thursday,January,2010,Q1,6.40327,6.43308,6.24949,6.27495,718768464.9
22-01-2010,Friday,January,2010,Q1,6.23674,6.25837,5.94547,5.96364,1038396048
25-01-2010,Monday,January,2010,Q1,6.11753,6.17373,6.03773,6.12492,1231201599
26-01-2010,Tuesday,January,2010,Q1,6.20829,6.44544,6.10962,6.21047,2202776724
27-01-2010,Wednesday,January,2010,Q1,6.23773,6.35113,6.01727,6.26923,2038087994
28-01-2010,Thursday,January,2010,Q1,6.19239,6.19782,5.99298,6.01046,1387370668
29-01-2010,Friday,January,2010,Q1,6.07219,6.09828,5.73756,5.7922,1473480100
01-02-2010,Monday,February,2010,Q1,5.80838,5.9112,5.76958,5.87317,885424317.4
02-02-2010,Tuesday,February,2010,Q1,5.90894,5.92109,5.83219,5.90645,826352736.4
03-02-2010,Wednesday,February,2010,Q1,5.88898,6.03831,5.8636,6.00848,727322047.2
04-02-2010,Thursday,February,2010,Q1,5.93727,5.98331,5.77816,5.79201,895265915.4
05-02-2010,Friday,February,2010,Q1,5.81116,5.9112,5.75615,5.89491,1005889737
08-02-2010,Monday,February,2010,Q1,5.90163,5.96811,5.85154,5.85491,564475800.3
09-02-2010,Tuesday,February,2010,Q1,5.92592,5.95674,5.87337,5.91712,748913669.6
10-02-2010,Wednesday,February,2010,Q1,5.90527,5.92948,5.85894,5.88533,437270739.3
11-02-2010,Thursday,February,2010,Q1,5.87495,6.02388,5.85323,5.99199,650826437.5
12-02-2010,Friday,February,2010,Q1,5.97708,6.08108,5.8959,6.04316,762060355.4
16-02-2010,Tuesday,February,2010,Q1,6.09067,6.144,6.07763,6.13451,641373356.1
17-02-2010,Wednesday,February,2010,Q1,6.1602,6.16158,6.05877,6.10865,514850845.2
18-02-2010,Thursday,February,2010,Q1,6.08088,6.14942,6.06072,6.12049,498911499.1
19-02-2010,Friday,February,2010,Q1,6.0875,6.1286,6.06538,6.08217,491745431.2
22-02-2010,Monday,February,2010,Q1,6.10577,6.10725,6.00751,6.04435,462342680.1
23-02-2010,Tuesday,February,2010,Q1,6.02883,6.07219,5.90242,5.9433,680958074
24-02-2010,Wednesday,February,2010,Q1,5.98705,6.07476,5.96661,6.05225,544927355.9
25-02-2010,Thursday,February,2010,Q1,5.95249,6.11832,5.93817,6.09215,787276279.5
26-02-2010,Friday,February,2010,Q1,6.10597,6.18776,6.09215,6.17106,600362669.6
01-03-2010,Monday,March,2010,Q1,6.20503,6.31842,6.19664,6.30311,650431089.8
02-03-2010,Tuesday,March,2010,Q1,6.33246,6.35843,6.26568,6.29936,670230477.4
03-03-2010,Wednesday,March,2010,Q1,6.30875,6.32967,6.27111,6.31318,439801543.9
04-03-2010,Thursday,March,2010,Q1,6.31477,6.36109,6.29294,6.35447,424522765.8
05-03-2010,Friday,March,2010,Q1,6.48423,6.62578,6.47319,6.60347,1064270790
08-03-2010,Monday,March,2010,Q1,6.63427,6.63823,6.58253,6.60741,508441274.1
09-03-2010,Tuesday,March,2010,Q1,6.57985,6.78619,6.57216,6.72585,1089006528
10-03-2010,Wednesday,March,2010,Q1,6.74737,6.80099,6.73137,6.78133,705388376.2
11-03-2010,Thursday,March,2010,Q1,6.75132,6.80129,6.7356,6.80129,479460453.6
12-03-2010,Friday,March,2010,Q1,6.8477,6.86775,6.80821,6.83418,491878528.3
15-03-2010,Monday,March,2010,Q1,6.80129,6.80129,6.64287,6.75082,583476202.2
16-03-2010,Tuesday,March,2010,Q1,6.7606,6.7855,6.71101,6.769,528881452.9
17-03-2010,Wednesday,March,2010,Q1,6.78026,6.82954,6.73394,6.75862,533363088.9
18-03-2010,Thursday,March,2010,Q1,6.75299,6.78619,6.71358,6.7755,404567179.2
19-03-2010,Friday,March,2010,Q1,6.79082,6.7935,6.6721,6.70342,661840827.4
22-03-2010,Monday,March,2010,Q1,6.65017,6.81581,6.6399,6.77907,539971573.6
23-03-2010,Tuesday,March,2010,Q1,6.80593,6.90034,6.75812,6.88752,712843612.6
24-03-2010,Wednesday,March,2010,Q1,6.87171,6.94312,6.86124,6.91705,707912722.2
25-03-2010,Thursday,March,2010,Q1,6.96307,6.96663,6.82391,6.83615,642246918.4
26-03-2010,Friday,March,2010,Q1,6.90707,6.99488,6.89333,6.96435,758474093.6
29-03-2010,Monday,March,2010,Q1,7.0245,7.05355,6.98538,7.0085,624123258
30-03-2010,Tuesday,March,2010,Q1,7.138,7.16269,7.0652,7.1133,622085516
31-03-2010,Wednesday,March,2010,Q1,7.1133,7.13631,7.07152,7.08772,508939807.2
01-04-2010,Thursday,April,2010,Q2,7.16761,7.20072,7.02007,7.11666,713338162.5
05-04-2010,Monday,April,2010,Q2,7.08742,7.19321,7.0807,7.19291,807106509.4
06-04-2010,Tuesday,April,2010,Q2,7.1859,7.24554,7.14807,7.2249,527854061.9
07-04-2010,Wednesday,April,2010,Q2,7.23023,7.29611,7.19844,7.25581,743267408.5
08-04-2010,Thursday,April,2010,Q2,7.25019,7.28546,7.17809,7.23655,677950885.4
09-04-2010,Friday,April,2010,Q2,7.28297,7.29511,7.25167,7.29227,395289218.1
12-04-2010,Monday,April,2010,Q2,7.32624,7.33097,7.29307,7.30698,394275051.1
13-04-2010,Tuesday,April,2010,Q2,7.30519,7.32309,7.27182,7.31173,361011750.2
14-04-2010,Wednesday,April,2010,Q2,7.39419,7.41416,7.36109,7.41038,477779487.8
15-04-2010,Thursday,April,2010,Q2,7.41779,7.51103,7.40437,7.50729,444790262.4
16-04-2010,Friday,April,2010,Q2,7.50975,7.57355,7.37551,7.46125,888194763.9
19-04-2010,Monday,April,2010,Q2,7.43538,7.47666,7.29147,7.45148,670665416.3
20-04-2010,Tuesday,April,2010,Q2,7.51675,7.51695,7.32742,7.3771,852130870.8
21-04-2010,Wednesday,April,2010,Q2,7.78936,7.84921,7.71241,7.8178,1160938403
22-04-2010,Thursday,April,2010,Q2,7.78739,8.04477,7.72704,8.03726,937265606.6
23-04-2010,Friday,April,2010,Q2,8.05268,8.20852,8.05228,8.16783,942267129
26-04-2010,Monday,April,2010,Q2,8.20241,8.21751,8.08872,8.12821,566418986.4
27-04-2010,Tuesday,April,2010,Q2,8.05228,8.07845,7.85702,7.90354,838258425.3
28-04-2010,Wednesday,April,2010,Q2,7.93129,7.96249,7.73335,7.89022,897119462.2
29-04-2010,Thursday,April,2010,Q2,7.93327,8.14382,7.90254,8.10185,660926662.4
30-04-2010,Friday,April,2010,Q2,8.13532,8.15993,7.87163,7.8746,641502336.5
03-05-2010,Monday,May,2010,Q2,7.97475,8.07943,7.92793,8.03342,536932851.2
04-05-2010,Tuesday,May,2010,Q2,7.91588,7.94027,7.74293,7.80081,855843779.2
05-05-2010,Wednesday,May,2010,Q2,7.62727,7.78609,7.50215,7.72061,1043918909
06-05-2010,Thursday,May,2010,Q2,7.66006,7.78906,6.00916,7.42737,1514496429
07-05-2010,Friday,May,2010,Q2,7.35894,7.43608,6.79231,7.11369,1984684491
10-05-2010,Monday,May,2010,Q2,7.57472,7.68021,7.49621,7.65986,1163067171
11-05-2010,Tuesday,May,2010,Q2,7.60081,7.83854,7.55528,7.73699,1004559810
12-05-2010,Wednesday,May,2010,Q2,7.83084,7.93582,7.8015,7.90522,773938112.8
13-05-2010,Thursday,May,2010,Q2,7.93928,7.99213,7.73305,7.79172,709140660
14-05-2010,Friday,May,2010,Q2,7.69779,7.73584,7.52475,7.65474,897107973.5
17-05-2010,Monday,May,2010,Q2,7.66539,7.72624,7.47142,7.66658,901942817.6
18-05-2010,Tuesday,May,2010,Q2,7.75252,7.79784,7.54767,7.61127,923319147.4
19-05-2010,Wednesday,May,2010,Q2,7.52396,7.62847,7.3849,7.49008,1213093750
20-05-2010,Thursday,May,2010,Q2,7.2807,7.35458,7.12318,7.17029,1513806315
21-05-2010,Friday,May,2010,Q2,6.98637,7.37384,6.97759,7.30817,1448454603
24-05-2010,Monday,May,2010,Q2,7.4572,7.56683,7.42797,7.4416,891826582.3
25-05-2010,Tuesday,May,2010,Q2,7.23479,7.4416,7.15349,7.39517,1238214809
26-05-2010,Wednesday,May,2010,Q2,7.5458,7.60436,7.35164,7.36258,1005483569
27-05-2010,Thursday,May,2010,Q2,7.5615,7.65672,7.5131,7.64062,783176232.7
28-05-2010,Friday,May,2010,Q2,7.81621,7.82372,7.64062,7.74708,964672406
01-06-2010,Tuesday,June,2010,Q2,7.83271,8.02146,7.80989,7.86591,1035064429
02-06-2010,Wednesday,June,2010,Q2,7.98383,7.9855,7.85198,7.96122,813331613.9
03-06-2010,Thursday,June,2010,Q2,7.99795,8.00901,7.85395,7.93562,768983626.4
04-06-2010,Friday,June,2010,Q2,7.79518,7.89908,7.67972,7.71961,895718376.3
07-06-2010,Monday,June,2010,Q2,7.79232,7.81551,7.55626,7.56781,1048214165
08-06-2010,Tuesday,June,2010,Q2,7.64159,7.65454,7.40889,7.51933,1183885816
09-06-2010,Wednesday,June,2010,Q2,7.58708,7.59785,7.31369,7.33493,1009507080
10-06-2010,Thursday,June,2010,Q2,7.38332,7.56901,7.30452,7.55586,916645456.8
11-06-2010,Friday,June,2010,Q2,7.48477,7.65593,7.46026,7.64575,644954201
14-06-2010,Monday,June,2010,Q2,7.72358,7.81551,7.66056,7.66836,712766195
15-06-2010,Tuesday,June,2010,Q2,7.70857,7.83736,7.7058,7.83251,691006650.1
16-06-2010,Wednesday,June,2010,Q2,7.87163,8.07548,7.86037,8.05958,926544057.6
17-06-2010,Thursday,June,2010,Q2,8.16427,8.23133,8.12821,8.19953,1032011405
18-06-2010,Friday,June,2010,Q2,8.21031,8.29425,8.18628,8.26551,928144643.3
21-06-2010,Monday,June,2010,Q2,8.37662,8.41503,8.10442,8.14878,915236566.7
22-06-2010,Tuesday,June,2010,Q2,8.21031,8.32308,8.18828,8.2586,847363947.2
23-06-2010,Wednesday,June,2010,Q2,8.28073,8.28369,8.08012,8.17217,908895552
24-06-2010,Thursday,June,2010,Q2,8.17217,8.23973,8.08645,8.11283,845453286.1
25-06-2010,Friday,June,2010,Q2,8.14462,8.15144,8.01681,8.04377,647499926.6
28-06-2010,Monday,June,2010,Q2,8.05198,8.13572,7.9773,8.09208,692469125.8
29-06-2010,Tuesday,June,2010,Q2,7.97346,7.97346,7.66916,7.72604,1339528546
30-06-2010,Wednesday,June,2010,Q2,7.74275,7.78046,7.54095,7.58611,874183979.5
01-07-2010,Thursday,July,2010,Q3,7.66393,7.68466,7.33563,7.49474,1210384810
02-07-2010,Friday,July,2010,Q3,7.56051,7.56761,7.33493,7.44742,821602028.7
06-07-2010,Tuesday,July,2010,Q3,7.44742,7.62501,7.425,7.49938,727602308.9
07-07-2010,Wednesday,July,2010,Q3,7.55853,7.80398,7.53236,7.80051,772948067.2
08-07-2010,Thursday,July,2010,Q3,7.91904,7.9287,7.68733,7.78442,872827868.3
09-07-2010,Friday,July,2010,Q3,7.74777,7.83874,7.69641,7.83034,512808881.1
12-07-2010,Monday,July,2010,Q3,7.79717,7.89743,7.68634,7.76023,665451209.5
13-07-2010,Tuesday,July,2010,Q3,7.72723,7.73305,7.4324,7.59488,1406164299
14-07-2010,Wednesday,July,2010,Q3,7.51529,7.71429,7.51003,7.62264,961419110.8
15-07-2010,Thursday,July,2010,Q3,7.48782,7.75035,7.4578,7.58332,971602723
16-07-2010,Friday,July,2010,Q3,7.63243,7.69019,7.49237,7.53731,1229400552
19-07-2010,Monday,July,2010,Q3,7.53176,7.53652,7.22679,7.40664,1211977136
20-07-2010,Tuesday,July,2010,Q3,7.3131,7.62797,7.23843,7.59785,1253221284
21-07-2010,Wednesday,July,2010,Q3,7.99173,7.99637,7.66006,7.66688,1401981996
22-07-2010,Thursday,July,2010,Q3,7.77335,7.8416,7.70028,7.81159,763352773.3
23-07-2010,Friday,July,2010,Q3,7.75746,7.85365,7.7291,7.84003,631145313.1
26-07-2010,Monday,July,2010,Q3,7.8412,7.84476,7.77315,7.81979,493579960.5
27-07-2010,Tuesday,July,2010,Q3,7.86165,7.9855,7.85098,7.96545,687719950
28-07-2010,Wednesday,July,2010,Q3,7.95281,8.02324,7.84921,7.87014,614715044.8
29-07-2010,Thursday,July,2010,Q3,7.86273,7.92072,7.72408,7.7851,761848496.1
30-07-2010,Friday,July,2010,Q3,7.71291,7.83271,7.68793,7.75863,530654511.3
02-08-2010,Monday,August,2010,Q3,7.85464,7.91934,7.83034,7.89743,504943364.8
03-08-2010,Tuesday,August,2010,Q3,7.89743,7.93928,7.82442,7.90036,493129653.1
04-08-2010,Wednesday,August,2010,Q3,7.92447,7.97098,7.85118,7.93079,497609177
05-08-2010,Thursday,August,2010,Q3,7.88594,7.93711,7.85799,7.89275,342271257.1
06-08-2010,Friday,August,2010,Q3,7.83271,7.88623,7.77019,7.84456,526502450.1
09-08-2010,Monday,August,2010,Q3,7.88623,7.90707,7.82905,7.89444,358000535
10-08-2010,Tuesday,August,2010,Q3,7.83736,7.85493,7.76843,7.82392,534693289.7
11-08-2010,Wednesday,August,2010,Q3,7.69591,7.71093,7.53434,7.54531,731808872.1
12-08-2010,Thursday,August,2010,Q3,7.43688,7.63368,7.42342,7.59428,632594350.2
13-08-2010,Friday,August,2010,Q3,7.57059,7.59755,7.51231,7.5129,419566350.7
16-08-2010,Monday,August,2010,Q3,7.47192,7.54095,7.43736,7.46924,376189657.6
17-08-2010,Tuesday,August,2010,Q3,7.54323,7.67972,7.51557,7.59953,499951849.9
18-08-2010,Wednesday,August,2010,Q3,7.61692,7.681,7.58777,7.63272,400492525.5
19-08-2010,Thursday,August,2010,Q3,7.62443,7.64446,7.50056,7.53652,504630914.2
20-08-2010,Friday,August,2010,Q3,7.52062,7.65771,7.51003,7.52881,453901686.1
23-08-2010,Monday,August,2010,Q3,7.59312,7.60081,7.39617,7.41386,489343413.6
24-08-2010,Tuesday,August,2010,Q3,7.32901,7.32901,7.19814,7.23576,711400048
25-08-2010,Wednesday,August,2010,Q3,7.23576,7.35875,7.15498,7.32574,705546770.3
26-08-2010,Thursday,August,2010,Q3,7.40337,7.41216,7.24713,7.24713,550921075.3
27-08-2010,Friday,August,2010,Q3,7.28526,7.31704,7.1048,7.28791,649108700.3
30-08-2010,Monday,August,2010,Q3,7.26026,7.41216,7.258,7.31399,453142100.1
31-08-2010,Tuesday,August,2010,Q3,7.29227,7.37611,7.2491,7.33195,497352694.5
01-09-2010,Wednesday,September,2010,Q3,7.46491,7.58382,7.42827,7.54995,824029766.5
02-09-2010,Thursday,September,2010,Q3,7.58145,7.60536,7.4972,7.60536,490876372.4
03-09-2010,Friday,September,2010,Q3,7.68881,7.80438,7.67528,7.80398,615999349.7
07-09-2010,Tuesday,September,2010,Q3,7.7368,7.82788,7.72872,7.77622,405581758.3
08-09-2010,Wednesday,September,2010,Q3,7.83419,7.97346,7.81406,7.9292,622422529.5
09-09-2010,Thursday,September,2010,Q3,7.99539,8.03875,7.9292,7.93376,518200306
10-09-2010,Friday,September,2010,Q3,7.9379,7.97691,7.88347,7.94403,458759797.1
13-09-2010,Monday,September,2010,Q3,8.02176,8.09139,8.01554,8.05376,459675662
14-09-2010,Tuesday,September,2010,Q3,8.02837,8.11796,8.00833,8.08516,479953609.4
15-09-2010,Wednesday,September,2010,Q3,8.08289,8.15471,8.07845,8.14974,505959211.5
16-09-2010,Thursday,September,2010,Q3,8.15144,8.34394,8.12821,8.34127,769869220.1
17-09-2010,Friday,September,2010,Q3,8.36981,8.38275,8.25396,8.30503,750679781.3
20-09-2010,Monday,September,2010,Q3,8.32725,8.55855,8.32004,8.54235,779729895.3
21-09-2010,Tuesday,September,2010,Q3,8.55974,8.6667,8.52863,8.55855,789196616.9
22-09-2010,Wednesday,September,2010,Q3,8.53237,8.68537,8.51716,8.67847,692431795.5
23-09-2010,Thursday,September,2010,Q3,8.64052,8.82976,8.62553,8.71371,929391194.7
24-09-2010,Friday,September,2010,Q3,8.80655,8.85337,8.76251,8.81634,767272595.9
27-09-2010,Monday,September,2010,Q3,8.86682,8.88825,8.77671,8.7813,571354895.7
28-09-2010,Tuesday,September,2010,Q3,8.79737,8.79993,8.29425,8.6517,1224674979
29-09-2010,Wednesday,September,2010,Q3,8.66078,8.74047,8.62553,8.6672,555367971.9
30-09-2010,Thursday,September,2010,Q3,8.71589,8.7464,8.48201,8.55775,796683960.2
01-10-2010,Friday,October,2010,Q4,8.63538,8.6435,8.48517,8.52112,530585551
04-10-2010,Monday,October,2010,Q4,8.49603,8.53237,8.3773,8.40409,514620377.4
05-10-2010,Tuesday,October,2010,Q4,8.51569,8.72973,8.50009,8.71441,591682545.9
06-10-2010,Wednesday,October,2010,Q4,8.73743,8.80625,8.60368,8.72231,792120613.7
07-10-2010,Thursday,October,2010,Q4,8.75677,8.76082,8.65307,8.72329,482562191
08-10-2010,Friday,October,2010,Q4,8.79915,8.88133,8.7464,8.86976,777724003
11-10-2010,Monday,October,2010,Q4,8.8904,8.96419,8.88458,8.90798,505319084.6
12-10-2010,Tuesday,October,2010,Q4,8.90928,9.0328,8.82118,9.00407,659474469.5
13-10-2010,Wednesday,October,2010,Q4,9.04922,9.10641,9.04221,9.05229,736322591.7
14-10-2010,Thursday,October,2010,Q4,9.09525,9.12301,9.06,9.11807,513248735.6
15-10-2010,Friday,October,2010,Q4,9.27225,9.50138,9.1964,9.49348,1086131703
18-10-2010,Monday,October,2010,Q4,9.60509,9.6209,9.48064,9.59027,1276945715
19-10-2010,Tuesday,October,2010,Q4,9.15275,9.46483,9.04873,9.33544,1454575447
20-10-2010,Wednesday,October,2010,Q4,9.32063,9.47865,9.25545,9.36608,849997392.4
21-10-2010,Thursday,October,2010,Q4,9.41942,9.49348,9.25327,9.33544,648157784.2
22-10-2010,Friday,October,2010,Q4,9.32063,9.35136,9.23767,9.27324,438121257.5
25-10-2010,Monday,October,2010,Q4,9.32361,9.39867,9.30275,9.3157,455755841.4
26-10-2010,Tuesday,October,2010,Q4,9.25545,9.34237,9.21821,9.29051,460396139.7
27-10-2010,Wednesday,October,2010,Q4,9.27443,9.34741,9.21654,9.28349,464884758.8
28-10-2010,Thursday,October,2010,Q4,9.28766,9.28954,9.0751,9.20596,649580523
29-10-2010,Friday,October,2010,Q4,9.17832,9.22522,9.07403,9.07747,504571612
01-11-2010,Monday,November,2010,Q4,9.12745,9.21654,9.11411,9.17327,500141864.8
02-11-2010,Tuesday,November,2010,Q4,9.26632,9.3553,9.2594,9.33052,511297406.1
03-11-2010,Wednesday,November,2010,Q4,9.39472,9.4372,9.30572,9.43422,601327026.4
04-11-2010,Thursday,November,2010,Q4,9.50533,9.65745,9.50236,9.59818,758812047.7
05-11-2010,Friday,November,2010,Q4,9.59027,9.63866,9.55176,9.56361,427027326.8
08-11-2010,Monday,November,2010,Q4,9.56361,9.64459,9.55273,9.60903,331559739.8
09-11-2010,Tuesday,November,2010,Q4,9.68113,9.69002,9.48656,9.53299,452727070.7
10-11-2010,Wednesday,November,2010,Q4,9.55077,9.61299,9.45792,9.59225,451534115.2
11-11-2010,Thursday,November,2010,Q4,9.50236,9.60212,9.47865,9.54879,427265557.3
12-11-2010,Friday,November,2010,Q4,9.51622,9.54484,9.15739,9.28954,941378013.9
15-11-2010,Monday,November,2010,Q4,9.30375,9.36608,9.23668,9.26038,476590037.5
16-11-2010,Tuesday,November,2010,Q4,9.21475,9.27717,9.02689,9.09564,777897581.3
17-11-2010,Wednesday,November,2010,Q4,9.08015,9.16874,8.98009,9.06344,566774463.5
18-11-2010,Thursday,November,2010,Q4,9.21288,9.3404,9.18917,9.30275,583256919.3
19-11-2010,Friday,November,2010,Q4,9.28954,9.30177,9.20596,9.25131,455294461.4
22-11-2010,Monday,November,2010,Q4,9.25042,9.452,9.22502,9.452,463721739.4
23-11-2010,Tuesday,November,2010,Q4,9.36509,9.40262,9.24616,9.31156,612940826.1
24-11-2010,Wednesday,November,2010,Q4,9.41052,9.51423,9.40262,9.49545,489834409.7
26-11-2010,Friday,November,2010,Q4,9.45792,9.58139,9.43914,9.50138,281529770.7
29-11-2010,Monday,November,2010,Q4,9.53792,9.57447,9.39176,9.55571,523520839.9
30-11-2010,Tuesday,November,2010,Q4,9.45692,9.48261,9.37605,9.38484,592950178.2
01-12-2010,Wednesday,December,2010,Q4,9.52015,9.58336,9.50138,9.54188,544009948
02-12-2010,Thursday,December,2010,Q4,9.57546,9.6209,9.49843,9.5952,548063977.4
03-12-2010,Friday,December,2010,Q4,9.55768,9.61003,9.54088,9.57348,405026143.4
06-12-2010,Monday,December,2010,Q4,9.60609,9.72164,9.60212,9.65645,526606386.6
07-12-2010,Tuesday,December,2010,Q4,9.76804,9.77102,9.59423,9.59718,461585139.4
08-12-2010,Wednesday,December,2010,Q4,9.64459,9.68212,9.56261,9.68212,379735090.9
09-12-2010,Thursday,December,2010,Q4,9.72459,9.72657,9.62187,9.6436,347606100.4
10-12-2010,Friday,December,2010,Q4,9.64065,9.68311,9.60804,9.66829,310685074.7
13-12-2010,Monday,December,2010,Q4,9.78188,9.80263,9.68113,9.70089,519648264.8
14-12-2010,Tuesday,December,2010,Q4,9.71077,9.72757,9.6209,9.66038,415555247.5
15-12-2010,Wednesday,December,2010,Q4,9.65545,9.74139,9.62682,9.66238,491653420.7
16-12-2010,Thursday,December,2010,Q4,9.6841,9.72953,9.65545,9.68805,380439155.2
17-12-2010,Friday,December,2010,Q4,9.69201,9.70485,9.65842,9.66929,457547715.7
20-12-2010,Monday,December,2010,Q4,9.69299,9.74831,9.59818,9.71768,454770921
21-12-2010,Tuesday,December,2010,Q4,9.74532,9.78288,9.71177,9.77693,302947044.3
22-12-2010,Wednesday,December,2010,Q4,9.78188,9.82237,9.7582,9.80657,314756729.4
23-12-2010,Thursday,December,2010,Q4,9.80066,9.80558,9.74731,9.76014,264084544.6
27-12-2010,Monday,December,2010,Q4,9.74731,9.81448,9.69595,9.79175,295182537.6
28-12-2010,Tuesday,December,2010,Q4,9.82929,9.852,9.80263,9.81546,207931926.4
29-12-2010,Wednesday,December,2010,Q4,9.83522,9.84508,9.8036,9.81051,193144024.9
30-12-2010,Thursday,December,2010,Q4,9.81349,9.81644,9.74338,9.76212,186407279.8
31-12-2010,Friday,December,2010,Q4,9.74139,9.75621,9.69002,9.72855,229008970.9
03-01-2011,Monday,January,2011,Q1,9.79571,9.95964,9.79571,9.93896,526221608.2
04-01-2011,Tuesday,January,2011,Q1,10.0288,10.0288,9.89645,9.99124,365741088.4
05-01-2011,Wednesday,January,2011,Q1,9.95168,10.0851,9.93697,10.0742,300072290.7
06-01-2011,Thursday,January,2011,Q1,10.1049,10.1118,10.0407,10.0662,355058144.4
07-01-2011,Friday,January,2011,Q1,10.0781,10.1444,10.01,10.1384,367314147.8
10-01-2011,Monday,January,2011,Q1,10.2194,10.3538,10.1701,10.328,530288714.9
11-01-2011,Tuesday,January,2011,Q1,10.4052,10.4062,10.2372,10.3043,524118095.2
12-01-2011,Wednesday,January,2011,Q1,10.3587,10.3893,10.3142,10.3893,357644066.6
13-01-2011,Thursday,January,2011,Q1,10.4111,10.4544,10.3714,10.4258,351123184.1
14-01-2011,Friday,January,2011,Q1,10.4356,10.5077,10.3893,10.5077,364138230.7
18-01-2011,Tuesday,January,2011,Q1,9.86386,10.3992,9.83026,10.2738,2204791224
19-01-2011,Wednesday,January,2011,Q1,10.5117,10.5127,10.1602,10.2194,1341657304
20-01-2011,Thursday,January,2011,Q1,10.1404,10.2016,9.95565,10.0348,904421545.1
21-01-2011,Friday,January,2011,Q1,10.0742,10.1019,9.85003,9.853,892099128.9
24-01-2011,Monday,January,2011,Q1,9.86386,10.1769,9.853,10.1769,678606267.5
25-01-2011,Tuesday,January,2011,Q1,10.1404,10.2985,10.0921,10.2975,644260539
26-01-2011,Wednesday,January,2011,Q1,10.343,10.4239,10.3004,10.3714,599496382
27-01-2011,Thursday,January,2011,Q1,10.3724,10.3973,10.34,10.3528,336985995.2
28-01-2011,Friday,January,2011,Q1,10.3853,10.3883,10.0604,10.1374,699949948.7
31-01-2011,Monday,January,2011,Q1,10.1314,10.2549,10.0841,10.2334,446268491.4
01-02-2011,Tuesday,February,2011,Q1,10.3014,10.4249,10.2846,10.4082,503754164.6
02-02-2011,Wednesday,February,2011,Q1,10.3893,10.4131,10.3615,10.3853,306257525.6
03-02-2011,Thursday,February,2011,Q1,10.3674,10.3833,10.2095,10.3597,465602976.6
04-02-2011,Friday,February,2011,Q1,10.3635,10.4564,10.3615,10.4505,380583789.6
07-02-2011,Monday,February,2011,Q1,10.495,10.654,10.4852,10.6125,573367030.9
08-02-2011,Tuesday,February,2011,Q1,10.6629,10.722,10.6205,10.7124,449954197.3
09-02-2011,Wednesday,February,2011,Q1,10.7124,10.8278,10.7024,10.8031,570809992.9
10-02-2011,Thursday,February,2011,Q1,10.7922,10.8565,10.495,10.6935,1098127698
11-02-2011,Friday,February,2011,Q1,10.7024,10.7912,10.6639,10.7636,434748754.4
14-02-2011,Monday,February,2011,Q1,10.7616,10.8417,10.7586,10.8318,367092744.8
15-02-2011,Tuesday,February,2011,Q1,10.8328,10.8565,10.7844,10.8545,335106014.4
16-02-2011,Wednesday,February,2011,Q1,10.8782,11.0057,10.8722,10.9512,562630050.6
17-02-2011,Thursday,February,2011,Q1,10.7696,10.8653,10.7528,10.8071,626846104.6
18-02-2011,Friday,February,2011,Q1,10.8071,10.8417,10.5405,10.5721,963112722.6
22-02-2011,Tuesday,February,2011,Q1,10.3112,10.4181,10.1848,10.2125,1030748998
23-02-2011,Wednesday,February,2011,Q1,10.2135,10.3953,10.2125,10.334,794480883.6
24-02-2011,Thursday,February,2011,Q1,10.3754,10.4111,10.2045,10.342,591176302.8
25-02-2011,Friday,February,2011,Q1,10.4161,10.5067,10.4012,10.4989,448941532.8
28-02-2011,Monday,February,2011,Q1,10.5908,10.7084,10.5888,10.653,476087927.3
01-03-2011,Tuesday,March,2011,Q1,10.7144,10.728,10.4852,10.5345,538718043.1
02-03-2011,Wednesday,March,2011,Q1,10.5533,10.6876,10.5057,10.6195,712470103.1
03-03-2011,Thursday,March,2011,Q1,10.7804,10.8506,10.734,10.8436,590436299.3
04-03-2011,Friday,March,2011,Q1,10.8436,10.8653,10.7902,10.8565,536041333.5
07-03-2011,Monday,March,2011,Q1,10.9058,10.9078,10.5947,10.7182,645710710
08-03-2011,Tuesday,March,2011,Q1,10.7004,10.7795,10.6235,10.729,421383283
09-03-2011,Wednesday,March,2011,Q1,10.6975,10.6995,10.573,10.6303,536559865.1
10-03-2011,Thursday,March,2011,Q1,10.5235,10.5484,10.4032,10.4554,600511939.1
11-03-2011,Friday,March,2011,Q1,10.4072,10.6253,10.4072,10.6165,556773237.3
14-03-2011,Monday,March,2011,Q1,10.6422,10.7518,10.5947,10.6639,516272246.5
15-03-2011,Tuesday,March,2011,Q1,10.3102,10.4912,10.2569,10.4191,852953944.6
16-03-2011,Wednesday,March,2011,Q1,10.3102,10.346,9.83916,9.95268,1365498588
17-03-2011,Thursday,March,2011,Q1,10.1622,10.2421,9.97256,10.094,779846963.8
18-03-2011,Friday,March,2011,Q1,10.1612,10.1988,9.95168,9.97256,891398611.3
21-03-2011,Monday,March,2011,Q1,10.1384,10.246,10.1118,10.2324,489101861.2
22-03-2011,Tuesday,March,2011,Q1,10.332,10.334,10.2284,10.2915,386031919.7
23-03-2011,Wednesday,March,2011,Q1,10.2314,10.2599,10.1324,10.2294,441487294.7
24-03-2011,Thursday,March,2011,Q1,10.3102,10.4356,10.2204,10.4062,478968835.8
25-03-2011,Friday,March,2011,Q1,10.495,10.6175,10.4654,10.6025,531376902.6
28-03-2011,Monday,March,2011,Q1,10.654,10.6866,10.5681,10.5681,365613926.5
29-03-2011,Tuesday,March,2011,Q1,10.4803,10.5848,10.4375,10.5848,416985443.3
30-03-2011,Wednesday,March,2011,Q1,10.5769,10.5819,10.4783,10.5127,389176187.5
31-03-2011,Thursday,March,2011,Q1,10.4485,10.5493,10.4375,10.5097,324239785.5
01-04-2011,Friday,April,2011,Q2,10.5888,10.6035,10.3558,10.3933,495005388.5
04-04-2011,Monday,April,2011,Q2,10.3933,10.3943,10.2045,10.2905,543559066.5
05-04-2011,Tuesday,April,2011,Q2,10.1503,10.3221,10.1344,10.2214,571515863.5
06-04-2011,Wednesday,April,2011,Q2,10.2985,10.3724,10.1691,10.1948,475976599.6
07-04-2011,Thursday,April,2011,Q2,10.1958,10.2669,10.1354,10.1958,441796831.4
08-04-2011,Friday,April,2011,Q2,10.2529,10.2579,10.0722,10.1058,446214802.4
11-04-2011,Monday,April,2011,Q2,10.0911,10.1236,9.95268,9.9774,472158003.1
12-04-2011,Tuesday,April,2011,Q2,9.97356,10.0662,9.95764,10.0258,503422233.8
13-04-2011,Wednesday,April,2011,Q2,10.0999,10.1384,10.0288,10.1384,409698530.4
14-04-2011,Thursday,April,2011,Q2,10.094,10.1344,10.015,10.0258,356961143
15-04-2011,Friday,April,2011,Q2,10.0624,10.0633,9.85596,9.8767,536840404.3
18-04-2011,Monday,April,2011,Q2,9.83324,10.0199,9.65645,10.009,724554015.5
19-04-2011,Tuesday,April,2011,Q2,10.0516,10.1928,10.004,10.1888,495473986.5
20-04-2011,Wednesday,April,2011,Q2,10.3674,10.4278,10.3004,10.327,800946203
21-04-2011,Thursday,April,2011,Q2,10.6876,10.7104,10.5097,10.5769,891730998.7
25-04-2011,Monday,April,2011,Q2,10.5711,10.6698,10.5642,10.647,314644963.3
26-04-2011,Tuesday,April,2011,Q2,10.6639,10.7064,10.5355,10.5672,399645529.8
27-04-2011,Wednesday,April,2011,Q2,10.6244,10.6263,10.4674,10.5593,420563963.6
28-04-2011,Thursday,April,2011,Q2,10.4415,10.5474,10.421,10.4584,427038074.4
29-04-2011,Friday,April,2011,Q2,10.4654,10.6756,10.4554,10.5593,1189500903
02-05-2011,Monday,May,2011,Q2,10.5464,10.5691,10.4201,10.4445,522914431.7
03-05-2011,Tuesday,May,2011,Q2,10.4932,10.5513,10.4239,10.4998,370978009.3
04-05-2011,Wednesday,May,2011,Q2,10.5018,10.6105,10.4614,10.5414,462497714.8
05-05-2011,Thursday,May,2011,Q2,10.5037,10.5848,10.4375,10.4584,397174268.3
06-05-2011,Friday,May,2011,Q2,10.5503,10.5553,10.4425,10.4544,331554489
09-05-2011,Monday,May,2011,Q2,10.4922,10.5305,10.4505,10.4832,242302785.8
10-05-2011,Tuesday,May,2011,Q2,10.5186,10.5454,10.4544,10.5385,337547135.2
11-05-2011,Wednesday,May,2011,Q2,10.5295,10.5553,10.4131,10.4714,395583793.3
12-05-2011,Thursday,May,2011,Q2,10.4495,10.4684,10.3221,10.4524,378711923.9
13-05-2011,Friday,May,2011,Q2,10.4298,10.4435,10.2649,10.2699,385874021.8
16-05-2011,Monday,May,2011,Q2,10.2294,10.2925,10.0318,10.0525,532122429.2
17-05-2011,Tuesday,May,2011,Q2,10.013,10.1384,9.97455,10.1384,535459415.2
18-05-2011,Wednesday,May,2011,Q2,10.1493,10.2866,10.1344,10.2489,395580338.7
19-05-2011,Thursday,May,2011,Q2,10.3162,10.327,10.2135,10.2709,308585646.1
20-05-2011,Friday,May,2011,Q2,10.246,10.2836,10.1058,10.1108,400150727
23-05-2011,Monday,May,2011,Q2,9.95367,10.1334,9.93495,10.0871,452552861.6
24-05-2011,Tuesday,May,2011,Q2,10.1188,10.1305,9.99323,10.019,381058357.1
25-05-2011,Wednesday,May,2011,Q2,10.0525,10.2105,10.0398,10.1572,347915002.3
26-05-2011,Thursday,May,2011,Q2,10.1275,10.1602,10.0881,10.1049,263477735.5
27-05-2011,Friday,May,2011,Q2,10.0979,10.1819,10.0841,10.1759,241027866.6
31-05-2011,Tuesday,May,2011,Q2,10.2945,10.4912,10.2846,10.4912,493382646.6
01-06-2011,Wednesday,June,2011,Q2,10.5275,10.6195,10.3963,10.421,655338810.5
02-06-2011,Thursday,June,2011,Q2,10.4514,10.495,10.3853,10.4395,401084461.2
03-06-2011,Friday,June,2011,Q2,10.3509,10.4161,10.3142,10.3597,370771193.2
06-06-2011,Monday,June,2011,Q2,10.4268,10.4654,10.1878,10.1948,545995154.2
07-06-2011,Tuesday,June,2011,Q2,10.1978,10.1988,10.01,10.014,626960499.1
08-06-2011,Wednesday,June,2011,Q2,10.013,10.0979,9.97256,10.0199,394826776
09-06-2011,Thursday,June,2011,Q2,10.0525,10.0643,9.9754,9.99723,325588946
10-06-2011,Friday,June,2011,Q2,9.97057,10.0032,9.81644,9.8283,513731335.2
13-06-2011,Monday,June,2011,Q2,9.86782,9.90139,9.80263,9.85003,390105665.3
14-06-2011,Tuesday,June,2011,Q2,9.95367,10.0516,9.93206,10.0268,395525131
15-06-2011,Wednesday,June,2011,Q2,9.93395,9.96163,9.79669,9.85398,468752783.7
16-06-2011,Thursday,June,2011,Q2,9.85596,9.91327,9.60015,9.80657,600805563.6
17-06-2011,Friday,June,2011,Q2,9.92511,9.9301,9.63175,9.65941,728097266.9
20-06-2011,Monday,June,2011,Q2,9.56953,9.58139,9.36509,9.51224,757417945
21-06-2011,Tuesday,June,2011,Q2,9.54583,9.82435,9.5083,9.81051,583325891.8
22-06-2011,Wednesday,June,2011,Q2,9.80066,9.91921,9.72361,9.72953,461679457.4
23-06-2011,Thursday,June,2011,Q2,9.61891,10.0032,9.59423,9.98924,661243094.1
24-06-2011,Friday,June,2011,Q2,9.99823,10.0486,9.8036,9.84213,520596989.9
27-06-2011,Monday,June,2011,Q2,9.88064,10.0702,9.86978,10.014,401737968.2
28-06-2011,Tuesday,June,2011,Q2,10.0624,10.1552,10.0574,10.1118,347599989
29-06-2011,Wednesday,June,2011,Q2,10.1394,10.1454,10.009,10.0751,417418319.8
30-06-2011,Thursday,June,2011,Q2,10.0881,10.1384,10.0388,10.1236,382205058.3
01-07-2011,Friday,July,2011,Q3,10.1324,10.3606,10.0801,10.3538,520744967.5
05-07-2011,Tuesday,July,2011,Q3,10.345,10.5493,10.33,10.5375,420048158.5
06-07-2011,Wednesday,July,2011,Q3,10.5235,10.6796,10.4564,10.6085,525778935.9
07-07-2011,Thursday,July,2011,Q3,10.7004,10.7971,10.6766,10.7736,472205626.3
08-07-2011,Friday,July,2011,Q3,10.6629,10.8565,10.6215,10.8486,579498288.2
11-07-2011,Monday,July,2011,Q3,10.7518,10.8496,10.6413,10.6766,523803671.3
12-07-2011,Tuesday,July,2011,Q3,10.6619,10.7883,10.5127,10.6698,533990380.6
13-07-2011,Wednesday,July,2011,Q3,10.8081,10.8565,10.7488,10.7981,462599931.1
14-07-2011,Thursday,July,2011,Q3,10.8841,10.9058,10.7479,10.7902,507991246.2
15-07-2011,Friday,July,2011,Q3,10.887,11.0087,10.8318,11.0067,572077197.9
18-07-2011,Monday,July,2011,Q3,11.0222,11.299,11.0183,11.2734,676121162.4
19-07-2011,Tuesday,July,2011,Q3,11.3976,11.4205,11.2594,11.3652,950607576.3
20-07-2011,Wednesday,July,2011,Q3,11.9449,11.9519,11.6416,11.6695,1112858853
21-07-2011,Thursday,July,2011,Q3,11.6724,11.7641,11.5785,11.6811,622803026.1
22-07-2011,Friday,July,2011,Q3,11.7128,11.9143,11.6949,11.8608,609366342.7
25-07-2011,Monday,July,2011,Q3,11.768,12.0633,11.7513,12.019,697166830
26-07-2011,Tuesday,July,2011,Q3,12.0633,12.1987,12.0535,12.1651,563581741.3
27-07-2011,Wednesday,July,2011,Q3,12.0742,12.1443,11.8273,11.8402,778705246
28-07-2011,Thursday,July,2011,Q3,11.8106,11.9735,11.7059,11.8165,702735206.8
29-07-2011,Friday,July,2011,Q3,11.6869,11.9182,11.5815,11.777,747834951.7
01-08-2011,Monday,August,2011,Q3,12.003,12.0486,11.8342,11.9658,723162078.5
02-08-2011,Tuesday,August,2011,Q3,11.9981,12,11.7137,11.7306,755991911.5
03-08-2011,Wednesday,August,2011,Q3,11.7956,11.8678,11.5283,11.8402,867406231.8
04-08-2011,Thursday,August,2011,Q3,11.7395,11.8026,11.3808,11.3818,1026013695
05-08-2011,Friday,August,2011,Q3,11.4577,11.5666,10.9355,11.2684,1425188861
08-08-2011,Monday,August,2011,Q3,10.8999,11.0914,10.647,10.653,1350348318
09-08-2011,Tuesday,August,2011,Q3,10.9118,11.298,10.7064,11.2792,1279948140
10-08-2011,Wednesday,August,2011,Q3,11.1893,11.299,10.9325,10.969,1039456637
11-08-2011,Thursday,August,2011,Q3,11.1744,11.3225,11.0009,11.2704,877740889.3
12-08-2011,Friday,August,2011,Q3,11.4125,11.4502,11.2861,11.3692,625879492.9
15-08-2011,Monday,August,2011,Q3,11.4512,11.6109,11.4026,11.5636,544430800.2
16-08-2011,Tuesday,August,2011,Q3,11.5054,11.5626,11.3414,11.4766,590289973.1
17-08-2011,Wednesday,August,2011,Q3,11.5319,11.5975,11.4006,11.4746,521530848.7
18-08-2011,Thursday,August,2011,Q3,11.1794,11.2376,10.899,11.0411,1006762554
19-08-2011,Friday,August,2011,Q3,10.9098,11.069,10.736,10.737,918090234.3
22-08-2011,Monday,August,2011,Q3,10.9989,11.0047,10.7094,10.7498,632975314.6
23-08-2011,Tuesday,August,2011,Q3,10.8663,11.2694,10.7676,11.2674,776780792.9
24-08-2011,Wednesday,August,2011,Q3,11.2634,11.4304,11.1764,11.3454,693146695.5
25-08-2011,Thursday,August,2011,Q3,11.0096,11.3225,11.0087,11.2714,1030818635
26-08-2011,Friday,August,2011,Q3,11.1943,11.5755,11.1824,11.5686,758667662.4
29-08-2011,Monday,August,2011,Q3,11.7078,11.8076,11.7019,11.7611,479191943.8
30-08-2011,Tuesday,August,2011,Q3,11.7098,11.8175,11.6486,11.7621,494080065
31-08-2011,Wednesday,August,2011,Q3,11.7919,11.8253,11.5164,11.6071,618478719.1
01-09-2011,Thursday,September,2011,Q3,11.6387,11.6821,11.4826,11.4906,406331293.3
02-09-2011,Friday,September,2011,Q3,11.3078,11.4006,11.215,11.2802,519633334.7
06-09-2011,Tuesday,September,2011,Q3,11.072,11.4716,11.0531,11.453,602224648.3
07-09-2011,Wednesday,September,2011,Q3,11.6237,11.6297,11.5204,11.5795,413867115.3
08-09-2011,Thursday,September,2011,Q3,11.5329,11.7217,11.5301,11.5855,491845824.1
09-09-2011,Friday,September,2011,Q3,11.5855,11.6416,11.3097,11.3847,668690599.2
12-09-2011,Monday,September,2011,Q3,11.2644,11.4876,11.217,11.4597,553037666.5
13-09-2011,Tuesday,September,2011,Q3,11.5253,11.6486,11.4687,11.6003,521378670.3
14-09-2011,Wednesday,September,2011,Q3,11.6724,11.8283,11.6337,11.7425,632592966.1
15-09-2011,Thursday,September,2011,Q3,11.8106,11.8718,11.7591,11.8511,491258259.2
16-09-2011,Friday,September,2011,Q3,11.9439,12.0791,11.9143,12.0791,823948310.1
19-09-2011,Monday,September,2011,Q3,11.9716,12.4625,11.9192,12.4159,972538357.6
20-09-2011,Tuesday,September,2011,Q3,12.5266,12.7547,12.4021,12.4693,916875034.5
21-09-2011,Wednesday,September,2011,Q3,12.6589,12.7161,12.4268,12.4318,715371821.2
22-09-2011,Thursday,September,2011,Q3,12.095,12.3607,11.9648,12.1197,1145489510
23-09-2011,Friday,September,2011,Q3,12.0712,12.2659,12.0594,12.1937,646526743
26-09-2011,Monday,September,2011,Q3,12.0673,12.184,11.8026,12.1591,961810332.7
27-09-2011,Tuesday,September,2011,Q3,12.335,12.3428,12.004,12.0417,747432976.2
28-09-2011,Wednesday,September,2011,Q3,12.0781,12.176,11.9579,11.9744,508355635.2
29-09-2011,Thursday,September,2011,Q3,12.1246,12.1316,11.6486,11.78,770435928.8
30-09-2011,Friday,September,2011,Q3,11.6762,11.7297,11.4956,11.4994,648381249.6
03-10-2011,Monday,October,2011,Q4,11.4726,11.5407,11.2545,11.297,790982056.9
04-10-2011,Tuesday,October,2011,Q4,11.3058,11.5144,10.6836,11.2337,1459538452
05-10-2011,Wednesday,October,2011,Q4,11.0944,11.4559,10.8663,11.4085,930650298.8
06-10-2011,Thursday,October,2011,Q4,11.2505,11.6051,11.2141,11.3818,961036120.5
07-10-2011,Friday,October,2011,Q4,11.3325,11.3926,11.1132,11.1528,633998664.9
10-10-2011,Monday,October,2011,Q4,11.4364,11.7277,11.4065,11.7277,522047740.1
11-10-2011,Tuesday,October,2011,Q4,11.8402,12.1591,11.8076,12.0732,716171400.3
12-10-2011,Wednesday,October,2011,Q4,12.2876,12.3428,12.0683,12.1306,735943243.2
13-10-2011,Thursday,October,2011,Q4,12.2144,12.3182,12.1493,12.3182,501691769.7
14-10-2011,Friday,October,2011,Q4,12.5758,12.7291,12.5236,12.7291,677043316.8
17-10-2011,Monday,October,2011,Q4,12.7111,12.8683,12.5435,12.6678,810969045.7
18-10-2011,Tuesday,October,2011,Q4,12.7161,12.8102,12.5455,12.7371,1022837454
19-10-2011,Wednesday,October,2011,Q4,12.1089,12.3182,11.9981,12.023,1305949622
20-10-2011,Thursday,October,2011,Q4,12.0633,12.0752,11.8896,11.9221,650208963.9
21-10-2011,Friday,October,2011,Q4,12.012,12.0378,11.7849,11.8491,734179688
24-10-2011,Monday,October,2011,Q4,11.9459,12.26,11.9241,12.2372,594298389.1
25-10-2011,Tuesday,October,2011,Q4,12.2154,12.261,11.9853,11.9972,509113353.1
26-10-2011,Wednesday,October,2011,Q4,12.1246,12.1413,11.8559,12.0831,539474671.6
27-10-2011,Thursday,October,2011,Q4,12.2995,12.3359,12.1216,12.2047,585247492.7
28-10-2011,Friday,October,2011,Q4,12.1532,12.256,12.1394,12.2125,381719947.8
31-10-2011,Monday,October,2011,Q4,12.1286,12.3448,12.096,12.2077,456495808.4
01-11-2011,Tuesday,November,2011,Q4,11.9893,12.0486,11.8579,11.9579,629176938.5
02-11-2011,Wednesday,November,2011,Q4,12.0692,12.0772,11.9162,11.9863,387775944.1
03-11-2011,Thursday,November,2011,Q4,12.0417,12.1651,11.9231,12.1561,522681815.5
04-11-2011,Friday,November,2011,Q4,12.1366,12.1661,12.0378,12.0712,357175837.2
07-11-2011,Monday,November,2011,Q4,12.0613,12.0633,11.9469,12.0554,319320266.3
08-11-2011,Tuesday,November,2011,Q4,12.1316,12.3045,12.1119,12.251,473229134.5
09-11-2011,Wednesday,November,2011,Q4,11.9744,12.0921,11.8906,11.9211,660283572.9
10-11-2011,Thursday,November,2011,Q4,11.9774,11.9804,11.5253,11.6188,881586614.3
11-11-2011,Friday,November,2011,Q4,11.6655,11.7237,11.4696,11.6003,773619775.6
14-11-2011,Monday,November,2011,Q4,11.5845,11.6198,11.4065,11.4393,512451808.3
15-11-2011,Tuesday,November,2011,Q4,11.4856,11.7473,11.4443,11.7277,509815706.3
16-11-2011,Wednesday,November,2011,Q4,11.7463,11.7976,11.5915,11.6051,412640510.9
17-11-2011,Thursday,November,2011,Q4,11.5795,11.5994,11.3235,11.3828,568065673.5
18-11-2011,Friday,November,2011,Q4,11.4284,11.4607,11.3058,11.3078,440345579
21-11-2011,Monday,November,2011,Q4,11.1665,11.2101,11.0371,11.1292,529951747
22-11-2011,Tuesday,November,2011,Q4,11.1973,11.3986,11.1874,11.3554,484145786.2
23-11-2011,Wednesday,November,2011,Q4,11.3,11.3345,11.066,11.069,506933214.3
25-11-2011,Friday,November,2011,Q4,11.1052,11.1943,10.9581,10.966,301677441.7
28-11-2011,Monday,November,2011,Q4,11.2298,11.3612,11.1695,11.3434,409930960.3
29-11-2011,Tuesday,November,2011,Q4,11.3275,11.4265,11.1655,11.2555,444801928.2
30-11-2011,Wednesday,November,2011,Q4,11.4906,11.5292,11.4095,11.5273,480189082.8
01-12-2011,Thursday,December,2011,Q4,11.5339,11.7336,11.4836,11.6999,454141278.3
02-12-2011,Friday,December,2011,Q4,11.769,11.8708,11.7207,11.7532,448676983.8
05-12-2011,Monday,December,2011,Q4,11.8658,11.9549,11.774,11.8521,422842638.3
06-12-2011,Tuesday,December,2011,Q4,11.8392,11.9014,11.7445,11.7909,335576727.5
07-12-2011,Wednesday,December,2011,Q4,11.7532,11.7909,11.6655,11.7355,360700279.7
08-12-2011,Thursday,December,2011,Q4,11.8076,11.9279,11.769,11.783,445181590.6
09-12-2011,Friday,December,2011,Q4,11.8441,11.8837,11.7938,11.8708,351382217.1
12-12-2011,Monday,December,2011,Q4,11.8126,11.8797,11.7463,11.8175,354180413.7
13-12-2011,Tuesday,December,2011,Q4,11.8481,11.9241,11.6753,11.7277,400850562.2
14-12-2011,Wednesday,December,2011,Q4,11.6636,11.683,11.3906,11.4677,480762646
15-12-2011,Thursday,December,2011,Q4,11.5606,11.5735,11.4105,11.4294,303354027.6
16-12-2011,Friday,December,2011,Q4,11.4736,11.5855,11.4482,11.4906,498730076.1
19-12-2011,Monday,December,2011,Q4,11.5347,11.608,11.4766,11.5273,277669666.4
20-12-2011,Tuesday,December,2011,Q4,11.686,11.9459,11.6801,11.9419,398704020.7
21-12-2011,Wednesday,December,2011,Q4,11.9589,11.9834,11.8224,11.9559,310164526.1
22-12-2011,Thursday,December,2011,Q4,11.9744,12.0378,11.9459,12.021,238989061.5
23-12-2011,Friday,December,2011,Q4,12.0545,12.1711,12.0486,12.1631,318943917.8
27-12-2011,Tuesday,December,2011,Q4,12.1581,12.3389,12.1542,12.26,313739209.1
28-12-2011,Wednesday,December,2011,Q4,12.2718,12.3133,12.1049,12.1443,270514759.2
29-12-2011,Thursday,December,2011,Q4,12.1611,12.2333,12.0791,12.2174,254726687.3
30-12-2011,Friday,December,2011,Q4,12.1681,12.252,12.1681,12.2134,212883458.3
03-01-2012,Tuesday,January,2012,Q1,12.3617,12.4407,12.3359,12.4031,357824834.6
04-01-2012,Wednesday,January,2012,Q1,12.3686,12.5059,12.3438,12.4693,308048901.8
05-01-2012,Thursday,January,2012,Q1,12.5137,12.6236,12.4456,12.6086,320887106.9
06-01-2012,Friday,January,2012,Q1,12.6609,12.7517,12.644,12.7411,376940842.9
09-01-2012,Monday,January,2012,Q1,12.8318,12.8999,12.7092,12.7211,466354588.2
10-01-2012,Tuesday,January,2012,Q1,12.8437,12.8457,12.7131,12.7667,305745850.5
11-01-2012,Wednesday,January,2012,Q1,12.7489,12.7537,12.647,12.7459,254730459.8
12-01-2012,Thursday,January,2012,Q1,12.7371,12.7557,12.6295,12.7101,251747178.1
13-01-2012,Friday,January,2012,Q1,12.6589,12.6807,12.6265,12.6619,267694800.2
17-01-2012,Tuesday,January,2012,Q1,12.7932,12.8457,12.7577,12.8062,287512111.8
18-01-2012,Wednesday,January,2012,Q1,12.8752,12.9533,12.8555,12.9413,327428354.5
19-01-2012,Thursday,January,2012,Q1,12.974,13.0095,12.8623,12.8999,309647006
20-01-2012,Friday,January,2012,Q1,12.8922,12.8931,12.6599,12.6768,489649454.2
23-01-2012,Monday,January,2012,Q1,12.7479,12.9218,12.7381,12.8902,362014722.2
24-01-2012,Tuesday,January,2012,Q1,12.82,12.82,12.654,12.6797,643553608.3
25-01-2012,Wednesday,January,2012,Q1,13.705,13.706,13.3829,13.4708,1134487224
26-01-2012,Thursday,January,2012,Q1,13.5251,13.535,13.3651,13.4106,383675147
27-01-2012,Friday,January,2012,Q1,13.3988,13.527,13.3849,13.4896,354910815.8
30-01-2012,Monday,January,2012,Q1,13.4441,13.6901,13.4333,13.6614,448687804.3
31-01-2012,Tuesday,January,2012,Q1,13.7463,13.8204,13.6634,13.7681,464046476.5
01-02-2012,Wednesday,February,2012,Q1,13.8263,13.8432,13.7395,13.7592,319191838.7
02-02-2012,Thursday,February,2012,Q1,13.7503,13.7889,13.6921,13.7266,221090977.6
03-02-2012,Friday,February,2012,Q1,13.7919,13.873,13.7405,13.8631,339521052.2
06-02-2012,Monday,February,2012,Q1,13.8244,14.0241,13.8194,13.9933,295539543.5
07-02-2012,Tuesday,February,2012,Q1,14.0328,14.1673,14.0121,14.1393,374058036
08-02-2012,Wednesday,February,2012,Q1,14.1887,14.3796,14.1653,14.3766,482472975.9
09-02-2012,Thursday,February,2012,Q1,14.4979,14.983,14.4919,14.8733,1045828884
10-02-2012,Friday,February,2012,Q1,14.8082,15.0086,14.7359,14.8813,747081853.8
13-02-2012,Monday,February,2012,Q1,15.0728,15.1944,14.9927,15.1588,612132141.8
14-02-2012,Tuesday,February,2012,Q1,15.2149,15.3681,15.1399,15.3651,545889745.5
15-02-2012,Wednesday,February,2012,Q1,15.5092,15.8718,14.9879,15.0105,1781870197
16-02-2012,Thursday,February,2012,Q1,14.823,15.2269,14.6768,15.1458,1118035290
17-02-2012,Friday,February,2012,Q1,15.1745,15.3148,15.0905,15.1428,633964474.3
21-02-2012,Tuesday,February,2012,Q1,15.293,15.5271,15.2032,15.5271,715899452
22-02-2012,Wednesday,February,2012,Q1,15.4739,15.547,15.3534,15.4729,571846465.9
23-02-2012,Thursday,February,2012,Q1,15.5341,15.618,15.3661,15.5736,672385379
24-02-2012,Friday,February,2012,Q1,15.6685,15.7719,15.6417,15.7574,491583596.7
27-02-2012,Monday,February,2012,Q1,15.7178,15.9391,15.5706,15.8589,647491782.2
28-02-2012,Tuesday,February,2012,Q1,15.9221,16.1474,15.8609,16.1474,709896506.9
29-02-2012,Wednesday,February,2012,Q1,16.3262,16.5169,16.1552,16.3608,1126639318
01-03-2012,Thursday,March,2012,Q1,16.5288,16.5346,16.2481,16.4219,808606087.7
02-03-2012,Friday,March,2012,Q1,16.4219,16.491,16.3638,16.4449,510126764.8
05-03-2012,Monday,March,2012,Q1,16.4528,16.512,15.8649,16.0793,957081136.3
06-03-2012,Tuesday,March,2012,Q1,15.8027,16.0941,15.5686,15.9913,958312597.6
07-03-2012,Wednesday,March,2012,Q1,16.18,16.2185,15.7849,16.0052,775462391.6
08-03-2012,Thursday,March,2012,Q1,16.1336,16.3775,16.0487,16.3458,610606340.2
09-03-2012,Friday,March,2012,Q1,16.4209,16.5209,16.3815,16.4449,495587851.4
12-03-2012,Monday,March,2012,Q1,16.5571,16.6481,16.497,16.6481,482287778.4
13-03-2012,Tuesday,March,2012,Q1,16.8141,17.1379,16.7588,17.1349,818082405.7
14-03-2012,Wednesday,March,2012,Q1,17.4302,17.9371,17.3541,17.782,1680142167
15-03-2012,Thursday,March,2012,Q1,18.0843,18.0962,17.4482,17.6604,1373243872
16-03-2012,Friday,March,2012,Q1,17.634,17.7712,17.4302,17.6604,977515432.5
19-03-2012,Monday,March,2012,Q1,18.0467,18.1495,17.7672,18.1286,1067212988
20-03-2012,Tuesday,March,2012,Q1,18.0784,18.3044,17.5529,18.2758,967071600.8
21-03-2012,Wednesday,March,2012,Q1,18.1791,18.3874,18.1375,18.1722,762652777.1
22-03-2012,Thursday,March,2012,Q1,18.0299,18.2304,17.9607,18.0754,739076057.8
23-03-2012,Friday,March,2012,Q1,18.1099,18.1505,17.9263,17.9776,509747314
26-03-2012,Monday,March,2012,Q1,18.0882,18.3113,17.9528,18.3054,705064547.3
27-03-2012,Tuesday,March,2012,Q1,18.2817,18.587,18.2778,18.5326,718104856.4
28-03-2012,Wednesday,March,2012,Q1,18.6501,18.743,18.4073,18.6274,775557014.4
29-03-2012,Thursday,March,2012,Q1,18.4824,18.5949,18.3133,18.3934,719024350
30-03-2012,Friday,March,2012,Q1,18.3607,18.4151,18.0347,18.0813,864989121.1
02-04-2012,Monday,April,2012,Q2,18.1495,18.663,18.1069,18.6591,707777195.1
03-04-2012,Tuesday,April,2012,Q2,18.9198,19.067,18.7747,18.9799,987062081.7
04-04-2012,Wednesday,April,2012,Q2,18.8299,18.8765,18.6087,18.8289,677799684
05-04-2012,Thursday,April,2012,Q2,18.9098,19.1419,18.8002,19.1006,601571366.2
09-04-2012,Monday,April,2012,Q2,18.8842,19.2991,18.8586,19.1886,645613466
10-04-2012,Tuesday,April,2012,Q2,19.3011,19.4215,18.8792,18.9545,1052354052
11-04-2012,Wednesday,April,2012,Q2,19.1876,19.2081,18.7993,18.8862,824382347.9
12-04-2012,Thursday,April,2012,Q2,18.8497,19.0403,18.7134,18.7826,726931101.7
13-04-2012,Friday,April,2012,Q2,18.822,18.8408,18.2017,18.2522,1017647435
16-04-2012,Monday,April,2012,Q2,18.3994,18.4063,17.4372,17.4955,1243663866
17-04-2012,Tuesday,April,2012,Q2,17.4591,18.3974,17.2487,18.3884,1213992031
18-04-2012,Wednesday,April,2012,Q2,18.5089,18.7065,18.1781,18.348,1129414746
19-04-2012,Thursday,April,2012,Q2,18.1019,18.2383,17.63,17.7177,987714991.2
20-04-2012,Friday,April,2012,Q2,17.8364,17.9331,17.204,17.2811,1220415645
23-04-2012,Monday,April,2012,Q2,17.209,17.392,16.7854,17.2427,1144072813
24-04-2012,Tuesday,April,2012,Q2,16.9694,17.1224,16.7381,16.8972,1268764950
25-04-2012,Wednesday,April,2012,Q2,18.5671,18.6384,18.2758,18.3974,1071752295
26-04-2012,Thursday,April,2012,Q2,18.5268,18.5386,18.1614,18.3283,634282179.7
27-04-2012,Friday,April,2012,Q2,18.2482,18.2817,18.1108,18.1868,481642966.7
30-04-2012,Monday,April,2012,Q2,18.0309,18.0487,17.5833,17.6122,598892901.9
01-05-2012,Tuesday,May,2012,Q2,17.6408,17.9984,17.5291,17.5569,723244668.9
02-05-2012,Wednesday,May,2012,Q2,17.4984,17.7167,17.4571,17.6733,509090562.1
03-05-2012,Thursday,May,2012,Q2,17.8106,17.8374,17.5004,17.5471,473579868.2
04-05-2012,Friday,May,2012,Q2,17.4039,17.4412,17.0465,17.0484,629342880.6
07-05-2012,Monday,May,2012,Q2,16.9344,17.2744,16.9266,17.1766,548678612
08-05-2012,Tuesday,May,2012,Q2,17.1786,17.2367,16.8505,17.1379,594361457.8
09-05-2012,Wednesday,May,2012,Q2,17.0016,17.311,16.9148,17.1667,569050115
10-05-2012,Thursday,May,2012,Q2,17.3297,17.3691,17.1449,17.207,403511714
11-05-2012,Friday,May,2012,Q2,17.0415,17.3257,17.0225,17.0926,471916315
14-05-2012,Monday,May,2012,Q2,16.9674,17.1165,16.8161,16.8349,423171685.6
15-05-2012,Tuesday,May,2012,Q2,16.9334,16.9869,16.6411,16.6838,563678867.9
16-05-2012,Wednesday,May,2012,Q2,16.7103,16.7944,16.3183,16.4703,670584318.3
17-05-2012,Thursday,May,2012,Q2,16.4488,16.5129,15.9883,15.9883,730232723.7
18-05-2012,Friday,May,2012,Q2,16.1029,16.3904,15.7495,15.9962,866804191.4
21-05-2012,Monday,May,2012,Q2,16.1198,16.9354,16.1059,16.9285,757583492.2
22-05-2012,Tuesday,May,2012,Q2,17.1786,17.308,16.6661,16.7964,822280810.3
23-05-2012,Wednesday,May,2012,Q2,16.8131,17.2763,16.6848,17.208,696208310.1
24-05-2012,Thursday,May,2012,Q2,17.3691,17.387,16.9266,17.0504,508124820.2
25-05-2012,Friday,May,2012,Q2,17.0295,17.0667,16.8427,16.9594,388458712.8
29-05-2012,Tuesday,May,2012,Q2,17.218,17.312,17.0504,17.2606,450327307.9
30-05-2012,Wednesday,May,2012,Q2,17.1667,17.4916,17.0876,17.4671,626619495.4
31-05-2012,Thursday,May,2012,Q2,17.5142,17.5381,17.2359,17.4224,582310422.7
01-06-2012,Friday,June,2012,Q2,17.1657,17.2714,16.905,16.9197,616629962.3
04-06-2012,Monday,June,2012,Q2,16.9344,17.1165,16.5414,17.0195,659217329.8
05-06-2012,Tuesday,June,2012,Q2,16.9276,17.0846,16.8378,16.9762,459381486.7
06-06-2012,Wednesday,June,2012,Q2,17.1252,17.307,17.0561,17.2359,435872830.7
07-06-2012,Thursday,June,2012,Q2,17.4106,17.4116,17.207,17.2437,449596121.1
08-06-2012,Friday,June,2012,Q2,17.2407,17.5093,17.1607,17.5014,411156642.4
11-06-2012,Monday,June,2012,Q2,17.7256,17.7495,17.209,17.227,699777070.1
12-06-2012,Tuesday,June,2012,Q2,17.3257,17.391,17.0916,17.3771,515612755.7
13-06-2012,Wednesday,June,2012,Q2,17.3277,17.4452,17.2032,17.2566,347790005
14-06-2012,Thursday,June,2012,Q2,17.229,17.298,17.1086,17.2377,409339497.4
15-06-2012,Friday,June,2012,Q2,17.221,17.3307,17.1786,17.3149,396543380.3
18-06-2012,Monday,June,2012,Q2,17.22,17.7306,17.2032,17.6664,520976728.2
19-06-2012,Tuesday,June,2012,Q2,17.5952,17.7947,17.5853,17.7167,427674911.8
20-06-2012,Wednesday,June,2012,Q2,17.7405,17.7732,17.5152,17.6654,425157193.5
21-06-2012,Thursday,June,2012,Q2,17.6565,17.7415,17.4146,17.4204,386474400.6
22-06-2012,Friday,June,2012,Q2,17.4621,17.5579,17.3551,17.5559,337005969.5
25-06-2012,Monday,June,2012,Q2,17.4106,17.4858,17.2032,17.214,338616271
26-06-2012,Tuesday,June,2012,Q2,17.2319,17.3267,17.1115,17.2527,327531116.6
27-06-2012,Wednesday,June,2012,Q2,17.3426,17.3939,17.2497,17.3267,240331447.5
28-06-2012,Thursday,June,2012,Q2,17.2417,17.312,17.0589,17.1627,335046403.4
29-06-2012,Friday,June,2012,Q2,17.4302,17.6132,17.3188,17.6132,498636145.9
02-07-2012,Monday,July,2012,Q3,17.6349,17.8986,17.6022,17.8718,473502648
03-07-2012,Tuesday,July,2012,Q3,17.9419,18.0952,17.9154,18.0774,286228217
05-07-2012,Thursday,July,2012,Q3,18.1128,18.5288,18.0853,18.3954,573288760.8
06-07-2012,Friday,July,2012,Q3,18.3093,18.351,18.1435,18.2728,496114476.9
09-07-2012,Monday,July,2012,Q3,18.2541,18.5149,18.2186,18.5139,448978834.8
10-07-2012,Tuesday,July,2012,Q3,18.6374,18.6956,18.2551,18.343,605197328.4
11-07-2012,Wednesday,July,2012,Q3,18.2798,18.3273,18.0122,18.2284,555369166.7
12-07-2012,Thursday,July,2012,Q3,18.1029,18.1997,17.8758,18.0626,506480667.3
13-07-2012,Friday,July,2012,Q3,18.1851,18.3123,18.0952,18.2443,368880411.3
16-07-2012,Monday,July,2012,Q3,18.2492,18.4457,18.2462,18.3044,356795702
17-07-2012,Tuesday,July,2012,Q3,18.4231,18.4428,18.1908,18.3054,347760918.4
18-07-2012,Wednesday,July,2012,Q3,18.2946,18.348,18.2027,18.2837,298814563.6
19-07-2012,Thursday,July,2012,Q3,18.4368,18.5593,18.2758,18.5288,516754347.9
20-07-2012,Friday,July,2012,Q3,18.489,18.5317,18.2077,18.2246,470419203.2
23-07-2012,Monday,July,2012,Q3,17.9263,18.2738,17.7256,18.2116,577321524.1
24-07-2012,Tuesday,July,2012,Q3,18.3183,18.3884,18.0516,18.1237,665427093.2
25-07-2012,Wednesday,July,2012,Q3,17.3257,17.5152,17.1925,17.3416,1038593137
26-07-2012,Thursday,July,2012,Q3,17.4848,17.5034,17.2023,17.3386,481558548.8
27-07-2012,Friday,July,2012,Q3,17.3426,17.6683,17.2407,17.6485,478344495.5
30-07-2012,Monday,July,2012,Q3,17.8236,18.0784,17.7286,17.9459,448766591.7
31-07-2012,Tuesday,July,2012,Q3,18.1927,18.4486,18.1781,18.4221,547131416.6
01-08-2012,Wednesday,August,2012,Q3,18.576,18.591,18.186,18.3015,455104626.7
02-08-2012,Thursday,August,2012,Q3,18.1811,18.4201,18.1029,18.3303,393353325.9
03-08-2012,Friday,August,2012,Q3,18.5069,18.6384,18.4448,18.569,408077414.5
06-08-2012,Monday,August,2012,Q3,18.6177,18.8457,18.5563,18.7767,357791400.3
07-08-2012,Tuesday,August,2012,Q3,18.7826,18.8497,18.6394,18.7251,343938102.8
08-08-2012,Wednesday,August,2012,Q3,18.6818,18.8151,18.6127,18.6956,289129876.4
09-08-2012,Thursday,August,2012,Q3,18.7134,18.8309,18.7115,18.8002,261404506.9
10-08-2012,Friday,August,2012,Q3,18.7401,18.8319,18.7401,18.8309,229896040.7
13-08-2012,Monday,August,2012,Q3,18.8822,19.0817,18.8782,19.0817,328355249.4
14-08-2012,Tuesday,August,2012,Q3,19.139,19.3444,19.0887,19.1342,400835769.8
15-08-2012,Wednesday,August,2012,Q3,19.1212,19.2031,19.0127,19.1086,303474452.4
16-08-2012,Thursday,August,2012,Q3,19.1192,19.2871,19.0976,19.2752,300234892.7
17-08-2012,Friday,August,2012,Q3,19.3841,19.6329,19.3493,19.6299,521809760.7
20-08-2012,Monday,August,2012,Q3,19.6882,20.1456,19.6853,20.1456,722941699.1
21-08-2012,Tuesday,August,2012,Q3,20.3193,20.4437,19.6982,19.8718,956454467.2
22-08-2012,Wednesday,August,2012,Q3,19.8236,20.263,19.6299,20.2591,666117089
23-08-2012,Thursday,August,2012,Q3,20.1751,20.2907,20.024,20.0695,495122640.2
24-08-2012,Friday,August,2012,Q3,19.9767,20.2779,19.856,20.0871,509838714
27-08-2012,Monday,August,2012,Q3,20.5949,20.6235,20.4032,20.4684,503050314.9
28-08-2012,Tuesday,August,2012,Q3,20.4466,20.4813,20.3143,20.4408,314851449.4
29-08-2012,Wednesday,August,2012,Q3,20.4554,20.5256,20.3735,20.4002,238821168.3
30-08-2012,Thursday,August,2012,Q3,20.3143,20.3411,20.0764,20.107,356669543.5
31-08-2012,Friday,August,2012,Q3,20.2108,20.2512,19.9086,20.1486,398762786.3
04-09-2012,Tuesday,September,2012,Q3,20.1632,20.4516,20.1268,20.4456,433416970.1
05-09-2012,Wednesday,September,2012,Q3,20.4654,20.4883,20.2819,20.3015,396295164.7
06-09-2012,Thursday,September,2012,Q3,20.3914,20.5444,20.3183,20.4853,461293713
07-09-2012,Friday,September,2012,Q3,20.5375,20.671,20.4713,20.6096,388434653.2
10-09-2012,Monday,September,2012,Q3,20.6096,20.6945,20.0526,20.0735,574875491.7
11-09-2012,Tuesday,September,2012,Q3,20.1446,20.2966,19.8858,20.009,593864513.3
12-09-2012,Wednesday,September,2012,Q3,20.1979,20.2907,19.8698,20.2878,839319727.5
13-09-2012,Thursday,September,2012,Q3,20.5189,20.7617,20.4398,20.6847,705069460.9
14-09-2012,Friday,September,2012,Q3,20.899,21.1123,20.8347,20.9387,707654276.5
17-09-2012,Monday,September,2012,Q3,21.1834,21.1974,21.0402,21.1964,469317150.5
18-09-2012,Tuesday,September,2012,Q3,21.1994,21.2735,21.0957,21.2615,439962700
19-09-2012,Wednesday,September,2012,Q3,21.2112,21.3218,21.1904,21.2665,385136376.4
20-09-2012,Thursday,September,2012,Q3,21.1776,21.2054,21.0098,21.1648,396472367.7
21-09-2012,Friday,September,2012,Q3,21.2755,21.3544,21.1834,21.2064,673421448
24-09-2012,Monday,September,2012,Q3,20.8034,21.0571,20.6857,20.9248,753748863.1
25-09-2012,Tuesday,September,2012,Q3,20.8467,20.984,20.3864,20.4032,611398897.7
26-09-2012,Wednesday,September,2012,Q3,20.2552,20.3765,20.025,20.1466,679821727.5
27-09-2012,Thursday,September,2012,Q3,20.1208,20.6631,20.0022,20.6373,700022818.2
28-09-2012,Friday,September,2012,Q3,20.5584,20.6305,20.1949,20.2059,630632442.3
01-10-2012,Monday,October,2012,Q4,20.3292,20.5003,19.8858,19.9727,640556696.4
02-10-2012,Tuesday,October,2012,Q4,20.0438,20.182,19.708,20.029,740185086.5
03-10-2012,Wednesday,October,2012,Q4,20.1377,20.351,20.0695,20.3391,499942446
04-10-2012,Thursday,October,2012,Q4,20.3322,20.4242,20.1572,20.1969,436898341.5
05-10-2012,Friday,October,2012,Q4,20.1476,20.1712,19.7277,19.7673,700019383.9
08-10-2012,Monday,October,2012,Q4,19.5933,19.6143,19.2674,19.3308,751957364.3
09-10-2012,Tuesday,October,2012,Q4,19.3454,19.3988,18.8862,19.2597,988378035.8
10-10-2012,Wednesday,October,2012,Q4,19.3762,19.5352,19.2951,19.4116,601309990.3
11-10-2012,Thursday,October,2012,Q4,19.5805,19.6033,19.0245,19.0245,643547342
12-10-2012,Friday,October,2012,Q4,19.069,19.2448,18.9407,19.0738,542218232.6
15-10-2012,Monday,October,2012,Q4,19.1548,19.2369,18.8961,19.2269,509600452.2
16-10-2012,Tuesday,October,2012,Q4,19.2448,19.6982,19.1134,19.6823,648008012.5
17-10-2012,Wednesday,October,2012,Q4,19.6547,19.7732,19.5063,19.5243,458778216.2
18-10-2012,Thursday,October,2012,Q4,19.3712,19.4472,19.0817,19.1628,561760305.4
19-10-2012,Friday,October,2012,Q4,19.1154,19.1371,18.4655,18.4725,877088737.1
22-10-2012,Monday,October,2012,Q4,18.5504,19.2448,18.4989,19.2051,644193346.4
23-10-2012,Tuesday,October,2012,Q4,19.1134,19.2003,18.5288,18.578,833275601.5
24-10-2012,Wednesday,October,2012,Q4,18.822,18.9779,18.496,18.6837,658063376.2
25-10-2012,Thursday,October,2012,Q4,18.7787,18.8398,18.341,18.4625,771996559.8
26-10-2012,Friday,October,2012,Q4,18.4595,18.5979,17.8996,18.2946,1200562258
31-10-2012,Wednesday,October,2012,Q4,18.0189,18.2324,17.8027,18.0329,601345597.4
01-11-2012,Thursday,November,2012,Q4,18.1198,18.263,17.9974,18.0674,426184739.5
02-11-2012,Friday,November,2012,Q4,18.0497,18.0803,17.4088,17.47,706722564.2
05-11-2012,Monday,November,2012,Q4,17.6743,17.8047,17.4936,17.7079,623985685.7
06-11-2012,Tuesday,November,2012,Q4,17.8778,17.8926,17.5707,17.6545,441872766.7
07-11-2012,Wednesday,November,2012,Q4,17.4591,17.4818,16.9099,16.9791,930345099.6
08-11-2012,Thursday,November,2012,Q4,17.0589,17.1076,16.2866,16.3638,1238675386
09-11-2012,Friday,November,2012,Q4,16.4459,16.8823,16.2392,16.6451,1091338498
12-11-2012,Monday,November,2012,Q4,16.8605,16.8704,16.3914,16.5179,605237584.8
13-11-2012,Tuesday,November,2012,Q4,16.3992,16.7481,16.3212,16.5199,625638406.3
14-11-2012,Wednesday,November,2012,Q4,16.5989,16.6581,16.3153,16.3361,559715977.2
15-11-2012,Thursday,November,2012,Q4,16.3558,16.4169,15.9016,15.9932,926625243.6
16-11-2012,Friday,November,2012,Q4,15.9806,16.1267,15.3879,16.0565,1487005066
19-11-2012,Monday,November,2012,Q4,16.4547,17.2685,16.4289,17.213,965518999.8
20-11-2012,Tuesday,November,2012,Q4,17.4019,17.4029,16.8733,17.0677,754181807.4
21-11-2012,Wednesday,November,2012,Q4,17.1687,17.2646,16.9354,17.0916,437876498.5
23-11-2012,Friday,November,2012,Q4,17.2586,17.4039,17.1205,17.389,320228190.2
26-11-2012,Monday,November,2012,Q4,17.5222,17.9518,17.4551,17.9381,738950854
27-11-2012,Tuesday,November,2012,Q4,17.9381,17.9647,17.6505,17.7947,625565935.7
28-11-2012,Wednesday,November,2012,Q4,17.5647,17.8246,17.4116,17.7375,611438887.8
29-11-2012,Thursday,November,2012,Q4,17.9588,18.0803,17.8096,17.9321,603742216.4
30-11-2012,Friday,November,2012,Q4,17.8384,17.9026,17.7296,17.8106,458899429.8
03-12-2012,Monday,December,2012,Q4,18.0626,18.0912,17.8156,17.8364,427269549.5
04-12-2012,Tuesday,December,2012,Q4,17.7022,17.7032,17.4079,17.5212,654367761.1
05-12-2012,Wednesday,December,2012,Q4,17.311,17.3208,16.3952,16.3952,1225175736
06-12-2012,Thursday,December,2012,Q4,16.0931,16.8349,15.7819,16.6511,1381173478
07-12-2012,Friday,December,2012,Q4,16.8378,16.8922,16.1267,16.2243,924100779.2
10-12-2012,Monday,December,2012,Q4,15.9747,16.3864,15.8689,16.1208,739740391.2
11-12-2012,Tuesday,December,2012,Q4,16.4249,16.7222,16.3508,16.4742,694031051.9
12-12-2012,Wednesday,December,2012,Q4,16.6681,16.6749,16.3183,16.4022,571449280.5
13-12-2012,Thursday,December,2012,Q4,16.1612,16.3598,15.9982,16.1168,733515434.6
14-12-2012,Friday,December,2012,Q4,15.6625,15.7662,15.3839,15.5112,1184489743
17-12-2012,Monday,December,2012,Q4,15.4848,15.8226,15.2506,15.7889,889889676.7
18-12-2012,Tuesday,December,2012,Q4,15.9747,16.2758,15.8304,16.2442,733680738.8
19-12-2012,Wednesday,December,2012,Q4,16.1711,16.2382,15.9893,16.0152,527066845.2
20-12-2012,Thursday,December,2012,Q4,16.1267,16.1326,15.7909,15.8738,557137146.4
21-12-2012,Friday,December,2012,Q4,15.5952,15.8126,15.5241,15.8027,699988620.5
24-12-2012,Monday,December,2012,Q4,15.8344,15.9518,15.7849,15.8285,206282988.4
26-12-2012,Wednesday,December,2012,Q4,15.7939,15.8066,15.5519,15.6092,354687665.3
27-12-2012,Thursday,December,2012,Q4,15.6259,15.7088,15.3553,15.6725,533811120.2
28-12-2012,Friday,December,2012,Q4,15.5261,15.6536,15.46,15.5054,415569001.1
31-12-2012,Monday,December,2012,Q4,15.5201,16.2906,15.4877,16.192,773504315.9
02-01-2013,Wednesday,January,2013,Q1,16.8505,16.8863,16.4802,16.7063,657575447.9
03-01-2013,Thursday,January,2013,Q1,16.6611,16.7262,16.4624,16.495,413946129.6
04-01-2013,Friday,January,2013,Q1,16.3391,16.3904,15.9992,16.0367,697173284.6
07-01-2013,Monday,January,2013,Q1,15.8837,16.1039,15.6773,15.9401,567796679.8
08-01-2013,Tuesday,January,2013,Q1,16.1019,16.184,15.8609,15.9835,537774352.1
09-01-2013,Wednesday,January,2013,Q1,15.9036,15.9747,15.7008,15.7346,478162043.8
10-01-2013,Thursday,January,2013,Q1,16.0813,16.0862,15.6872,15.9271,705018299
11-01-2013,Friday,January,2013,Q1,15.8589,15.9845,15.7939,15.8324,411448933.4
14-01-2013,Monday,January,2013,Q1,15.296,15.441,15.1686,15.2674,861177769.9
15-01-2013,Tuesday,January,2013,Q1,15.1626,15.1825,14.7083,14.7842,1027750552
16-01-2013,Wednesday,January,2013,Q1,15.0511,15.5005,14.9869,15.3988,810274186.9
17-01-2013,Thursday,January,2013,Q1,15.5271,15.541,15.2753,15.296,531519347
18-01-2013,Friday,January,2013,Q1,15.1686,15.2822,15.1045,15.214,555156386
22-01-2013,Tuesday,January,2013,Q1,15.3524,15.452,15.1124,15.3593,540674947.4
23-01-2013,Wednesday,January,2013,Q1,15.4818,15.6705,15.3593,15.6397,1006800747
24-01-2013,Thursday,January,2013,Q1,13.9973,14.1703,13.699,13.7078,1713805007
25-01-2013,Friday,January,2013,Q1,13.7443,13.8816,13.2357,13.3849,1417405909
28-01-2013,Monday,January,2013,Q1,13.3228,13.7909,13.2624,13.6871,921130227.4
29-01-2013,Tuesday,January,2013,Q1,13.951,14.0042,13.7572,13.9431,669987408.3
30-01-2013,Wednesday,January,2013,Q1,13.9043,14.0772,13.8292,13.9003,489428735.6
31-01-2013,Thursday,January,2013,Q1,13.9033,13.9744,13.8432,13.8591,374618726.5
01-02-2013,Friday,February,2013,Q1,13.9695,13.9814,13.6417,13.8027,633000925.4
04-02-2013,Monday,February,2013,Q1,13.8115,13.873,13.45,13.459,559722025.8
05-02-2013,Tuesday,February,2013,Q1,13.5114,13.9884,13.457,13.9302,672626938.5
06-02-2013,Wednesday,February,2013,Q1,13.8884,14.1927,13.7721,13.9153,696230458.2
07-02-2013,Thursday,February,2013,Q1,14.1782,14.3846,13.8984,14.3292,819820943.4
08-02-2013,Friday,February,2013,Q1,14.5058,14.654,14.3301,14.5367,738481526
11-02-2013,Monday,February,2013,Q1,14.5819,14.8398,14.484,14.6897,603441480.3
12-02-2013,Tuesday,February,2013,Q1,14.6758,14.7628,14.3154,14.3204,709572727.6
13-02-2013,Wednesday,February,2013,Q1,14.2995,14.4949,14.1772,14.2936,554236567.4
14-02-2013,Thursday,February,2013,Q1,14.2164,14.4347,14.2006,14.2806,414702654.8
15-02-2013,Friday,February,2013,Q1,14.3497,14.3895,14.0772,14.0842,457200380
19-02-2013,Tuesday,February,2013,Q1,14.1118,14.1623,13.8904,14.0792,508321001.1
20-02-2013,Wednesday,February,2013,Q1,14.0081,14.0081,13.7365,13.7375,555492421.4
21-02-2013,Thursday,February,2013,Q1,13.6495,13.7473,13.5518,13.6515,521345221.8
22-02-2013,Friday,February,2013,Q1,13.7503,13.8214,13.6673,13.7969,385580007.5
25-02-2013,Monday,February,2013,Q1,13.8904,13.9282,13.5449,13.5508,434215318
26-02-2013,Tuesday,February,2013,Q1,13.5835,13.8194,13.3949,13.7414,584646352.5
27-02-2013,Wednesday,February,2013,Q1,13.7246,13.8472,13.4846,13.6052,685190849.4
28-02-2013,Thursday,February,2013,Q1,13.5893,13.7068,13.5094,13.5094,376218260.2
01-03-2013,Friday,March,2013,Q1,13.4058,13.4116,13.1597,13.1745,644193898.3
04-03-2013,Monday,March,2013,Q1,13.0926,13.1054,12.8229,12.8535,679058792.2
05-03-2013,Tuesday,March,2013,Q1,12.899,13.3198,12.8762,13.1943,744600434.1
06-03-2013,Wednesday,March,2013,Q1,13.2988,13.3228,12.9899,13.0264,536917035.1
07-03-2013,Thursday,March,2013,Q1,12.9929,13.221,12.8862,13.1774,546307484.3
08-03-2013,Friday,March,2013,Q1,13.1538,13.3277,13.1172,13.2121,456874235.5
11-03-2013,Monday,March,2013,Q1,13.1509,13.4362,13.0115,13.4008,553403150.1
12-03-2013,Tuesday,March,2013,Q1,13.3326,13.4323,13.0857,13.1122,543690043.4
13-03-2013,Wednesday,March,2013,Q1,13.1122,13.2979,13.0174,13.1092,473563087.2
14-03-2013,Thursday,March,2013,Q1,13.2467,13.3018,13.1735,13.2367,354604779.3
15-03-2013,Friday,March,2013,Q1,13.4028,13.5942,13.3829,13.5785,751463380.4
18-03-2013,Monday,March,2013,Q1,13.5104,14.0013,13.5034,13.947,707396361.3
19-03-2013,Tuesday,March,2013,Q1,14.0643,14.108,13.7266,13.9083,614714267.2
20-03-2013,Wednesday,March,2013,Q1,14.0003,14.0071,13.7592,13.8352,360189307.3
21-03-2013,Thursday,March,2013,Q1,13.78,14.0171,13.7761,13.8551,447235061.5
22-03-2013,Friday,March,2013,Q1,13.9113,14.1423,13.867,14.1363,461064165.7
25-03-2013,Monday,March,2013,Q1,14.2214,14.3826,14.1325,14.1868,584794266.3
26-03-2013,Tuesday,March,2013,Q1,14.2443,14.257,14.0952,14.1138,343423845.9
27-03-2013,Wednesday,March,2013,Q1,13.9695,13.9804,13.7949,13.8352,386735529.4
28-03-2013,Thursday,March,2013,Q1,13.7681,13.8282,13.5153,13.5469,516935145.2
01-04-2013,Monday,April,2013,Q2,13.532,13.5795,13.0906,13.1271,454454382
02-04-2013,Tuesday,April,2013,Q2,13.0867,13.4106,13.05,13.1538,618053610.4
03-04-2013,Wednesday,April,2013,Q2,13.2022,13.3839,13.1686,13.22,423627379.4
04-04-2013,Thursday,April,2013,Q2,13.2753,13.3138,13.0145,13.0896,418324917.4
05-04-2013,Friday,April,2013,Q2,12.9929,13.0055,12.8427,12.9523,446967923.6
08-04-2013,Monday,April,2013,Q2,13.0036,13.0837,12.9304,13.0451,351175339.2
09-04-2013,Tuesday,April,2013,Q2,13.049,13.1142,12.9383,13.0679,357866631.9
10-04-2013,Wednesday,April,2013,Q2,13.1054,13.3769,13.0382,13.3356,438494075.4
11-04-2013,Thursday,April,2013,Q2,13.2753,13.4058,13.1962,13.2929,383272983.2
12-04-2013,Friday,April,2013,Q2,13.2881,13.2881,13.1321,13.1538,278466170.5
15-04-2013,Monday,April,2013,Q2,13.0689,13.0954,12.8387,12.8477,370104914.8
16-04-2013,Tuesday,April,2013,Q2,12.9009,13.056,12.8712,13.0461,356221701.4
17-04-2013,Wednesday,April,2013,Q2,12.8613,12.8722,12.184,12.3281,1102446395
18-04-2013,Thursday,April,2013,Q2,12.3942,12.4199,11.9279,11.9981,777248794.5
19-04-2013,Friday,April,2013,Q2,11.8728,12.2293,11.7859,11.9519,710767366.8
22-04-2013,Monday,April,2013,Q2,12.028,12.3095,11.9754,12.2007,501393895.8
23-04-2013,Tuesday,April,2013,Q2,12.3646,12.4979,12.2047,12.4308,770980967.3
24-04-2013,Wednesday,April,2013,Q2,12.0447,12.7092,12.012,12.41,1131611367
25-04-2013,Thursday,April,2013,Q2,12.5848,12.6698,12.4555,12.4979,448152339.8
26-04-2013,Friday,April,2013,Q2,12.5415,12.8151,12.493,12.7696,891716358.2
29-04-2013,Monday,April,2013,Q2,12.8702,13.2713,12.8525,13.1627,746862882.8
30-04-2013,Tuesday,April,2013,Q2,13.3168,13.6259,13.223,13.5498,806527423.1
01-05-2013,Wednesday,May,2013,Q2,13.6012,13.6159,13.2949,13.446,591634562.3
02-05-2013,Thursday,May,2013,Q2,13.5211,13.7296,13.4838,13.6349,492355349.7
03-05-2013,Friday,May,2013,Q2,13.8125,13.871,13.7463,13.7721,421792314.5
06-05-2013,Monday,May,2013,Q2,13.947,14.1453,13.9033,14.1012,579262887.7
07-05-2013,Tuesday,May,2013,Q2,14.2304,14.2541,13.8855,14.0377,564144247.1
08-05-2013,Wednesday,May,2013,Q2,14.0495,14.2424,13.95,14.1947,551249012.9
09-05-2013,Thursday,May,2013,Q2,14.1653,14.2639,14.0357,14.0732,462017091.5
10-05-2013,Friday,May,2013,Q2,14.109,14.1623,13.8787,13.9547,387984764.9
13-05-2013,Monday,May,2013,Q2,13.9093,14.107,13.9083,14.0101,367442594.5
14-05-2013,Tuesday,May,2013,Q2,13.9824,14.0241,13.6199,13.6743,518094102.5
15-05-2013,Wednesday,May,2013,Q2,13.53,13.5865,13.0115,13.2111,859438263.3
16-05-2013,Thursday,May,2013,Q2,13.0392,13.4876,12.9039,13.3889,699449819
17-05-2013,Friday,May,2013,Q2,13.527,13.5578,13.2793,13.3475,496121393.2
20-05-2013,Monday,May,2013,Q2,13.3058,13.7345,13.2506,13.6447,522938372.9
21-05-2013,Tuesday,May,2013,Q2,13.4975,13.7246,13.3769,13.5449,528859427.3
22-05-2013,Wednesday,May,2013,Q2,13.6802,13.8125,13.4994,13.5962,513758026.4
23-05-2013,Thursday,May,2013,Q2,13.4313,13.7463,13.4263,13.6199,409385645.4
24-05-2013,Friday,May,2013,Q2,13.5815,13.7306,13.5656,13.7148,320211685.7
28-05-2013,Tuesday,May,2013,Q2,13.8601,13.8974,13.5815,13.5982,447293046.5
29-05-2013,Wednesday,May,2013,Q2,13.5548,13.7869,13.537,13.7078,383304147.4
30-05-2013,Thursday,May,2013,Q2,13.7306,14.0033,13.694,13.9113,409904282.4
31-05-2013,Friday,May,2013,Q2,13.9411,14.0832,13.8482,13.8551,445400422.8
03-06-2013,Monday,June,2013,Q2,13.8855,13.9362,13.6319,13.8855,431453507
04-06-2013,Tuesday,June,2013,Q2,13.9625,14.0003,13.7829,13.8422,344867618.1
05-06-2013,Wednesday,June,2013,Q2,13.7306,13.8855,13.6693,13.7128,336517206.9
06-06-2013,Thursday,June,2013,Q2,13.7246,13.7721,13.3729,13.5074,483395605.3
07-06-2013,Friday,June,2013,Q2,13.449,13.6545,13.3336,13.6101,469102412.7
10-06-2013,Monday,June,2013,Q2,13.701,13.8352,13.457,13.5211,521942238.2
11-06-2013,Tuesday,June,2013,Q2,13.4253,13.6398,13.3493,13.4798,331725245.5
12-06-2013,Wednesday,June,2013,Q2,13.54,13.5923,13.2949,13.3158,307464622.5
13-06-2013,Thursday,June,2013,Q2,13.3257,13.467,13.2081,13.4313,331509508.4
14-06-2013,Friday,June,2013,Q2,13.4146,13.4421,13.2002,13.2487,315196885.7
17-06-2013,Monday,June,2013,Q2,13.2929,13.4243,13.2585,13.3088,300736232.3
18-06-2013,Tuesday,June,2013,Q2,13.2949,13.3988,13.2535,13.3018,226119052.3
19-06-2013,Wednesday,June,2013,Q2,13.291,13.2988,13.0313,13.0313,360497013.4
20-06-2013,Thursday,June,2013,Q2,12.9178,13.1241,12.7902,12.8407,414297414.1
21-06-2013,Friday,June,2013,Q2,12.8922,12.9393,12.5719,12.7411,557824825.7
24-06-2013,Monday,June,2013,Q2,12.5504,12.5898,12.2619,12.4021,557095281.2
25-06-2013,Tuesday,June,2013,Q2,12.4979,12.5632,12.2866,12.4041,364310054.4
26-06-2013,Wednesday,June,2013,Q2,12.4437,12.4703,12.1898,12.2619,426401450.6
27-06-2013,Thursday,June,2013,Q2,12.2995,12.3666,12.1246,12.1326,391010835.3
28-06-2013,Friday,June,2013,Q2,12.1276,12.4041,12.0506,12.2876,666801914.1
01-07-2013,Monday,July,2013,Q3,12.4061,12.7026,12.3607,12.6076,453411794.5
02-07-2013,Tuesday,July,2013,Q3,12.6304,12.9899,12.6156,12.8922,544818792.3
03-07-2013,Wednesday,July,2013,Q3,12.9652,13.0303,12.8593,12.9633,279301207.8
05-07-2013,Friday,July,2013,Q3,12.9513,13.0412,12.7942,12.8584,317702400.5
08-07-2013,Monday,July,2013,Q3,12.9423,12.97,12.652,12.7872,345667072.6
09-07-2013,Tuesday,July,2013,Q3,12.743,13.0481,12.644,13.0115,408781864.6
10-07-2013,Wednesday,July,2013,Q3,12.9266,13.0867,12.8852,12.9623,325940083.7
11-07-2013,Thursday,July,2013,Q3,13.0294,13.1923,12.975,13.1627,378292363.6
12-07-2013,Friday,July,2013,Q3,13.1745,13.2407,13.0451,13.14,324154324.7
15-07-2013,Monday,July,2013,Q3,13.0935,13.2929,13.0867,13.1677,280487756.3
16-07-2013,Tuesday,July,2013,Q3,13.14,13.2694,13.0679,13.2535,250720451.2
17-07-2013,Wednesday,July,2013,Q3,13.2377,13.3168,13.1923,13.2575,230696214.1
18-07-2013,Thursday,July,2013,Q3,13.3512,13.3968,13.2664,13.3008,253780377
19-07-2013,Friday,July,2013,Q3,13.3436,13.37,13.0738,13.0916,311565889.4
22-07-2013,Monday,July,2013,Q3,13.2307,13.2397,13.1084,13.1331,241003965.9
23-07-2013,Tuesday,July,2013,Q3,13.1241,13.1538,12.899,12.9069,426075436.7
24-07-2013,Wednesday,July,2013,Q3,13.5231,13.697,13.4106,13.5706,686232457.8
25-07-2013,Thursday,July,2013,Q3,13.5775,13.5972,13.4273,13.5094,266218019
26-07-2013,Friday,July,2013,Q3,13.4116,13.5865,13.3809,13.5865,232093627.7
29-07-2013,Monday,July,2013,Q3,13.5805,13.8631,13.5608,13.7959,287767962.5
30-07-2013,Tuesday,July,2013,Q3,13.8611,14.0852,13.8392,13.9655,358605623.9
31-07-2013,Wednesday,July,2013,Q3,14.0171,14.0912,13.8462,13.9411,374102181.3
01-08-2013,Thursday,August,2013,Q3,14.0367,14.0732,13.9635,14.0702,238936707
02-08-2013,Friday,August,2013,Q3,14.1098,14.2589,14.0692,14.2502,317958909.3
05-08-2013,Monday,August,2013,Q3,14.3164,14.4999,14.2384,14.4636,369421773.4
06-08-2013,Tuesday,August,2013,Q3,14.4199,14.5377,14.2384,14.3329,388218073.7
07-08-2013,Wednesday,August,2013,Q3,14.2896,14.3875,14.2254,14.3243,346377293.8
08-08-2013,Thursday,August,2013,Q3,14.3846,14.3925,14.2006,14.2976,294674050.8
09-08-2013,Friday,August,2013,Q3,14.2224,14.2796,14.0692,14.0952,308056624
12-08-2013,Monday,August,2013,Q3,14.1673,14.5327,14.1603,14.4919,419445790.1
13-08-2013,Tuesday,August,2013,Q3,14.6037,15.3395,14.5128,15.1815,1013829669
14-08-2013,Wednesday,August,2013,Q3,15.4381,15.6377,15.302,15.458,870603541.6
15-08-2013,Thursday,August,2013,Q3,15.3948,15.5795,15.1666,15.439,564466811.5
16-08-2013,Friday,August,2013,Q3,15.5092,15.5982,15.4689,15.5775,416940433.3
19-08-2013,Monday,August,2013,Q3,15.6397,15.9301,15.6297,15.7465,587651307.5
20-08-2013,Tuesday,August,2013,Q3,15.8076,15.8344,15.5301,15.5391,412626817.1
21-08-2013,Wednesday,August,2013,Q3,15.617,15.7287,15.543,15.5785,386447336.9
22-08-2013,Thursday,August,2013,Q3,15.6595,15.6793,15.448,15.5982,280965536.5
23-08-2013,Friday,August,2013,Q3,15.6072,15.6092,15.4848,15.5371,256240473.8
26-08-2013,Monday,August,2013,Q3,15.5281,15.8216,15.5201,15.5982,380972782
27-08-2013,Tuesday,August,2013,Q3,15.442,15.5834,15.0816,15.1508,488220126.1
28-08-2013,Wednesday,August,2013,Q3,15.0718,15.376,15.0718,15.2239,353948395.9
29-08-2013,Thursday,August,2013,Q3,15.2457,15.3968,15.2299,15.2477,275808650.5
30-08-2013,Friday,August,2013,Q3,15.3464,15.376,15.1755,15.1964,311841095.8
03-09-2013,Tuesday,September,2013,Q3,15.292,15.5231,15.1134,15.1508,382412601.4
04-09-2013,Wednesday,September,2013,Q3,15.4917,15.5746,15.3898,15.4639,396829438.5
05-09-2013,Thursday,September,2013,Q3,15.5122,15.5261,15.3089,15.3593,271942124
06-09-2013,Friday,September,2013,Q3,15.455,15.4867,15.1934,15.449,413550944.9
09-09-2013,Monday,September,2013,Q3,15.6595,15.7524,15.6142,15.6969,391692620.9
10-09-2013,Tuesday,September,2013,Q3,15.6979,15.7365,15.1795,15.3385,855089397.4
11-09-2013,Wednesday,September,2013,Q3,14.4821,14.6907,14.415,14.5038,1034363916
12-09-2013,Thursday,September,2013,Q3,14.5277,14.7439,14.4527,14.6589,464924080.6
13-09-2013,Friday,September,2013,Q3,14.5543,14.6322,14.412,14.418,343978109.1
16-09-2013,Monday,September,2013,Q3,14.2966,14.3154,13.869,13.9586,631201526.3
17-09-2013,Tuesday,September,2013,Q3,13.8914,14.2561,13.8777,14.1187,459720751.9
18-09-2013,Wednesday,September,2013,Q3,14.3636,14.4626,14.2866,14.411,525044797.8
19-09-2013,Thursday,September,2013,Q3,14.5968,14.7559,14.5504,14.6461,465086790.9
20-09-2013,Friday,September,2013,Q3,14.823,14.8389,14.4517,14.4939,804579825.7
23-09-2013,Monday,September,2013,Q3,15.3849,15.4107,14.9673,15.2149,876550833.6
24-09-2013,Tuesday,September,2013,Q3,15.3464,15.3651,15.1272,15.1676,417797534.6
25-09-2013,Wednesday,September,2013,Q3,15.1775,15.1845,14.9295,14.9325,364808825.4
26-09-2013,Thursday,September,2013,Q3,15.0718,15.1498,15.0076,15.0796,272639173.9
27-09-2013,Friday,September,2013,Q3,15.0026,15.0314,14.9089,14.9722,262407805.9
30-09-2013,Monday,September,2013,Q3,14.8863,15.0254,14.7972,14.8703,297460135
01-10-2013,Tuesday,October,2013,Q4,14.8359,15.1686,14.8339,15.1311,406921650.6
02-10-2013,Wednesday,October,2013,Q4,15.06,15.2506,15.0016,15.1815,332215096.5
03-10-2013,Thursday,October,2013,Q4,15.211,15.2684,14.9089,14.9917,371532086.3
04-10-2013,Friday,October,2013,Q4,15.0056,15.0294,14.8398,14.98,297998722
07-10-2013,Monday,October,2013,Q4,15.0905,15.2783,15.0521,15.1253,359114932.9
08-10-2013,Tuesday,October,2013,Q4,15.1924,15.2149,14.9021,14.9147,334127394.8
09-10-2013,Wednesday,October,2013,Q4,15.0314,15.1253,14.831,15.0915,347250779.2
10-10-2013,Thursday,October,2013,Q4,15.2359,15.2694,15.1045,15.1845,319847040.6
11-10-2013,Friday,October,2013,Q4,15.1025,15.3148,15.0463,15.2822,308028831.4
14-10-2013,Monday,October,2013,Q4,15.1895,15.4294,15.1755,15.3829,301215415.8
15-10-2013,Tuesday,October,2013,Q4,15.4275,15.5676,15.3661,15.463,367759954.7
16-10-2013,Wednesday,October,2013,Q4,15.5301,15.5844,15.4808,15.54,288446977
17-10-2013,Thursday,October,2013,Q4,15.5044,15.6526,15.4947,15.6447,291203342.8
18-10-2013,Friday,October,2013,Q4,15.6911,15.7939,15.6832,15.7829,334324975
21-10-2013,Monday,October,2013,Q4,15.8689,16.2591,15.8629,16.1681,456371470.3
22-10-2013,Tuesday,October,2013,Q4,16.3252,16.3894,15.7564,16.1218,614653598.2
23-10-2013,Wednesday,October,2013,Q4,16.0931,16.3014,16.0931,16.2797,360934619.2
24-10-2013,Thursday,October,2013,Q4,16.2807,16.5129,16.2007,16.495,442716796.9
25-10-2013,Friday,October,2013,Q4,16.4772,16.5356,16.2837,16.3114,388773315
28-10-2013,Monday,October,2013,Q4,16.4072,16.4683,16.2243,16.4339,630789357.1
29-10-2013,Tuesday,October,2013,Q4,16.6303,16.7232,15.9557,16.023,732155578.1
30-10-2013,Wednesday,October,2013,Q4,16.1059,16.3598,16.0338,16.2778,407813390
31-10-2013,Thursday,October,2013,Q4,16.3766,16.4547,16.2601,16.3044,315665549.5
01-11-2013,Friday,November,2013,Q4,16.2621,16.2748,15.9962,16.1267,316435429.3
04-11-2013,Monday,November,2013,Q4,16.1592,16.3381,16.0872,16.3361,281324508.7
05-11-2013,Tuesday,November,2013,Q4,16.2671,16.4032,16.2185,16.2946,305589046
06-11-2013,Wednesday,November,2013,Q4,16.3498,16.3717,16.1632,16.2471,255526742.3
07-11-2013,Thursday,November,2013,Q4,16.2057,16.3202,15.9825,15.9854,300454383.1
08-11-2013,Friday,November,2013,Q4,16.0517,16.2551,15.9883,16.2373,319308948.7
11-11-2013,Monday,November,2013,Q4,16.2195,16.2719,16.0457,16.189,260026260.7
12-11-2013,Tuesday,November,2013,Q4,16.1464,16.3419,16.1258,16.2195,233946702.7
13-11-2013,Wednesday,November,2013,Q4,16.1612,16.2886,16.1248,16.2392,225505908
14-11-2013,Thursday,November,2013,Q4,16.3074,16.51,16.2778,16.4752,323286758.3
15-11-2013,Friday,November,2013,Q4,16.4269,16.503,16.3608,16.3756,363847076.7
18-11-2013,Monday,November,2013,Q4,16.3756,16.4469,16.1632,16.176,280075092.1
19-11-2013,Tuesday,November,2013,Q4,16.188,16.3262,16.1552,16.2047,239163762.6
20-11-2013,Wednesday,November,2013,Q4,16.195,16.2323,16.0427,16.0644,222069393.7
21-11-2013,Thursday,November,2013,Q4,16.1435,16.2571,16.023,16.2551,299893544.7
22-11-2013,Friday,November,2013,Q4,16.2037,16.2866,16.173,16.2137,255919413
25-11-2013,Monday,November,2013,Q4,16.2511,16.4052,16.2501,16.3371,262573323.8
26-11-2013,Tuesday,November,2013,Q4,16.3468,16.7242,16.3448,16.6381,458974415.4
27-11-2013,Wednesday,November,2013,Q4,16.7292,17.0325,16.6381,17.0305,415588534
29-11-2013,Friday,November,2013,Q4,17.1399,17.4146,17.0876,17.3455,364251297.9
02-12-2013,Monday,December,2013,Q4,17.4049,17.6032,17.1816,17.1945,540862071.7
03-12-2013,Tuesday,December,2013,Q4,17.4136,17.6664,17.3949,17.6644,515659231.8
04-12-2013,Wednesday,December,2013,Q4,17.6388,17.7554,17.4916,17.6241,432152312.5
05-12-2013,Thursday,December,2013,Q4,17.8629,17.94,17.6664,17.7137,511871984.9
06-12-2013,Friday,December,2013,Q4,17.6485,17.6783,17.4521,17.4681,393928403.8
09-12-2013,Monday,December,2013,Q4,17.4946,17.7672,17.4946,17.6674,366649210.9
10-12-2013,Tuesday,December,2013,Q4,17.5785,17.7137,17.5034,17.6408,317892960.1
11-12-2013,Wednesday,December,2013,Q4,17.6863,17.8106,17.4561,17.5093,411590225.6
12-12-2013,Thursday,December,2013,Q4,17.5371,17.634,17.4681,17.4838,300117856.6
13-12-2013,Friday,December,2013,Q4,17.5559,17.5569,17.2704,17.295,380663250.3
16-12-2013,Monday,December,2013,Q4,17.313,17.5491,17.312,17.389,323270882.6
17-12-2013,Tuesday,December,2013,Q4,17.3367,17.4482,17.2616,17.311,262744962.2
18-12-2013,Wednesday,December,2013,Q4,17.1469,17.2023,16.8052,17.1806,647446999
19-12-2013,Thursday,December,2013,Q4,17.1369,17.1558,16.9604,16.9829,367103591.5
20-12-2013,Friday,December,2013,Q4,17.0135,17.206,16.9946,17.1262,498961680.8
23-12-2013,Monday,December,2013,Q4,17.7177,17.8027,17.5529,17.783,573423630.8
24-12-2013,Tuesday,December,2013,Q4,17.7771,17.8384,17.6555,17.7079,191847187.5
26-12-2013,Thursday,December,2013,Q4,17.7196,17.7653,17.5726,17.5882,233367789.5
27-12-2013,Friday,December,2013,Q4,17.5863,17.6052,17.4501,17.47,258358585.8
30-12-2013,Monday,December,2013,Q4,17.388,17.47,17.228,17.298,290076951.1
31-12-2013,Tuesday,December,2013,Q4,17.2861,17.5063,17.2801,17.4975,255554435.7
02-01-2014,Thursday,January,2014,Q1,17.3327,17.3751,17.219,17.2536,269125646
03-01-2014,Friday,January,2014,Q1,17.2457,17.2714,16.8565,16.8733,449873610.6
06-01-2014,Monday,January,2014,Q1,16.7617,17.0561,16.6441,16.9664,472897138.9
07-01-2014,Tuesday,January,2014,Q1,16.9791,17.0305,16.7774,16.8446,364473902.7
08-01-2014,Wednesday,January,2014,Q1,16.8052,17.0185,16.8013,16.9524,296132789.5
09-01-2014,Thursday,January,2014,Q1,17.0561,17.058,16.6994,16.7351,319717492.2
10-01-2014,Friday,January,2014,Q1,16.8368,16.8684,16.5661,16.6235,349425337.2
13-01-2014,Monday,January,2014,Q1,16.5298,16.9217,16.5298,16.7113,433989411.5
14-01-2014,Tuesday,January,2014,Q1,16.7864,17.0541,16.7685,17.0445,383091477.1
15-01-2014,Wednesday,January,2014,Q1,17.2666,17.4729,17.208,17.386,450087693.3
16-01-2014,Thursday,January,2014,Q1,17.309,17.3701,17.208,17.2881,262839656.8
17-01-2014,Friday,January,2014,Q1,17.2023,17.22,16.8397,16.8644,496168700.5
21-01-2014,Tuesday,January,2014,Q1,16.8704,17.1587,16.8565,17.1281,376240295.9
22-01-2014,Wednesday,January,2014,Q1,17.1846,17.3831,17.0876,17.2032,435703749.8
23-01-2014,Thursday,January,2014,Q1,17.1548,17.3581,16.9936,17.3484,461963411.6
24-01-2014,Friday,January,2014,Q1,17.2801,17.3307,16.9927,17.0335,495422990.7
27-01-2014,Monday,January,2014,Q1,17.1706,17.306,17.0245,17.1716,653671447.4
28-01-2014,Tuesday,January,2014,Q1,15.8689,16.0644,15.6595,15.7997,1220810931
29-01-2014,Wednesday,January,2014,Q1,15.7227,15.8265,15.5519,15.62,576228253.7
30-01-2014,Thursday,January,2014,Q1,15.6764,15.7997,15.4927,15.5894,777254804.6
31-01-2014,Friday,January,2014,Q1,15.447,15.6437,15.3948,15.6142,532458902
03-02-2014,Monday,February,2014,Q1,15.6783,15.8384,15.5736,15.6437,460452191.8
04-02-2014,Tuesday,February,2014,Q1,15.7799,15.8906,15.6832,15.8689,431487676.3
05-02-2014,Wednesday,February,2014,Q1,15.8007,16.0733,15.7929,15.9883,376438941.3
06-02-2014,Thursday,February,2014,Q1,16.0052,16.1119,15.9331,16.0813,293484020.3
07-02-2014,Friday,February,2014,Q1,16.3518,16.4101,16.2343,16.3064,426094792.4
10-02-2014,Monday,February,2014,Q1,16.2551,16.6935,16.2541,16.5999,393390476
11-02-2014,Tuesday,February,2014,Q1,16.6501,16.8723,16.6155,16.8171,321497602.5
12-02-2014,Wednesday,February,2014,Q1,16.8475,16.9305,16.7322,16.8151,350834117.9
13-02-2014,Thursday,February,2014,Q1,16.7754,17.0966,16.7598,17.0836,350137523.6
14-02-2014,Friday,February,2014,Q1,17.0235,17.1339,16.9829,17.0707,311553050.1
18-02-2014,Tuesday,February,2014,Q1,17.13,17.296,17.1215,17.1339,297019841.1
19-02-2014,Wednesday,February,2014,Q1,17.0936,17.1607,16.7647,16.8615,357497578.4
20-02-2014,Thursday,February,2014,Q1,16.7192,16.8495,16.5999,16.6671,348277266.1
21-02-2014,Friday,February,2014,Q1,16.7133,16.7724,16.4624,16.4812,317457141.4
24-02-2014,Monday,February,2014,Q1,16.4169,16.6284,16.3942,16.5533,329033580.4
25-02-2014,Tuesday,February,2014,Q1,16.6136,16.6175,16.3488,16.3825,264741345.2
26-02-2014,Wednesday,February,2014,Q1,16.4566,16.4752,16.178,16.2333,314549358.5
27-02-2014,Thursday,February,2014,Q1,16.2263,16.593,16.192,16.5571,343795243.3
28-02-2014,Friday,February,2014,Q1,16.6019,16.7173,16.3845,16.5139,423555844.4
03-03-2014,Monday,March,2014,Q1,16.4121,16.6511,16.4072,16.5601,272059113.5
04-03-2014,Tuesday,March,2014,Q1,16.6621,16.7133,16.5601,16.67,295201012.4
05-03-2014,Wednesday,March,2014,Q1,16.6591,16.7774,16.6038,16.7053,227828593.5
06-03-2014,Thursday,March,2014,Q1,16.7182,16.7676,16.5711,16.6541,211190470.2
07-03-2014,Friday,March,2014,Q1,16.6838,16.6935,16.507,16.6441,252078140.9
10-03-2014,Monday,March,2014,Q1,16.58,16.7351,16.58,16.6591,203465319.7
11-03-2014,Tuesday,March,2014,Q1,16.8013,16.904,16.7123,16.8201,319592074.7
12-03-2014,Wednesday,March,2014,Q1,16.7695,16.8605,16.6935,16.8368,228523370.3
13-03-2014,Thursday,March,2014,Q1,16.8634,16.9334,16.6048,16.6511,293351527.6
14-03-2014,Friday,March,2014,Q1,16.593,16.6581,16.4121,16.4654,269966597.2
17-03-2014,Monday,March,2014,Q1,16.5444,16.6303,16.5,16.5298,227115019.9
18-03-2014,Tuesday,March,2014,Q1,16.502,16.6925,16.4802,16.6749,238593865.6
19-03-2014,Wednesday,March,2014,Q1,16.7023,16.825,16.5999,16.671,255721833.8
20-03-2014,Thursday,March,2014,Q1,16.6312,16.7143,16.5463,16.59,237189173.3
21-03-2014,Friday,March,2014,Q1,16.6916,16.7461,16.5169,16.7212,426185320.6
24-03-2014,Monday,March,2014,Q1,16.8952,16.9604,16.7874,16.9197,404845746
25-03-2014,Tuesday,March,2014,Q1,16.9917,17.1262,16.9314,17.1016,321297219.7
26-03-2014,Wednesday,March,2014,Q1,17.1489,17.227,16.908,16.9374,341186214.2
27-03-2014,Thursday,March,2014,Q1,16.9414,16.9917,16.7894,16.8644,252708137
28-03-2014,Friday,March,2014,Q1,16.8912,16.9108,16.7617,16.8456,228275792.6
31-03-2014,Monday,March,2014,Q1,16.9207,16.9704,16.8151,16.8407,191584653.4
01-04-2014,Tuesday,April,2014,Q2,16.8733,17.0035,16.8427,16.9966,228257732.9
02-04-2014,Wednesday,April,2014,Q2,17.0205,17.0541,16.9524,17.0255,204818940.3
03-04-2014,Thursday,April,2014,Q2,16.9888,17.0245,16.8694,16.906,185025483.8
04-04-2014,Friday,April,2014,Q2,16.9444,16.9444,16.6491,16.6878,313154416.4
07-04-2014,Monday,April,2014,Q2,16.576,16.6591,16.3766,16.4279,329534229.6
08-04-2014,Tuesday,April,2014,Q2,16.4792,16.51,16.2768,16.4269,277524858.9
09-04-2014,Wednesday,April,2014,Q2,16.3972,16.6461,16.3815,16.6411,234488409.1
10-04-2014,Thursday,April,2014,Q2,16.6521,16.7013,16.4169,16.4279,272646079
11-04-2014,Friday,April,2014,Q2,16.2955,16.4072,16.2263,16.3044,309396558.9
14-04-2014,Monday,April,2014,Q2,16.3736,16.3855,16.2283,16.3698,234137013.2
15-04-2014,Tuesday,April,2014,Q2,16.3262,16.3688,16.0447,16.2531,303150793.6
16-04-2014,Wednesday,April,2014,Q2,16.2551,16.3518,16.1326,16.2847,244456236.5
17-04-2014,Thursday,April,2014,Q2,16.3222,16.5601,16.2916,16.4723,323663189.9
21-04-2014,Monday,April,2014,Q2,16.4841,16.6984,16.4439,16.6681,207792734.1
22-04-2014,Tuesday,April,2014,Q2,16.578,16.6878,16.5219,16.6838,230589991.4
23-04-2014,Wednesday,April,2014,Q2,16.6029,16.6661,16.4585,16.4683,445973404.9
24-04-2014,Thursday,April,2014,Q2,17.8305,17.8847,17.5952,17.8166,864530403.9
25-04-2014,Friday,April,2014,Q2,17.7147,17.9478,17.6962,17.9459,443935812.7
28-04-2014,Monday,April,2014,Q2,17.9736,18.6946,17.9657,18.6422,761603018.2
29-04-2014,Tuesday,April,2014,Q2,18.6304,18.7016,18.4969,18.587,383627775.9
30-04-2014,Wednesday,April,2014,Q2,18.5969,18.8082,18.5069,18.5159,519796176.6
01-05-2014,Thursday,May,2014,Q2,18.576,18.666,18.3994,18.5593,277819253.9
02-05-2014,Friday,May,2014,Q2,18.592,18.6451,18.5039,18.594,217807582.3
05-05-2014,Monday,May,2014,Q2,18.5169,18.8586,18.5129,18.8566,326395333
06-05-2014,Tuesday,May,2014,Q2,18.8832,18.9661,18.6521,18.6521,426149434.1
07-05-2014,Wednesday,May,2014,Q2,18.6778,18.7421,18.4418,18.587,321665016.8
08-05-2014,Thursday,May,2014,Q2,18.5613,18.7558,18.5029,18.5543,260409542.7
09-05-2014,Friday,May,2014,Q2,18.4448,18.4979,18.3113,18.4774,329928296.6
12-05-2014,Monday,May,2014,Q2,18.5376,18.7321,18.5346,18.7065,241349538.9
13-05-2014,Tuesday,May,2014,Q2,18.6808,18.7598,18.6384,18.7351,180750776.3
14-05-2014,Wednesday,May,2014,Q2,18.6946,18.8507,18.6719,18.7391,188163275.8
15-05-2014,Thursday,May,2014,Q2,18.7647,18.8249,18.5553,18.579,261025031.9
16-05-2014,Friday,May,2014,Q2,18.573,18.8547,18.4725,18.8537,312699382.7
19-05-2014,Monday,May,2014,Q2,18.8646,19.1638,18.8477,19.0778,359387494.7
20-05-2014,Tuesday,May,2014,Q2,19.0748,19.1352,18.9564,19.0808,265451851.9
21-05-2014,Wednesday,May,2014,Q2,19.052,19.1448,18.9979,19.1322,222830367.8
22-05-2014,Thursday,May,2014,Q2,19.1409,19.2429,19.061,19.1618,227241411.3
23-05-2014,Friday,May,2014,Q2,19.1618,19.3959,19.1371,19.3772,262586319
27-05-2014,Tuesday,May,2014,Q2,19.4254,19.7484,19.4245,19.7415,394716870.9
28-05-2014,Wednesday,May,2014,Q2,19.7534,19.8738,19.6833,19.6902,357150241.6
29-05-2014,Thursday,May,2014,Q2,19.8117,20.0951,19.8097,20.0478,425891647.6
30-05-2014,Friday,May,2014,Q2,20.1307,20.3273,19.8444,19.9747,638191889.6
02-06-2014,Monday,June,2014,Q2,20.0041,20.03,19.6428,19.8364,417841465.3
03-06-2014,Tuesday,June,2014,Q2,19.8304,20.1533,19.8256,20.1158,331398961.3
04-06-2014,Wednesday,June,2014,Q2,20.1129,20.4456,20.0705,20.347,379594071
05-06-2014,Thursday,June,2014,Q2,20.3914,20.4923,20.2769,20.4282,343656973.4
06-06-2014,Friday,June,2014,Q2,20.5081,20.5494,20.3361,20.3707,396343529.1
09-06-2014,Monday,June,2014,Q2,20.4773,20.7342,20.266,20.6945,340945004
10-06-2014,Tuesday,June,2014,Q2,20.9248,20.9958,20.667,20.8161,283995625.4
11-06-2014,Wednesday,June,2014,Q2,20.7905,20.9308,20.6453,20.7303,206607934.1
12-06-2014,Thursday,June,2014,Q2,20.7676,20.7885,20.2985,20.3864,247632941.2
13-06-2014,Friday,June,2014,Q2,20.3667,20.4192,20.0725,20.1602,246779398.8
16-06-2014,Monday,June,2014,Q2,20.2128,20.4883,20.1989,20.3667,160909761.4
17-06-2014,Tuesday,June,2014,Q2,20.3904,20.4773,20.2759,20.3391,134502074.4
18-06-2014,Wednesday,June,2014,Q2,20.3814,20.3864,20.1761,20.362,151655579.5
19-06-2014,Thursday,June,2014,Q2,20.3864,20.3884,20.1741,20.2897,160761601.6
20-06-2014,Friday,June,2014,Q2,20.2878,20.4437,20.0764,20.0792,456595012.6
23-06-2014,Monday,June,2014,Q2,20.1692,20.2363,20.011,20.0606,197734886.7
24-06-2014,Tuesday,June,2014,Q2,20.0438,20.263,19.9222,19.9409,176695641.2
25-06-2014,Wednesday,June,2014,Q2,19.9261,20.032,19.8027,19.9579,166869581.9
26-06-2014,Thursday,June,2014,Q2,19.9609,20.11,19.8354,20.0764,147630624.5
27-06-2014,Friday,June,2014,Q2,20.0586,20.3213,20.0478,20.3173,289805480.8
30-06-2014,Monday,June,2014,Q2,20.3431,20.6984,20.3411,20.5256,224454776.2
01-07-2014,Tuesday,July,2014,Q3,20.6562,20.7766,20.5713,20.6562,172925373.7
02-07-2014,Wednesday,July,2014,Q3,20.7303,20.7746,20.5614,20.6483,128871973.5
03-07-2014,Thursday,July,2014,Q3,20.6877,20.7835,20.585,20.7676,103639739.2
07-07-2014,Monday,July,2014,Q3,20.7925,21.2034,20.7835,21.1984,255349459.3
08-07-2014,Tuesday,July,2014,Q3,21.2645,21.3782,20.7431,21.062,295103085.9
09-07-2014,Wednesday,July,2014,Q3,21.0819,21.1944,20.9308,21.0709,164885397.3
10-07-2014,Thursday,July,2014,Q3,20.7084,21.1066,20.6562,20.9938,179602909.8
11-07-2014,Friday,July,2014,Q3,21.065,21.1816,20.9524,21.0335,153929360.9
14-07-2014,Monday,July,2014,Q3,21.1746,21.3988,21.1282,21.3029,193618756.5
15-07-2014,Tuesday,July,2014,Q3,21.3782,21.39,20.9909,21.0561,206509845.7
16-07-2014,Wednesday,July,2014,Q3,21.4145,21.4463,20.9258,20.9347,241999557.9
17-07-2014,Thursday,July,2014,Q3,20.9909,21.0472,20.4476,20.5614,259155638.7
18-07-2014,Friday,July,2014,Q3,20.6779,20.9258,20.5454,20.8567,226139415.4
21-07-2014,Monday,July,2014,Q3,20.9821,20.984,20.6984,20.7471,176589182.6
22-07-2014,Tuesday,July,2014,Q3,20.9128,20.9593,20.7885,20.9218,248995578
23-07-2014,Wednesday,July,2014,Q3,21.0769,21.619,21.0217,21.4662,420451831.9
24-07-2014,Thursday,July,2014,Q3,21.4325,21.4946,21.2962,21.4305,206952732.6
25-07-2014,Friday,July,2014,Q3,21.39,21.6112,21.3436,21.5727,196725475.3
28-07-2014,Monday,July,2014,Q3,21.6064,21.9203,21.5469,21.872,250156404.3
29-07-2014,Tuesday,July,2014,Q3,21.9401,21.9649,21.701,21.7307,195169576.6
30-07-2014,Wednesday,July,2014,Q3,21.7445,21.8019,21.5727,21.6804,149411816.2
31-07-2014,Thursday,July,2014,Q3,21.4592,21.5244,21.0581,21.1173,257088336.2
01-08-2014,Friday,August,2014,Q3,20.9612,21.3386,20.9426,21.2348,219573880.3
04-08-2014,Monday,August,2014,Q3,21.2863,21.3306,21.0217,21.1153,180811182.1
05-08-2014,Tuesday,August,2014,Q3,21.065,21.1351,20.8417,21.0107,253082724.8
06-08-2014,Wednesday,August,2014,Q3,20.9288,21.0907,20.9198,20.9741,174412794
07-08-2014,Thursday,August,2014,Q3,21.0729,21.298,20.8873,20.9721,210209897.5
08-08-2014,Friday,August,2014,Q3,20.9238,21.0492,20.7044,21.0315,188515937.2
11-08-2014,Monday,August,2014,Q3,21.149,21.3257,21.0541,21.3069,164654217.7
12-08-2014,Tuesday,August,2014,Q3,21.3179,21.5046,21.224,21.3019,152196731.1
13-08-2014,Wednesday,August,2014,Q3,21.3406,21.5856,21.3179,21.5856,143705348.7
14-08-2014,Thursday,August,2014,Q3,21.6054,21.6596,21.4866,21.6428,126573834.8
15-08-2014,Friday,August,2014,Q3,21.7327,21.797,21.4996,21.7505,220352300.4
18-08-2014,Monday,August,2014,Q3,21.8631,22.0577,21.7505,22.0101,214185286.2
19-08-2014,Tuesday,August,2014,Q3,22.0656,22.3519,22.0458,22.3165,312466012.2
20-08-2014,Wednesday,August,2014,Q3,22.2997,22.4378,22.187,22.3252,237124141.5
21-08-2014,Thursday,August,2014,Q3,22.3252,22.4043,22.2226,22.3272,150764212.7
22-08-2014,Friday,August,2014,Q3,22.262,22.5227,22.2414,22.4903,198876938.5
25-08-2014,Monday,August,2014,Q3,22.5988,22.6797,22.4814,22.5396,181101906.9
26-08-2014,Tuesday,August,2014,Q3,22.5119,22.5297,22.3885,22.3954,149244627.7
27-08-2014,Wednesday,August,2014,Q3,22.4221,22.7698,22.3559,22.6709,214552436.3
28-08-2014,Thursday,August,2014,Q3,22.5515,22.8181,22.5436,22.6957,308294199.4
29-08-2014,Friday,August,2014,Q3,22.824,22.8429,22.6867,22.7529,200805216.8
02-09-2014,Tuesday,September,2014,Q3,22.8773,23.0273,22.8042,22.9279,241175760.2
03-09-2014,Wednesday,September,2014,Q3,22.8842,22.906,21.8829,21.9629,564619805.9
04-09-2014,Thursday,September,2014,Q3,21.9431,22.2186,21.707,21.781,385875474.7
05-09-2014,Friday,September,2014,Q3,21.9322,22.0617,21.8245,21.9697,263214079.5
08-09-2014,Monday,September,2014,Q3,22.0409,22.0438,21.7663,21.8353,208644534
09-09-2014,Tuesday,September,2014,Q3,21.9925,22.8792,21.3386,21.7524,854675440.2
10-09-2014,Wednesday,September,2014,Q3,21.7564,22.4418,21.7,22.4173,454029698.5
11-09-2014,Thursday,September,2014,Q3,22.2897,22.5169,22.113,22.5149,280965454.5
12-09-2014,Friday,September,2014,Q3,22.4645,22.6847,22.4358,22.5664,282333746
15-09-2014,Monday,September,2014,Q3,22.824,22.8744,22.5169,22.5604,276089867
16-09-2014,Tuesday,September,2014,Q3,22.1525,22.4764,21.9509,22.3885,301279511.1
17-09-2014,Wednesday,September,2014,Q3,22.4784,22.5968,22.3302,22.5485,274419013.8
18-09-2014,Thursday,September,2014,Q3,22.6395,22.7185,22.5436,22.5948,167929485.8
19-09-2014,Friday,September,2014,Q3,22.6937,22.7185,22.3925,22.4093,319237522
22-09-2014,Monday,September,2014,Q3,22.5968,22.6729,22.3272,22.4309,237622435.6
23-09-2014,Tuesday,September,2014,Q3,22.3322,22.8517,22.3184,22.7856,285464335.1
24-09-2014,Wednesday,September,2014,Q3,22.6779,22.833,22.4626,22.586,270845080.1
25-09-2014,Thursday,September,2014,Q3,22.3125,22.3589,21.6912,21.7249,450615671.5
26-09-2014,Friday,September,2014,Q3,21.872,22.3667,21.8443,22.3667,280825566.6
29-09-2014,Monday,September,2014,Q3,21.8986,22.2947,21.8937,22.2226,224100626.5
30-09-2014,Tuesday,September,2014,Q3,22.3776,22.5396,22.3165,22.3667,248859022.2
01-10-2014,Wednesday,October,2014,Q4,22.3302,22.3539,21.9094,22.0151,231864934.8
02-10-2014,Thursday,October,2014,Q4,22.034,22.2472,21.7643,22.1752,215043375.7
03-10-2014,Friday,October,2014,Q4,22.0714,22.2454,21.9836,22.113,195747131
06-10-2014,Monday,October,2014,Q4,22.187,22.3441,22.0674,22.113,166808064.3
07-10-2014,Tuesday,October,2014,Q4,22.0694,22.2246,21.9164,21.9203,189549405.2
08-10-2014,Wednesday,October,2014,Q4,21.9233,22.4418,21.8245,22.3747,258506052.1
09-10-2014,Thursday,October,2014,Q4,22.5396,22.7262,22.3341,22.4221,348396280.6
10-10-2014,Friday,October,2014,Q4,22.3539,22.6473,22.264,22.3628,298651239.7
13-10-2014,Monday,October,2014,Q4,22.4933,22.5928,22.1555,22.1555,241117448.2
14-10-2014,Tuesday,October,2014,Q4,22.2858,22.3145,21.8799,21.9203,286836657.3
15-10-2014,Wednesday,October,2014,Q4,21.7485,22.0081,21.1292,21.6527,454535595.4
16-10-2014,Thursday,October,2014,Q4,21.2112,21.6912,21.1796,21.3653,324998452.1
17-10-2014,Friday,October,2014,Q4,21.6428,21.9767,21.4886,21.6813,306903804.4
20-10-2014,Monday,October,2014,Q4,21.8373,22.189,21.8038,22.1435,348215826.5
21-10-2014,Tuesday,October,2014,Q4,22.8685,22.8685,22.4784,22.746,426065551.9
22-10-2014,Wednesday,October,2014,Q4,22.831,23.1112,22.7758,22.8637,307395651
23-10-2014,Thursday,October,2014,Q4,23.1044,23.318,23.002,23.2714,320065952.8
24-10-2014,Friday,October,2014,Q4,23.3485,23.4146,23.2022,23.3555,211790667.8
27-10-2014,Monday,October,2014,Q4,23.2754,23.4126,23.2419,23.3316,154014706.3
28-10-2014,Tuesday,October,2014,Q4,23.3958,23.6931,23.387,23.6931,216512852.9
29-10-2014,Wednesday,October,2014,Q4,23.6736,23.8363,23.6063,23.8294,237357584.9
30-10-2014,Thursday,October,2014,Q4,23.7388,23.8314,23.5085,23.7436,183148815.9
31-10-2014,Friday,October,2014,Q4,23.9747,23.9824,23.7981,23.9727,201098862.6
03-11-2014,Monday,November,2014,Q4,24.0262,24.4863,23.9747,24.2847,235281332
04-11-2014,Tuesday,November,2014,Q4,24.2749,24.3047,23.9124,24.103,187129443.3
05-11-2014,Wednesday,November,2014,Q4,24.2117,24.2612,24.0044,24.1584,168527323.3
06-11-2014,Thursday,November,2014,Q4,24.1881,24.2512,24.0378,24.2286,156739017.9
07-11-2014,Friday,November,2014,Q4,24.2414,24.3718,24.1949,24.3027,151073258.3
10-11-2014,Monday,November,2014,Q4,24.3047,24.3738,24.2216,24.2612,121930913.1
11-11-2014,Tuesday,November,2014,Q4,24.2316,24.4734,24.1603,24.4616,123031828.7
12-11-2014,Wednesday,November,2014,Q4,24.3848,24.8408,24.3838,24.7964,210460813.3
13-11-2014,Thursday,November,2014,Q4,24.9278,25.2894,24.8824,25.154,266861095.4
14-11-2014,Friday,November,2014,Q4,25.2231,25.456,25.2024,25.456,197507620.4
17-11-2014,Monday,November,2014,Q4,25.4708,26.1505,25.2536,25.4147,209568452.2
18-11-2014,Tuesday,November,2014,Q4,25.4018,25.793,25.3919,25.7467,198295292.7
19-11-2014,Wednesday,November,2014,Q4,25.7398,25.806,25.3694,25.5599,187648543.9
20-11-2014,Thursday,November,2014,Q4,25.619,26.0516,25.6042,25.9303,194515072.4
21-11-2014,Friday,November,2014,Q4,26.1949,26.2098,25.8672,25.9658,256428562
24-11-2014,Monday,November,2014,Q4,26.0536,26.4795,25.9974,26.4449,212706867.9
25-11-2014,Tuesday,November,2014,Q4,26.5514,26.6898,26.1822,26.2178,308677791.2
26-11-2014,Wednesday,November,2014,Q4,26.2938,26.5574,26.267,26.5339,183013306
28-11-2014,Friday,November,2014,Q4,26.5881,26.6118,26.3194,26.519,111305616.9
01-12-2014,Monday,December,2014,Q4,26.4862,26.5861,24.8014,25.6588,375878150.6
02-12-2014,Tuesday,December,2014,Q4,25.3011,25.806,25.1392,25.5529,266098703.8
03-12-2014,Wednesday,December,2014,Q4,25.806,25.9393,25.6686,25.8412,192983693
04-12-2014,Thursday,December,2014,Q4,25.809,26.1307,25.703,25.7514,189047431.7
05-12-2014,Friday,December,2014,Q4,25.8572,25.8791,25.5549,25.6419,171836556.2
08-12-2014,Monday,December,2014,Q4,25.4367,25.5549,24.8883,25.0581,258469746.4
09-12-2014,Tuesday,December,2014,Q4,24.5714,25.4778,24.3788,25.4416,269957971.8
10-12-2014,Wednesday,December,2014,Q4,25.5038,25.6042,24.8685,24.9613,199758935.8
11-12-2014,Thursday,December,2014,Q4,25.0285,25.3694,24.819,24.8883,185936733.8
12-12-2014,Friday,December,2014,Q4,24.6306,24.9415,24.4319,24.4694,251197108.5
15-12-2014,Monday,December,2014,Q4,24.6738,24.8824,23.7051,24.1218,301299862.1
16-12-2014,Tuesday,December,2014,Q4,23.71,24.5674,23.6901,23.7981,272178432.8
17-12-2014,Wednesday,December,2014,Q4,23.8868,24.4913,23.8147,24.3925,239413871.5
18-12-2014,Thursday,December,2014,Q4,24.9415,25.1154,24.6661,25.1154,264444782.5
19-12-2014,Friday,December,2014,Q4,25.0285,25.2409,24.8981,24.9219,396558593.9
22-12-2014,Monday,December,2014,Q4,25.0088,25.2991,24.9673,25.1796,202535638.5
23-12-2014,Tuesday,December,2014,Q4,25.2379,25.2606,25.07,25.0898,116666236
24-12-2014,Wednesday,December,2014,Q4,25.0996,25.1293,24.9743,24.9743,64948655.13
26-12-2014,Friday,December,2014,Q4,24.9969,25.5273,24.9743,25.4147,151205924.1
29-12-2014,Monday,December,2014,Q4,25.3674,25.5848,25.3457,25.3968,123702522.6
30-12-2014,Tuesday,December,2014,Q4,25.3327,25.3968,24.9989,25.0859,133988390.6
31-12-2014,Wednesday,December,2014,Q4,25.154,25.2212,24.5762,24.6117,185622538.7
02-01-2015,Friday,January,2015,Q1,24.831,24.8428,23.9342,24.3738,238616147.4
05-01-2015,Monday,January,2015,Q1,24.1387,24.2157,23.5015,23.6881,288226382
06-01-2015,Tuesday,January,2015,Q1,23.7792,23.9501,23.3247,23.6901,294938713.1
07-01-2015,Wednesday,January,2015,Q1,23.9025,24.1169,23.7841,24.0262,179714421.8
08-01-2015,Thursday,January,2015,Q1,24.3518,25.0068,24.2286,24.9475,266142736.8
09-01-2015,Friday,January,2015,Q1,25.1193,25.2428,24.5762,24.9743,240808944.2
12-01-2015,Monday,January,2015,Q1,25.1055,25.1095,24.2532,24.3538,222586266.9
13-01-2015,Tuesday,January,2015,Q1,24.8408,25.149,24.2797,24.5782,300851365
14-01-2015,Wednesday,January,2015,Q1,24.3097,24.6345,24.1861,24.4834,219324240.1
15-01-2015,Thursday,January,2015,Q1,24.5289,24.5415,23.7772,23.8147,268708969.2
16-01-2015,Friday,January,2015,Q1,23.8651,23.9854,23.4543,23.626,352110604.3
20-01-2015,Tuesday,January,2015,Q1,24.0477,24.2482,23.7388,24.2336,369395388.1
21-01-2015,Wednesday,January,2015,Q1,24.2897,24.7568,24.1337,24.427,246255208.4
22-01-2015,Thursday,January,2015,Q1,24.59,25.073,24.4665,25.0581,343212540.4
23-01-2015,Friday,January,2015,Q1,25.0434,25.3575,24.8656,25.1894,226320331.1
26-01-2015,Monday,January,2015,Q1,25.3556,25.4938,25.149,25.2133,249224288
27-01-2015,Tuesday,January,2015,Q1,25.0631,25.0759,24.3077,24.3293,426780308
28-01-2015,Wednesday,January,2015,Q1,26.2216,26.3372,25.708,25.708,661463788.4
29-01-2015,Thursday,January,2015,Q1,25.9323,26.5762,25.7662,26.512,378490325.5
30-01-2015,Friday,January,2015,Q1,26.3955,26.748,26.0497,26.1229,375489804.1
02-02-2015,Monday,February,2015,Q1,26.3194,26.5712,25.8791,26.4449,281014085.1
03-02-2015,Tuesday,February,2015,Q1,26.4171,26.5544,26.2198,26.4499,232789759.2
04-02-2015,Wednesday,February,2015,Q1,26.4171,26.8666,26.3788,26.6494,314342822.8
05-02-2015,Thursday,February,2015,Q1,26.8626,26.9111,26.6829,26.8448,188691119.2
06-02-2015,Friday,February,2015,Q1,26.8626,26.915,26.516,26.6118,195172004.6
09-02-2015,Monday,February,2015,Q1,26.5388,26.8232,26.512,26.7935,173647881.4
10-02-2015,Tuesday,February,2015,Q1,26.8983,27.3347,26.8953,27.3091,276696558.7
11-02-2015,Wednesday,February,2015,Q1,27.4779,27.9569,27.4197,27.9471,328359953.4
12-02-2015,Thursday,February,2015,Q1,28.2128,28.5329,28.106,28.3056,332601161.8
13-02-2015,Friday,February,2015,Q1,28.4863,28.4863,28.1257,28.441,241720573.9
17-02-2015,Tuesday,February,2015,Q1,28.5359,28.8429,28.4043,28.6139,281914415.5
18-02-2015,Wednesday,February,2015,Q1,28.5673,28.8202,28.5259,28.8064,200492841.1
19-02-2015,Thursday,February,2015,Q1,28.7542,28.8755,28.7215,28.7472,166784711.4
20-02-2015,Friday,February,2015,Q1,28.7836,28.9861,28.6631,28.9861,218567575.2
23-02-2015,Monday,February,2015,Q1,29.1117,29.7713,29.0256,29.7713,316833701.1
24-02-2015,Tuesday,February,2015,Q1,29.7575,29.9007,29.3534,29.5818,309079983.4
25-02-2015,Wednesday,February,2015,Q1,29.4433,29.4532,28.6821,28.8231,333577261.4
26-02-2015,Thursday,February,2015,Q1,28.8231,29.2844,28.338,29.1907,407712586.1
27-02-2015,Friday,February,2015,Q1,29.1057,29.2192,28.7015,28.7492,276978440.4
02-03-2015,Monday,March,2015,Q1,28.9288,29.1628,28.7145,28.8893,214890425.8
03-03-2015,Tuesday,March,2015,Q1,28.8627,28.9911,28.6711,28.9565,168958702.4
04-03-2015,Wednesday,March,2015,Q1,28.8923,29.0008,28.7195,28.7688,141481611.3
05-03-2015,Thursday,March,2015,Q1,28.7766,28.8162,28.1517,28.2929,252512312.4
06-03-2015,Friday,March,2015,Q1,28.7342,28.9585,28.2591,28.3353,325450197.2
09-03-2015,Monday,March,2015,Q1,28.6423,29.0038,27.9905,28.4539,395535342.9
10-03-2015,Tuesday,March,2015,Q1,28.2929,28.4735,27.7102,27.8651,307643413
11-03-2015,Wednesday,March,2015,Q1,27.9115,27.9214,27.3259,27.3575,308011558.4
12-03-2015,Thursday,March,2015,Q1,27.3743,27.9509,27.2202,27.5066,216172865.7
13-03-2015,Friday,March,2015,Q1,27.8435,28.0656,27.4395,27.6675,231558327.2
16-03-2015,Monday,March,2015,Q1,27.7268,27.9638,27.5008,27.9638,160282491
17-03-2015,Tuesday,March,2015,Q1,28.183,28.4961,28.1257,28.431,227965704.1
18-03-2015,Wednesday,March,2015,Q1,28.4241,28.9071,28.2829,28.7512,291623332.4
19-03-2015,Thursday,March,2015,Q1,28.8162,28.9288,28.5131,28.5378,204671461.8
20-03-2015,Friday,March,2015,Q1,28.7075,28.7342,28.0125,28.183,306922312.6
23-03-2015,Monday,March,2015,Q1,28.4489,28.6189,28.3185,28.4705,168482429.8
24-03-2015,Tuesday,March,2015,Q1,28.4735,28.6611,28.3284,28.355,146735851.7
25-03-2015,Wednesday,March,2015,Q1,28.3224,28.3817,27.6183,27.6183,230789418.4
26-03-2015,Thursday,March,2015,Q1,27.4779,27.9471,27.4434,27.8057,212550131.3
27-03-2015,Friday,March,2015,Q1,27.8848,27.9047,27.5086,27.5866,176687708.4
30-03-2015,Monday,March,2015,Q1,27.7644,28.2909,27.7545,28.2829,210435928.5
31-03-2015,Tuesday,March,2015,Q1,28.2207,28.3106,27.8336,27.8484,188056047.6
01-04-2015,Wednesday,April,2015,Q2,27.9344,28.0065,27.5491,27.8087,181492031.2
02-04-2015,Thursday,April,2015,Q2,27.9835,28.1041,27.794,28.0477,143955934.5
06-04-2015,Monday,April,2015,Q2,27.8554,28.5398,27.8256,28.5001,166178338.6
07-04-2015,Tuesday,April,2015,Q2,28.5693,28.6791,28.1949,28.2029,156339494.6
08-04-2015,Wednesday,April,2015,Q2,28.1732,28.2909,27.9688,28.1139,166782843.4
09-04-2015,Thursday,April,2015,Q2,28.1732,28.3323,27.8967,28.3284,144932075.6
10-04-2015,Friday,April,2015,Q2,28.188,28.4705,28.035,28.444,179555197.5
13-04-2015,Monday,April,2015,Q2,28.7274,28.7766,28.338,28.3877,162475344.6
14-04-2015,Tuesday,April,2015,Q2,28.4241,28.4883,28.183,28.269,114040717.5
15-04-2015,Wednesday,April,2015,Q2,28.2929,28.4509,28.2029,28.3748,129327650.2
16-04-2015,Thursday,April,2015,Q2,28.2631,28.444,28.2247,28.2405,126749549.4
17-04-2015,Friday,April,2015,Q2,28.1021,28.2326,27.8534,27.9175,232138267.1
20-04-2015,Monday,April,2015,Q2,28.1021,28.6791,28.0155,28.5604,210194805.4
21-04-2015,Tuesday,April,2015,Q2,28.6731,28.6919,28.35,28.4014,144770657.3
22-04-2015,Wednesday,April,2015,Q2,28.4241,28.84,28.271,28.7836,168084688.5
23-04-2015,Thursday,April,2015,Q2,28.7145,29.1927,28.6811,29.0276,204499443.8
24-04-2015,Friday,April,2015,Q2,29.2024,29.233,28.9248,29.1628,198936956.6
27-04-2015,Monday,April,2015,Q2,29.6112,29.8019,29.3476,29.6903,433180907.4
28-04-2015,Tuesday,April,2015,Q2,30.0963,30.1161,29.0038,29.2172,531339460.9
29-04-2015,Wednesday,April,2015,Q2,29.1383,29.4513,28.7145,28.7886,283201809.4
30-04-2015,Thursday,April,2015,Q2,28.5378,28.6246,27.8808,28.0095,371708080.3
01-05-2015,Friday,May,2015,Q2,28.2227,29.1333,28.0437,28.8597,261427983.4
04-05-2015,Monday,May,2015,Q2,28.9861,29.2192,28.7075,28.8035,227809784.5
05-05-2015,Tuesday,May,2015,Q2,28.6821,28.7472,28.1557,28.1615,220139301.1
06-05-2015,Wednesday,May,2015,Q2,28.3284,28.3679,27.6143,27.9786,322101089.7
07-05-2015,Thursday,May,2015,Q2,28.0407,28.338,27.873,28.1557,193846567.5
08-05-2015,Friday,May,2015,Q2,28.4705,28.6821,28.342,28.6821,247160347
11-05-2015,Monday,May,2015,Q2,28.6325,28.6711,28.2346,28.3877,187029741.9
12-05-2015,Tuesday,May,2015,Q2,28.2277,28.5161,28.0536,28.2889,214278763.8
13-05-2015,Wednesday,May,2015,Q2,28.352,28.589,28.2909,28.3224,154365317.4
14-05-2015,Thursday,May,2015,Q2,28.6374,28.9861,28.5821,28.9861,201123814.2
15-05-2015,Friday,May,2015,Q2,29.0138,29.1137,28.8162,28.9446,169935930.9
18-05-2015,Monday,May,2015,Q2,28.8527,29.3762,28.8478,29.2548,226132317.9
19-05-2015,Tuesday,May,2015,Q2,29.3693,29.412,29.1432,29.2281,198586993.4
20-05-2015,Wednesday,May,2015,Q2,29.2123,29.4354,29.0789,29.2261,162199181.4
21-05-2015,Thursday,May,2015,Q2,29.2281,29.5818,29.1807,29.5342,176772306.6
22-05-2015,Friday,May,2015,Q2,29.5799,29.8829,29.5371,29.7921,202870164.3
26-05-2015,Tuesday,May,2015,Q2,29.8019,29.8691,29.0256,29.1383,314399055.2
27-05-2015,Wednesday,May,2015,Q2,29.2844,29.7279,29.2232,29.6784,203925984.9
28-05-2015,Thursday,May,2015,Q2,29.6331,29.6558,29.4652,29.6132,136687430.6
29-05-2015,Friday,May,2015,Q2,29.4948,29.5471,29.1947,29.2746,226400323.4
01-06-2015,Monday,June,2015,Q2,29.4909,29.5342,29.2232,29.3339,142879689
02-06-2015,Tuesday,June,2015,Q2,29.1877,29.3594,29.074,29.2054,149663872.1
03-06-2015,Wednesday,June,2015,Q2,29.3623,29.4256,29.1947,29.2379,137855112.4
04-06-2015,Thursday,June,2015,Q2,29.1313,29.3437,28.9764,29.0838,171076304.1
05-06-2015,Friday,June,2015,Q2,29.1215,29.155,28.8478,28.915,158514571
08-06-2015,Monday,June,2015,Q2,28.9744,29.0465,28.5031,28.7215,234365926.8
09-06-2015,Tuesday,June,2015,Q2,28.4735,28.7836,28.2326,28.6403,249383173.1
10-06-2015,Wednesday,June,2015,Q2,28.7512,29.0789,28.7293,28.9714,173871035
11-06-2015,Thursday,June,2015,Q2,29.0396,29.2518,28.8727,28.8993,157464952.9
12-06-2015,Friday,June,2015,Q2,28.8084,28.84,28.5693,28.5841,163814591.9
15-06-2015,Monday,June,2015,Q2,28.34,28.599,28.2543,28.5259,195720133.2
16-06-2015,Tuesday,June,2015,Q2,28.5487,28.7293,28.3994,28.6811,140126924.6
17-06-2015,Wednesday,June,2015,Q2,28.7045,28.7372,28.4833,28.6139,146462293.7
18-06-2015,Thursday,June,2015,Q2,28.599,28.836,28.596,28.7372,157537511.5
19-06-2015,Friday,June,2015,Q2,28.7095,28.7245,28.4073,28.4509,243451853.1
22-06-2015,Monday,June,2015,Q2,28.6562,28.7786,28.5633,28.6811,151451303.7
23-06-2015,Tuesday,June,2015,Q2,28.6542,28.6811,28.5161,28.5516,134675468.4
24-06-2015,Wednesday,June,2015,Q2,28.594,29.1747,28.5722,28.7906,245961251.8
25-06-2015,Thursday,June,2015,Q2,28.9664,29.0445,28.6591,28.6591,142102432.2
26-06-2015,Friday,June,2015,Q2,28.6919,28.7639,28.431,28.4863,196066727.8
29-06-2015,Monday,June,2015,Q2,28.1949,28.4241,27.9767,27.9885,218734168.4
30-06-2015,Tuesday,June,2015,Q2,28.2207,28.345,28.0636,28.188,197418799.2
01-07-2015,Wednesday,July,2015,Q3,28.5199,28.5299,28.3185,28.4509,134541709.1
02-07-2015,Thursday,July,2015,Q3,28.4142,28.4735,28.269,28.4171,121069655.5
06-07-2015,Monday,July,2015,Q3,28.0806,28.3699,28.0606,28.3204,124849330.1
07-07-2015,Tuesday,July,2015,Q3,28.2958,28.352,27.8156,28.2503,208880728.4
08-07-2015,Wednesday,July,2015,Q3,27.9767,28.0125,27.5392,27.5472,270347023.9
09-07-2015,Thursday,July,2015,Q3,27.8355,27.8808,26.7935,26.9892,349693298.2
10-07-2015,Friday,July,2015,Q3,27.4068,27.8355,27.238,27.7102,272984564.6
13-07-2015,Monday,July,2015,Q3,28.1021,28.2631,27.9374,28.2424,184381509.4
14-07-2015,Tuesday,July,2015,Q3,28.3303,28.3994,28.1041,28.2307,141306854.5
15-07-2015,Wednesday,July,2015,Q3,28.2562,28.5791,28.2227,28.5001,149629889.1
16-07-2015,Thursday,July,2015,Q3,28.7145,28.8953,28.6246,28.8795,161164593.6
17-07-2015,Friday,July,2015,Q3,29.0156,29.1383,28.836,29.1383,205400929.4
20-07-2015,Monday,July,2015,Q3,29.4335,29.8829,29.3722,29.6823,262065085.1
21-07-2015,Tuesday,July,2015,Q3,29.8563,29.871,29.2814,29.3841,341512798.1
22-07-2015,Wednesday,July,2015,Q3,27.4197,28.2049,27.4197,28.1457,513675188.9
23-07-2015,Thursday,July,2015,Q3,28.362,28.5653,28.1089,28.1317,226912002.6
24-07-2015,Friday,July,2015,Q3,28.1712,28.2611,27.8455,27.9805,187593024.4
27-07-2015,Monday,July,2015,Q3,27.6705,27.7822,27.4512,27.5944,197796164.3
28-07-2015,Tuesday,July,2015,Q3,27.7328,27.8484,27.5422,27.7328,149576814.7
29-07-2015,Wednesday,July,2015,Q3,27.6854,27.7595,27.4799,27.6479,164676213
30-07-2015,Thursday,July,2015,Q3,27.4908,27.5472,27.3525,27.5037,149622183.1
31-07-2015,Friday,July,2015,Q3,27.5521,27.5619,27.1767,27.2598,190808086.1
03-08-2015,Monday,August,2015,Q3,27.3062,27.5472,26.4132,26.6118,311203507.1
04-08-2015,Tuesday,August,2015,Q3,26.3906,26.4528,25.4542,25.7692,552330772.3
05-08-2015,Wednesday,August,2015,Q3,25.3869,26.3955,25.1944,25.9363,441872268.6
06-08-2015,Thursday,August,2015,Q3,26.1802,26.3038,25.7662,25.9924,234208920.9
07-08-2015,Friday,August,2015,Q3,25.8692,26.2474,25.8492,26.0814,171281187.3
10-08-2015,Monday,August,2015,Q3,26.3094,27.0917,26.3094,27.0354,243394380.5
11-08-2015,Tuesday,August,2015,Q3,26.5921,26.676,25.5848,25.624,429759025.5
12-08-2015,Wednesday,August,2015,Q3,25.4068,26.0566,24.75,26.0173,450391789.9
13-08-2015,Thursday,August,2015,Q3,26.1979,26.2789,25.8592,25.9944,214977153.2
14-08-2015,Friday,August,2015,Q3,25.811,26.2591,25.7437,26.1783,190145846.5
17-08-2015,Monday,August,2015,Q3,26.1979,26.5643,26.0764,26.4499,181088898.5
18-08-2015,Tuesday,August,2015,Q3,26.2868,26.519,26.19,26.3038,153078270.7
19-08-2015,Wednesday,August,2015,Q3,26.2118,26.3076,25.8898,25.9658,213873375.3
20-08-2015,Thursday,August,2015,Q3,25.7593,25.8158,25.2024,25.4317,303411275.5
21-08-2015,Friday,August,2015,Q3,24.9317,25.2606,23.8533,23.8819,568164874.7
24-08-2015,Monday,August,2015,Q3,21.4175,24.5714,20.7696,23.2834,718267415.8
25-08-2015,Tuesday,August,2015,Q3,25.0859,25.0859,23.3654,23.4206,458878246.6
26-08-2015,Wednesday,August,2015,Q3,24.1703,24.8064,23.715,24.7638,428639708
27-08-2015,Thursday,August,2015,Q3,25.3377,25.5629,24.8389,25.4908,374786115.4
28-08-2015,Friday,August,2015,Q3,25.3257,25.5798,25.1825,25.5748,235478849.5
31-08-2015,Monday,August,2015,Q3,25.2914,25.8572,25.2845,25.456,249053655.1
01-09-2015,Tuesday,September,2015,Q3,24.8705,25.2566,24.2354,24.3194,340369894.7
02-09-2015,Wednesday,September,2015,Q3,24.8902,25.3625,24.6364,25.3625,274121475.1
03-09-2015,Thursday,September,2015,Q3,25.3968,25.461,24.8428,24.92,235786691.3
04-09-2015,Friday,September,2015,Q3,24.6067,24.9376,24.5031,24.6661,221446524.6
08-09-2015,Tuesday,September,2015,Q3,25.2064,25.4147,24.9101,25.3556,242916467.6
09-09-2015,Wednesday,September,2015,Q3,25.6882,25.7467,24.7816,24.8705,376534783.1
10-09-2015,Thursday,September,2015,Q3,24.9001,25.5728,24.8094,25.4167,278494184
11-09-2015,Friday,September,2015,Q3,25.2349,25.7861,25.2281,25.7861,221088202.3
14-09-2015,Monday,September,2015,Q3,26.3224,26.3906,25.9323,26.0321,258506580.6
15-09-2015,Tuesday,September,2015,Q3,26.1753,26.3094,25.8313,26.2541,191968917.5
16-09-2015,Wednesday,September,2015,Q3,26.2474,26.3124,26.0616,26.2809,164650596.1
17-09-2015,Thursday,September,2015,Q3,26.116,26.3008,25.6784,25.7229,283971447.3
18-09-2015,Friday,September,2015,Q3,25.3327,25.806,25.2536,25.6141,329028333.8
21-09-2015,Monday,September,2015,Q3,25.6686,26.0439,25.6657,26.0103,222445765.5
22-09-2015,Tuesday,September,2015,Q3,25.5965,25.7811,25.4048,25.6023,222995887.7
23-09-2015,Wednesday,September,2015,Q3,25.6588,25.8994,25.5768,25.811,158375746.2
24-09-2015,Thursday,September,2015,Q3,25.5649,26.0764,25.3694,25.9638,222102797.6
25-09-2015,Friday,September,2015,Q3,26.2888,26.3471,25.7467,25.8975,248711258.2
28-09-2015,Monday,September,2015,Q3,25.705,25.8672,25.3869,25.3869,230710795.9
29-09-2015,Tuesday,September,2015,Q3,25.4679,25.629,24.3518,24.6256,324953846.1
30-09-2015,Wednesday,September,2015,Q3,24.8754,25.1825,24.5545,24.9051,294426084.3
01-10-2015,Thursday,October,2015,Q4,24.6276,24.747,24.2236,24.7373,283158500.4
02-10-2015,Friday,October,2015,Q4,24.3848,25.0631,24.2827,24.9219,256984239.7
05-10-2015,Monday,October,2015,Q4,24.8034,25.1471,24.6276,25.0108,230573137.5
06-10-2015,Tuesday,October,2015,Q4,24.9792,25.2251,24.7797,25.1322,216399826.2
07-10-2015,Wednesday,October,2015,Q4,25.2251,25.2311,24.6976,25.0108,207136719.2
08-10-2015,Thursday,October,2015,Q4,24.8804,24.8804,24.4319,24.7175,274523212.6
09-10-2015,Friday,October,2015,Q4,24.833,25.3477,24.7175,25.3128,233570301.5
12-10-2015,Monday,October,2015,Q4,25.4512,25.456,25.16,25.1964,134913484.2
13-10-2015,Tuesday,October,2015,Q4,25.0206,25.3889,24.9911,25.2349,146383440.4
14-10-2015,Wednesday,October,2015,Q4,25.1273,25.1767,24.7323,24.8853,196935667.1
15-10-2015,Thursday,October,2015,Q4,25.0484,25.308,24.9475,25.2516,166865212
16-10-2015,Friday,October,2015,Q4,25.233,25.2845,24.9574,25.07,173771313.4
19-10-2015,Monday,October,2015,Q4,25.0166,25.2281,24.8606,25.2231,131810982.4
20-10-2015,Tuesday,October,2015,Q4,25.1392,25.7791,25.0206,25.6912,216890870.9
21-10-2015,Wednesday,October,2015,Q4,25.7417,26.0962,25.6755,25.6882,187476780
22-10-2015,Thursday,October,2015,Q4,25.811,26.0764,25.7633,26.0764,184496335.2
23-10-2015,Friday,October,2015,Q4,26.3491,26.9209,26.2641,26.8853,262951337.8
26-10-2015,Monday,October,2015,Q4,26.6543,26.666,25.9463,26.0271,293809091.5
27-10-2015,Tuesday,October,2015,Q4,26.0516,26.3124,25.7398,25.8612,309536060
28-10-2015,Wednesday,October,2015,Q4,26.4004,26.9376,26.2018,26.9307,378928790.9
29-10-2015,Thursday,October,2015,Q4,26.7975,27.2449,26.6976,27.2103,226898937.5
30-10-2015,Friday,October,2015,Q4,27.3121,27.3674,26.9713,26.9812,218651220.6
02-11-2015,Monday,November,2015,Q4,27.0652,27.3999,27.0087,27.3575,142606728.3
03-11-2015,Tuesday,November,2015,Q4,27.2694,27.8808,27.2469,27.6775,201615303.4
04-11-2015,Wednesday,November,2015,Q4,27.799,27.9509,27.4611,27.5422,198668793
05-11-2015,Thursday,November,2015,Q4,27.6311,27.8186,27.2449,27.4197,174441954.6
06-11-2015,Friday,November,2015,Q4,27.4631,27.6211,27.3475,27.4532,145728645.6
09-11-2015,Monday,November,2015,Q4,27.4297,27.6211,27.2182,27.3347,149385653.6
10-11-2015,Tuesday,November,2015,Q4,26.509,26.7708,26.3174,26.4765,260776471
11-11-2015,Wednesday,November,2015,Q4,26.3876,26.6147,26.1258,26.3292,199428091.4
12-11-2015,Thursday,November,2015,Q4,26.3649,26.4891,26.2216,26.2394,143449797.6
13-11-2015,Friday,November,2015,Q4,26.1229,26.2018,25.456,25.4679,202050075.3
16-11-2015,Monday,November,2015,Q4,25.2516,25.9024,25.1669,25.8879,168065001.8
17-11-2015,Tuesday,November,2015,Q4,26.0536,26.0864,25.6952,25.7811,121801017.5
18-11-2015,Wednesday,November,2015,Q4,26.2493,26.6315,26.1851,26.5881,205852703.9
19-11-2015,Thursday,November,2015,Q4,26.668,27.151,26.4746,26.9347,190950982
20-11-2015,Friday,November,2015,Q4,27.0325,27.1885,26.9505,27.0553,151218679.4
23-11-2015,Monday,November,2015,Q4,27.0483,27.1491,26.595,26.6928,143260154.3
24-11-2015,Tuesday,November,2015,Q4,26.595,27.0652,26.5604,26.9565,188745280
25-11-2015,Wednesday,November,2015,Q4,27.0354,27.0384,26.7343,26.7609,94330522.7
27-11-2015,Friday,November,2015,Q4,26.8232,26.8498,26.6582,26.7066,57539577.9
30-11-2015,Monday,November,2015,Q4,26.751,27.0751,26.6928,26.8252,172799982.6
01-12-2015,Tuesday,December,2015,Q4,26.9279,26.9406,26.4991,26.595,153712141.5
02-12-2015,Wednesday,December,2015,Q4,26.5437,26.7777,26.3224,26.3688,147170110.3
03-12-2015,Thursday,December,2015,Q4,26.4231,26.4823,25.8975,26.1229,183302909.9
04-12-2015,Friday,December,2015,Q4,26.1426,27.0424,26.1012,26.9911,254818054.9
07-12-2015,Monday,December,2015,Q4,26.9792,27.1767,26.7066,26.8202,141503503.2
08-12-2015,Tuesday,December,2015,Q4,26.6394,26.8933,26.4991,26.8073,151317453.3
09-12-2015,Wednesday,December,2015,Q4,26.668,26.6779,26.0933,26.2148,204470923.1
10-12-2015,Thursday,December,2015,Q4,26.3124,26.519,26.188,26.3421,128839088.1
11-12-2015,Friday,December,2015,Q4,26.1209,26.1624,25.5848,25.6657,206785491.5
14-12-2015,Monday,December,2015,Q4,25.4347,25.5449,24.8981,25.5008,286599877.7
15-12-2015,Tuesday,December,2015,Q4,25.382,25.5728,25.0206,25.0532,235175102.2
16-12-2015,Wednesday,December,2015,Q4,25.1844,25.3948,24.6661,25.2428,248032685.2
17-12-2015,Thursday,December,2015,Q4,25.3988,25.4512,24.7075,24.7075,197465034.3
18-12-2015,Friday,December,2015,Q4,24.6907,24.831,23.9924,24.0447,425395644.7
21-12-2015,Monday,December,2015,Q4,24.3223,24.344,23.9362,24.3343,209892612.2
22-12-2015,Tuesday,December,2015,Q4,24.3518,24.427,24.1337,24.3146,144596164.7
23-12-2015,Wednesday,December,2015,Q4,24.3223,24.6758,24.3077,24.6276,144031094.2
24-12-2015,Thursday,December,2015,Q4,24.7125,24.7125,24.4794,24.4991,59966512.77
28-12-2015,Monday,December,2015,Q4,24.3945,24.4201,24.0745,24.2157,117775691.9
29-12-2015,Tuesday,December,2015,Q4,24.2512,24.8094,24.2256,24.6523,136418507.7
30-12-2015,Wednesday,December,2015,Q4,24.6206,24.6463,24.3027,24.3323,98115222.23
31-12-2015,Thursday,December,2015,Q4,24.2632,24.2681,23.7652,23.8701,171252837.8
04-01-2016,Monday,January,2016,Q1,23.2654,23.8956,23.1302,23.8906,277101601
05-01-2016,Tuesday,January,2016,Q1,23.9766,24.0014,23.2212,23.2883,232532879.8
06-01-2016,Wednesday,January,2016,Q1,22.8013,23.2122,22.6435,22.833,296584970
07-01-2016,Thursday,January,2016,Q1,22.3747,22.7027,21.8651,21.869,337925003.5
08-01-2016,Friday,January,2016,Q1,22.346,22.4725,21.9391,21.9836,306837932.2
11-01-2016,Monday,January,2016,Q1,22.4398,22.4606,22.0684,22.3411,219369536.7
12-01-2016,Tuesday,January,2016,Q1,22.7993,22.831,22.4123,22.664,207162681.3
13-01-2016,Wednesday,January,2016,Q1,22.746,22.9417,22.0607,22.0803,270192830.7
14-01-2016,Thursday,January,2016,Q1,22.2107,22.7836,21.708,22.5664,271952705.5
15-01-2016,Friday,January,2016,Q1,21.8138,22.1535,21.622,22.022,345411404.1
19-01-2016,Tuesday,January,2016,Q1,22.3125,22.3687,21.6547,21.9164,234136897.8
20-01-2016,Wednesday,January,2016,Q1,21.5627,22.263,21.1834,21.946,307130106.8
21-01-2016,Thursday,January,2016,Q1,22.0062,22.1929,21.5264,21.8363,205272924
22-01-2016,Friday,January,2016,Q1,22.3638,23.004,22.3046,22.995,283584220.7
25-01-2016,Monday,January,2016,Q1,23.0179,23.0199,22.4962,22.5475,218898098.7
26-01-2016,Tuesday,January,2016,Q1,22.6571,22.8725,22.2365,22.6709,267280680
27-01-2016,Wednesday,January,2016,Q1,21.777,21.9094,21.1648,21.1834,578250334.6
28-01-2016,Thursday,January,2016,Q1,21.2655,21.4295,20.9486,21.3316,242970167.8
29-01-2016,Friday,January,2016,Q1,21.4906,22.0684,21.39,22.0684,271758768.2
01-02-2016,Monday,February,2016,Q1,21.8729,21.9292,21.6309,21.8651,169608791.2
02-02-2016,Tuesday,February,2016,Q1,21.6359,21.777,21.3742,21.4205,155852613.2
03-02-2016,Wednesday,February,2016,Q1,21.5401,21.9569,21.3296,21.8472,196038898.6
04-02-2016,Thursday,February,2016,Q1,21.8531,22.188,21.7,22.02,199281014.9
05-02-2016,Friday,February,2016,Q1,22.0023,22.0931,21.3564,21.4315,189322056.9
08-02-2016,Monday,February,2016,Q1,21.2318,21.8186,21.2112,21.6606,231253051.1
09-02-2016,Tuesday,February,2016,Q1,21.4936,21.872,21.4116,21.6557,184104067.4
10-02-2016,Wednesday,February,2016,Q1,21.8671,21.9649,21.4513,21.4896,180517925.2
11-02-2016,Thursday,February,2016,Q1,21.3782,21.5934,21.1085,21.3584,201587478.3
12-02-2016,Friday,February,2016,Q1,21.4708,21.5429,21.2044,21.4255,172383187.3
16-02-2016,Tuesday,February,2016,Q1,21.6626,22.0773,21.5677,22.029,199477717.3
17-02-2016,Wednesday,February,2016,Q1,22.037,22.3895,21.9193,22.3697,185977904.4
18-02-2016,Thursday,February,2016,Q1,22.5327,22.5446,21.9065,21.9441,162555013.9
19-02-2016,Friday,February,2016,Q1,21.8849,22.0577,21.8413,21.8947,142963487.3
22-02-2016,Monday,February,2016,Q1,21.9559,22.0891,21.8671,22.0842,145235002.8
23-02-2016,Tuesday,February,2016,Q1,21.9767,21.9973,21.5538,21.5866,130376619.3
24-02-2016,Wednesday,February,2016,Q1,21.4235,21.9717,21.2745,21.9085,152831830
25-02-2016,Thursday,February,2016,Q1,21.8966,22.0577,21.7149,22.0577,108346059.6
26-02-2016,Friday,February,2016,Q1,22.1575,22.346,22.0161,22.0911,120560378
29-02-2016,Monday,February,2016,Q1,22.0793,22.3934,22.032,22.0409,132198763.9
01-03-2016,Tuesday,March,2016,Q1,22.26,22.972,22.2077,22.9169,214760064.4
02-03-2016,Wednesday,March,2016,Q1,22.9119,22.999,22.7135,22.9671,142003584.4
03-03-2016,Thursday,March,2016,Q1,22.9279,23.1894,22.8981,23.1421,152556985.1
04-03-2016,Friday,March,2016,Q1,23.3355,23.6497,23.1112,23.4868,192008329.5
07-03-2016,Monday,March,2016,Q1,23.3415,23.4414,23.0159,23.2242,142887347.5
08-03-2016,Tuesday,March,2016,Q1,22.975,23.2003,22.8862,23.0313,133470665.8
09-03-2016,Wednesday,March,2016,Q1,23.0978,23.161,22.8567,23.0531,106226550.4
10-03-2016,Thursday,March,2016,Q1,23.1202,23.3062,22.831,23.0651,147009882.6
11-03-2016,Friday,March,2016,Q1,23.3062,23.315,23.1421,23.311,111133356.9
14-03-2016,Monday,March,2016,Q1,23.2331,23.4611,23.2022,23.3703,109998070.4
15-03-2016,Tuesday,March,2016,Q1,23.7001,23.9766,23.6736,23.8443,175760185.8
16-03-2016,Wednesday,March,2016,Q1,23.8513,24.2336,23.8463,24.1535,168021213.9
17-03-2016,Thursday,March,2016,Q1,24.0566,24.2729,23.9263,24.115,150989058.1
18-03-2016,Friday,March,2016,Q1,24.2414,24.2797,23.9805,24.1436,193909368.9
21-03-2016,Monday,March,2016,Q1,24.1466,24.5445,23.9678,24.1407,155735225.8
22-03-2016,Tuesday,March,2016,Q1,23.9944,24.4616,23.9854,24.3263,142319738.7
23-03-2016,Wednesday,March,2016,Q1,24.2749,24.4102,24.1387,24.192,112750340.8
24-03-2016,Thursday,March,2016,Q1,24.0477,24.2186,23.9124,24.0883,114634219.6
28-03-2016,Monday,March,2016,Q1,24.1603,24.2038,23.9501,23.9805,80631370.9
29-03-2016,Tuesday,March,2016,Q1,23.9124,24.5762,23.9124,24.5515,129905614.7
30-03-2016,Wednesday,March,2016,Q1,24.7697,25.1727,24.7568,24.9772,194505367.7
31-03-2016,Thursday,March,2016,Q1,25.0136,25.0561,24.819,24.8458,105059201.7
01-04-2016,Friday,April,2016,Q2,24.7964,25.0759,24.6641,25.073,110166975.1
04-04-2016,Monday,April,2016,Q2,25.1727,25.5728,25.1392,25.3297,152614144.9
05-04-2016,Tuesday,April,2016,Q2,24.9673,25.2409,24.9445,25.0364,108740146.9
06-04-2016,Wednesday,April,2016,Q2,25.1293,25.2991,24.8981,25.2942,110333362.7
07-04-2016,Thursday,April,2016,Q2,25.0661,25.1727,24.6493,24.7422,129400491.3
08-04-2016,Friday,April,2016,Q2,24.826,25.0266,24.6563,24.7717,101018164.4
11-04-2016,Monday,April,2016,Q2,24.8408,25.2153,24.8064,24.8528,116172775.5
12-04-2016,Tuesday,April,2016,Q2,24.9278,25.1924,24.7717,25.1767,114694920.1
13-04-2016,Wednesday,April,2016,Q2,25.2566,25.6091,25.2566,25.5369,140065293.7
14-04-2016,Thursday,April,2016,Q2,25.4462,25.622,25.3791,25.5499,106298287
15-04-2016,Friday,April,2016,Q2,25.5529,25.5994,25.0166,25.0464,193103327.1
18-04-2016,Monday,April,2016,Q2,24.821,24.836,24.3788,24.5061,258278826.3
19-04-2016,Tuesday,April,2016,Q2,24.5979,24.6236,24.2137,24.3718,135067271.5
20-04-2016,Wednesday,April,2016,Q2,24.3126,24.6424,24.1761,24.424,115848796.7
21-04-2016,Thursday,April,2016,Q2,24.3758,24.3758,24.0566,24.1535,128409813
22-04-2016,Friday,April,2016,Q2,23.9382,24.2749,23.8533,24.0913,143523661.4
25-04-2016,Monday,April,2016,Q2,23.9362,24.0843,23.8264,23.9551,116903271.7
26-04-2016,Tuesday,April,2016,Q2,23.6881,24.0064,23.6881,23.7881,173208503.8
27-04-2016,Wednesday,April,2016,Q2,21.8849,22.5041,21.8138,22.2977,477409607
28-04-2016,Thursday,April,2016,Q2,22.2521,22.3135,21.4846,21.618,346996626.4
29-04-2016,Friday,April,2016,Q2,21.4255,21.5934,21.0907,21.3683,294076943.2
02-05-2016,Monday,May,2016,Q2,21.4195,21.4463,21.066,21.3446,207756619.8
03-05-2016,Tuesday,May,2016,Q2,21.4738,21.8275,21.3544,21.698,245567216.2
04-05-2016,Wednesday,May,2016,Q2,21.703,21.8621,21.386,21.4708,168203236.3
05-05-2016,Thursday,May,2016,Q2,21.5587,21.5757,21.2585,21.383,151011151.5
06-05-2016,Friday,May,2016,Q2,21.4135,21.4315,21.0679,21.2665,186589754.7
09-05-2016,Monday,May,2016,Q2,21.3287,21.5056,21.2368,21.2825,135043839.6
10-05-2016,Tuesday,May,2016,Q2,21.4037,21.4602,21.1272,21.4255,142213160.5
11-05-2016,Wednesday,May,2016,Q2,21.4384,21.4602,21.2074,21.2191,106095042.9
12-05-2016,Thursday,May,2016,Q2,21.2665,21.2795,20.5206,20.7184,325357495.2
13-05-2016,Friday,May,2016,Q2,20.6423,21.0255,20.6423,20.7587,184990535.9
16-05-2016,Monday,May,2016,Q2,21.1914,21.6497,21.0217,21.5323,260377987.6
17-05-2016,Tuesday,May,2016,Q2,21.6853,21.7209,21.3306,21.4414,191448311.3
18-05-2016,Wednesday,May,2016,Q2,21.5974,21.8393,21.5343,21.6882,179291150.7
19-05-2016,Thursday,May,2016,Q2,21.707,21.707,21.4602,21.6054,129021061.8
20-05-2016,Friday,May,2016,Q2,21.707,21.8878,21.6804,21.8413,131299421.7
23-05-2016,Monday,May,2016,Q2,21.9876,22.2907,21.9431,22.116,157936889
24-05-2016,Tuesday,May,2016,Q2,22.2987,22.4991,22.2107,22.4536,129246093.6
25-05-2016,Wednesday,May,2016,Q2,22.6315,22.8744,22.5031,22.8429,150319564
26-05-2016,Thursday,May,2016,Q2,22.8607,23.1044,22.6236,23.0293,237812046.5
27-05-2016,Friday,May,2016,Q2,22.8071,23.0431,22.7619,23.0159,150457980.7
31-05-2016,Tuesday,May,2016,Q2,22.8429,23.0273,22.664,22.903,170040670.4
01-06-2016,Wednesday,June,2016,Q2,22.7096,22.831,22.5534,22.583,122268805.4
02-06-2016,Thursday,June,2016,Q2,22.3856,22.4398,22.1622,22.4143,168450792.7
03-06-2016,Friday,June,2016,Q2,22.4289,22.5396,22.3519,22.4586,110536098.5
06-06-2016,Monday,June,2016,Q2,22.4754,23.3674,22.3737,22.6226,99355024.37
07-06-2016,Tuesday,June,2016,Q2,22.7639,22.906,22.6967,22.7125,90280103.78
08-06-2016,Wednesday,June,2016,Q2,22.7096,22.835,22.6335,22.6917,83370986.21
09-06-2016,Thursday,June,2016,Q2,22.5919,22.9329,22.583,22.8547,111916739.2
10-06-2016,Friday,June,2016,Q2,22.5988,22.7856,22.587,22.6689,113339719
13-06-2016,Monday,June,2016,Q2,22.6345,22.7341,22.2699,22.3252,155119726.5
14-06-2016,Tuesday,June,2016,Q2,22.3204,22.587,22.189,22.3539,134518074.7
15-06-2016,Wednesday,June,2016,Q2,22.4358,22.5714,22.2541,22.2798,113410531.1
16-06-2016,Thursday,June,2016,Q2,22.1199,22.4202,22.033,22.3737,133028429.9
17-06-2016,Friday,June,2016,Q2,22.1595,22.1672,21.8581,21.8651,238121754.3
20-06-2016,Monday,June,2016,Q2,22.017,22.1475,21.797,21.8138,145867830.8
21-06-2016,Tuesday,June,2016,Q2,21.776,22.0971,21.7149,21.9964,139217209.5
22-06-2016,Wednesday,June,2016,Q2,22.0743,22.2226,21.87,21.9184,114134124.3
23-06-2016,Thursday,June,2016,Q2,22.0033,22.0832,21.8472,22.0399,133239521.8
24-06-2016,Friday,June,2016,Q2,21.3079,21.7099,21.2507,21.4205,275944177.6
27-06-2016,Monday,June,2016,Q2,21.3287,21.3386,20.986,21.1114,193162833.9
28-06-2016,Tuesday,June,2016,Q2,21.3059,21.4806,21.1342,21.4652,167998070.5
29-06-2016,Wednesday,June,2016,Q2,21.5518,21.6853,21.4738,21.6527,139879843
30-06-2016,Thursday,June,2016,Q2,21.6616,21.9659,21.6289,21.9272,147351107
01-07-2016,Friday,July,2016,Q3,21.9015,22.1239,21.8651,21.9915,108715106.1
05-07-2016,Tuesday,July,2016,Q3,21.8789,21.8809,21.6655,21.8,118293339.7
06-07-2016,Wednesday,July,2016,Q3,21.6971,21.9401,21.6448,21.9104,127848517
07-07-2016,Thursday,July,2016,Q3,21.9489,22.1316,21.9322,22.0033,103435291.3
08-07-2016,Friday,July,2016,Q3,22.1297,22.2226,22.028,22.1742,115770524.6
11-07-2016,Monday,July,2016,Q3,22.189,22.3973,22.187,22.2434,98805312.25
12-07-2016,Tuesday,July,2016,Q3,22.2868,22.4093,22.2749,22.3441,94637763.07
13-07-2016,Wednesday,July,2016,Q3,22.3421,22.4023,22.2107,22.2176,95108600.65
14-07-2016,Thursday,July,2016,Q3,22.3371,22.7027,22.3204,22.6542,153104420.1
15-07-2016,Friday,July,2016,Q3,22.6867,22.7758,22.5919,22.6542,128792721.3
18-07-2016,Monday,July,2016,Q3,22.6365,22.9651,22.6156,22.8961,155970049.2
19-07-2016,Tuesday,July,2016,Q3,22.835,22.9359,22.7846,22.906,96346235.06
20-07-2016,Wednesday,July,2016,Q3,22.9359,23.0411,22.8735,22.9259,107514810.1
21-07-2016,Thursday,July,2016,Q3,22.8961,23.1678,22.736,22.8052,131429121
22-07-2016,Friday,July,2016,Q3,22.7658,22.7758,22.5495,22.6286,112547616.1
25-07-2016,Monday,July,2016,Q3,22.5347,22.6689,22.2296,22.3252,166003693.2
26-07-2016,Tuesday,July,2016,Q3,22.2057,22.4715,22.113,22.1712,176398372.8
27-07-2016,Wednesday,July,2016,Q3,23.9124,23.9342,23.5657,23.6103,391831869.9
28-07-2016,Thursday,July,2016,Q3,23.5856,23.957,23.5826,23.9313,161977446.3
29-07-2016,Friday,July,2016,Q3,23.8975,23.9805,23.7792,23.9025,108205509.6
01-08-2016,Monday,August,2016,Q3,23.9481,24.346,23.9481,24.3223,160314664.7
02-08-2016,Tuesday,August,2016,Q3,24.3223,24.3263,23.8563,23.9628,137042606
03-08-2016,Wednesday,August,2016,Q3,24.0428,24.2749,24.033,24.2632,119345982.1
04-08-2016,Thursday,August,2016,Q3,24.346,24.4439,24.2777,24.4141,109439399.9
05-08-2016,Friday,August,2016,Q3,24.511,24.821,24.4893,24.7816,145217272.2
08-08-2016,Monday,August,2016,Q3,24.7916,24.9911,24.7105,24.9911,111056818.1
09-08-2016,Tuesday,August,2016,Q3,24.9594,25.1223,24.9101,25.0928,110520221.7
10-08-2016,Wednesday,August,2016,Q3,25.07,25.1125,24.8488,24.9081,96674914.79
11-08-2016,Thursday,August,2016,Q3,25.0266,25.1193,24.8705,24.8902,101198670.1
12-08-2016,Friday,August,2016,Q3,24.8528,25.0088,24.8528,24.9475,77604169.56
15-08-2016,Monday,August,2016,Q3,24.9376,25.2566,24.9249,25.2428,106168071.4
16-08-2016,Tuesday,August,2016,Q3,25.2775,25.4187,25.1844,25.2231,142163462.7
17-08-2016,Wednesday,August,2016,Q3,25.158,25.2212,24.9842,25.1825,98584997.7
18-08-2016,Thursday,August,2016,Q3,25.1894,25.2706,25.1422,25.154,81936112.77
19-08-2016,Friday,August,2016,Q3,25.0829,25.2914,24.9891,25.2183,106397956.9
22-08-2016,Monday,August,2016,Q3,25.1055,25.1471,24.8705,25.0236,106601277.9
23-08-2016,Tuesday,August,2016,Q3,25.0434,25.2084,25.0285,25.1026,82333080.51
24-08-2016,Wednesday,August,2016,Q3,25.0364,25.0779,24.829,24.9121,97666988.36
25-08-2016,Thursday,August,2016,Q3,24.7638,24.8784,24.6047,24.8014,99328730.16
26-08-2016,Friday,August,2016,Q3,24.7697,24.8952,24.5189,24.6563,116218100.3
29-08-2016,Monday,August,2016,Q3,24.59,24.7737,24.5159,24.6345,101573910.9
30-08-2016,Tuesday,August,2016,Q3,24.3974,24.5644,24.3263,24.4419,96877032.97
31-08-2016,Wednesday,August,2016,Q3,24.3638,24.5782,24.3588,24.4694,115772825
01-09-2016,Thursday,September,2016,Q3,24.4794,24.6306,24.3538,24.6146,106377318.4
02-09-2016,Friday,September,2016,Q3,24.833,24.9081,24.6345,24.8408,111728374.6
06-09-2016,Tuesday,September,2016,Q3,24.8824,24.9743,24.7916,24.833,100805343.3
07-09-2016,Wednesday,September,2016,Q3,24.8656,25.0799,24.6878,24.9891,168601134.5
08-09-2016,Thursday,September,2016,Q3,24.7303,24.7343,24.2681,24.3323,215361637
09-09-2016,Friday,September,2016,Q3,24.1268,24.3788,23.7812,23.7812,190922169.8
12-09-2016,Monday,September,2016,Q3,23.6706,24.3788,23.6428,24.3164,177426725.7
13-09-2016,Tuesday,September,2016,Q3,24.7916,25.0878,24.7273,24.8952,265582210.3
14-09-2016,Wednesday,September,2016,Q3,25.073,26.0616,25.0464,25.7761,461182887.5
15-09-2016,Thursday,September,2016,Q3,26.2591,26.6829,26.1683,26.6444,384051343.6
16-09-2016,Friday,September,2016,Q3,26.5484,26.7777,26.3008,26.5021,305569491.9
19-09-2016,Monday,September,2016,Q3,26.5643,26.7905,26.116,26.19,201136991.7
20-09-2016,Tuesday,September,2016,Q3,26.0666,26.3194,25.9463,26.188,147155356.3
21-09-2016,Wednesday,September,2016,Q3,26.2571,26.2888,25.9303,26.1822,144044828.6
22-09-2016,Thursday,September,2016,Q3,26.3748,26.506,26.2908,26.427,127940690.5
23-09-2016,Friday,September,2016,Q3,26.3876,26.4697,25.7249,25.9905,224206072.7
26-09-2016,Monday,September,2016,Q3,25.7467,26.1485,25.7249,26.0271,124158931.3
27-09-2016,Tuesday,September,2016,Q3,26.0536,26.0992,25.9074,26.0764,103627191.5
28-09-2016,Wednesday,September,2016,Q3,26.2178,26.4329,26.1555,26.2789,125089543
29-09-2016,Thursday,September,2016,Q3,26.0933,26.2444,25.7831,25.8712,150241723.2
30-09-2016,Friday,September,2016,Q3,25.9343,26.1426,25.7831,26.0666,144635264.8
03-10-2016,Monday,October,2016,Q4,25.9905,26.0666,25.8928,25.9492,90399603.24
04-10-2016,Tuesday,October,2016,Q4,26.0695,26.3649,25.9716,26.0536,127074425.2
05-10-2016,Wednesday,October,2016,Q4,26.1505,26.2098,25.9845,26.0666,86711524.08
06-10-2016,Thursday,October,2016,Q4,26.2198,26.3718,26.0864,26.267,121670891
07-10-2016,Friday,October,2016,Q4,26.3649,26.4171,26.1723,26.3067,103903826.5
10-10-2016,Monday,October,2016,Q4,26.5259,26.9229,26.4528,26.7609,153315306.4
11-10-2016,Tuesday,October,2016,Q4,27.1441,27.3704,26.7955,26.8202,270061370.7
12-10-2016,Wednesday,October,2016,Q4,27.0652,27.2033,26.9229,27.0623,160269478.5
13-10-2016,Thursday,October,2016,Q4,26.9327,27.082,26.6799,26.9762,147793105
14-10-2016,Friday,October,2016,Q4,27.1837,27.2449,27.0127,27.1274,149425690.3
17-10-2016,Monday,October,2016,Q4,27.0623,27.1737,26.9307,27.1095,95425564.91
18-10-2016,Tuesday,October,2016,Q4,27.2469,27.2549,27.0849,27.0897,95572452.08
19-10-2016,Wednesday,October,2016,Q4,27.0424,27.157,26.2444,27.0107,84689213.36
20-10-2016,Thursday,October,2016,Q4,26.9505,27.0701,26.8271,26.9961,102411565.5
21-10-2016,Friday,October,2016,Q4,26.9376,26.9614,26.8152,26.8883,94776085.63
24-10-2016,Monday,October,2016,Q4,27.0058,27.151,26.9812,27.1313,98516185.22
25-10-2016,Tuesday,October,2016,Q4,27.1964,27.2923,27.0583,27.2644,167181077.7
26-10-2016,Wednesday,October,2016,Q4,26.3649,26.676,26.1307,26.6494,279104581.4
27-10-2016,Thursday,October,2016,Q4,26.6,26.7145,26.3154,26.4004,121534426.3
28-10-2016,Friday,October,2016,Q4,26.2611,26.5702,26.1604,26.2246,150811378.2
31-10-2016,Monday,October,2016,Q4,26.2078,26.3451,26.1032,26.1802,114568754.4
01-11-2016,Tuesday,November,2016,Q4,26.1604,26.2375,25.4858,25.7109,190052338.5
02-11-2016,Wednesday,November,2016,Q4,25.6912,25.9094,25.6518,25.7339,122861565.3
03-11-2016,Thursday,November,2016,Q4,25.7249,25.8343,25.3919,25.456,116197701.8
04-11-2016,Friday,November,2016,Q4,25.156,25.5499,25.0601,25.2251,133042780.9
07-11-2016,Monday,November,2016,Q4,25.5107,25.6141,25.3694,25.5898,136288263.7
08-11-2016,Tuesday,November,2016,Q4,25.5649,25.8957,25.4267,25.7437,99106702.49
09-11-2016,Wednesday,November,2016,Q4,25.4659,25.803,25.0464,25.7012,240496930
10-11-2016,Thursday,November,2016,Q4,25.7514,25.7514,24.5326,24.9842,243021135.2
11-11-2016,Friday,November,2016,Q4,24.826,25.2311,24.6946,25.1352,145475086.1
14-11-2016,Monday,November,2016,Q4,24.9673,24.9891,24.1198,24.5061,220790975.4
15-11-2016,Tuesday,November,2016,Q4,24.7006,24.9594,24.6087,24.823,139201621.3
16-11-2016,Wednesday,November,2016,Q4,24.7303,25.5449,24.7075,25.4908,250839990.1
17-11-2016,Thursday,November,2016,Q4,25.4542,25.5748,25.2231,25.4808,114331521.2
18-11-2016,Friday,November,2016,Q4,25.4317,25.622,25.4167,25.5058,113377682.1
21-11-2016,Monday,November,2016,Q4,25.5206,25.9591,25.4958,25.8975,117830962.4
22-11-2016,Tuesday,November,2016,Q4,25.9492,26.0536,25.8198,25.9153,96654424.13
23-11-2016,Wednesday,November,2016,Q4,25.811,25.8472,25.5699,25.7831,106635534.3
25-11-2016,Friday,November,2016,Q4,25.7613,25.9303,25.7179,25.9124,47743098.26
28-11-2016,Monday,November,2016,Q4,25.8275,26.0666,25.8188,25.8612,108309631.5
29-11-2016,Tuesday,November,2016,Q4,25.6784,25.9687,25.5077,25.8343,119378505.1
30-11-2016,Wednesday,November,2016,Q4,25.8692,26.0044,25.5549,25.6161,142191381
01-12-2016,Thursday,December,2016,Q4,25.5798,25.7149,25.2686,25.3771,150495802.1
02-12-2016,Friday,December,2016,Q4,25.3011,25.5137,25.2281,25.4679,102941789.3
05-12-2016,Monday,December,2016,Q4,25.4938,25.5008,25.0928,25.2875,139346556.4
06-12-2016,Tuesday,December,2016,Q4,25.3791,25.5768,25.3071,25.4808,108672315.5
07-12-2016,Wednesday,December,2016,Q4,25.3227,25.7731,25.2991,25.7369,126457049.8
08-12-2016,Thursday,December,2016,Q4,25.6952,26.0566,25.636,25.9875,111671379.9
09-12-2016,Friday,December,2016,Q4,26.0301,26.5831,26.0301,26.4132,143939495.8
12-12-2016,Monday,December,2016,Q4,26.2611,26.6494,26.0714,26.2641,111818057.4
13-12-2016,Tuesday,December,2016,Q4,26.3876,26.8696,26.3688,26.6956,180924088.3
14-12-2016,Wednesday,December,2016,Q4,26.6582,26.9347,26.6444,26.6956,139612514.8
15-12-2016,Thursday,December,2016,Q4,26.7411,27.0623,26.7056,26.8448,187220459.5
16-12-2016,Friday,December,2016,Q4,26.999,27.0058,26.8055,26.8823,166984419.9
19-12-2016,Monday,December,2016,Q4,26.84,27.2033,26.83,27.0404,113481870.8
20-12-2016,Tuesday,December,2016,Q4,27.0623,27.2281,27.0503,27.1095,81460935.69
21-12-2016,Wednesday,December,2016,Q4,27.0751,27.2083,27.0701,27.1343,93367612.72
22-12-2016,Thursday,December,2016,Q4,26.9713,27.0087,26.8035,26.9565,108556711
23-12-2016,Friday,December,2016,Q4,26.7905,27.0107,26.7905,27.0107,59438745.23
27-12-2016,Tuesday,December,2016,Q4,27.0107,27.3022,27.0028,27.1787,75524151.29
28-12-2016,Wednesday,December,2016,Q4,27.2341,27.3545,26.9347,27.0652,83305966.49
29-12-2016,Thursday,December,2016,Q4,26.9931,27.1471,26.9812,27.0623,63641830.58
30-12-2016,Friday,December,2016,Q4,27.0424,27.1639,26.754,26.8448,131961017.4
03-01-2017,Tuesday,January,2017,Q1,26.84,26.9663,26.5921,26.9229,119681814
04-01-2017,Wednesday,January,2017,Q1,26.8527,27.0087,26.83,26.8933,88533472.27
05-01-2017,Thursday,January,2017,Q1,26.8696,27.0877,26.8429,27.0325,93604221.18
06-01-2017,Friday,January,2017,Q1,27.0701,27.3901,26.999,27.3288,133410607.3
09-01-2017,Monday,January,2017,Q1,27.3376,27.6854,27.3347,27.5788,136493666.4
10-01-2017,Tuesday,January,2017,Q1,27.5272,27.6735,27.4217,27.6083,91402094.27
11-01-2017,Wednesday,January,2017,Q1,27.5194,27.796,27.4888,27.7565,114100378.2
12-01-2017,Thursday,January,2017,Q1,27.555,27.6537,27.3999,27.6439,115065940.9
13-01-2017,Friday,January,2017,Q1,27.6083,27.7268,27.5372,27.5915,109568371.1
17-01-2017,Tuesday,January,2017,Q1,27.4316,27.868,27.4019,27.8136,137734745.3
18-01-2017,Wednesday,January,2017,Q1,27.8136,27.9274,27.7465,27.8117,97406645.25
19-01-2017,Thursday,January,2017,Q1,27.6775,27.8355,27.6705,27.7644,102867913.4
20-01-2017,Friday,January,2017,Q1,27.9145,27.9145,27.7545,27.8136,122591823.3
23-01-2017,Monday,January,2017,Q1,27.8136,28.0035,27.7625,27.8355,83962453.18
24-01-2017,Tuesday,January,2017,Q1,27.7102,27.8385,27.7002,27.8057,97472437.49
25-01-2017,Wednesday,January,2017,Q1,27.9076,28.3008,27.8778,28.2503,136644964.9
26-01-2017,Thursday,January,2017,Q1,28.1979,28.3798,28.185,28.2631,109395434.8
27-01-2017,Friday,January,2017,Q1,28.3106,28.36,28.185,28.266,86801314.22
30-01-2017,Monday,January,2017,Q1,28.0291,28.188,27.9668,28.188,128322583.4
31-01-2017,Tuesday,January,2017,Q1,28.0806,28.1357,27.9569,28.1287,172188071.5
01-02-2017,Wednesday,February,2017,Q1,29.4414,30.2464,29.4354,29.8405,475716635.2
02-02-2017,Thursday,February,2017,Q1,29.6627,29.9887,29.6162,29.7951,138605332.9
03-02-2017,Friday,February,2017,Q1,29.7417,29.9411,29.7102,29.9136,105734022.4
06-02-2017,Monday,February,2017,Q1,29.9264,30.2484,29.875,30.2049,112671017.7
07-02-2017,Tuesday,February,2017,Q1,30.2582,30.6108,30.2385,30.4835,156338358.6
08-02-2017,Wednesday,February,2017,Q1,30.4469,30.6434,30.4144,30.5981,92598512.48
09-02-2017,Thursday,February,2017,Q1,30.6434,30.8341,30.515,30.8302,103247883.5
10-02-2017,Friday,February,2017,Q1,30.8399,30.9487,30.7412,30.7581,82999243.5
13-02-2017,Monday,February,2017,Q1,30.9802,31.1481,30.9061,31.0326,94993988.44
14-02-2017,Tuesday,February,2017,Q1,31.0721,31.4473,31.0228,31.4295,133425190.1
15-02-2017,Wednesday,February,2017,Q1,31.5493,31.7218,31.3388,31.5463,144476042.6
16-02-2017,Thursday,February,2017,Q1,31.5855,31.6331,31.3881,31.5094,92521245.75
17-02-2017,Friday,February,2017,Q1,31.4493,31.6184,31.4493,31.5965,90754629.83
21-02-2017,Tuesday,February,2017,Q1,31.7122,31.8376,31.6527,31.8247,94217557.81
22-02-2017,Wednesday,February,2017,Q1,31.7615,31.9227,31.6844,31.9198,75591377.21
23-02-2017,Thursday,February,2017,Q1,31.9808,32.0007,31.7298,31.7764,79934923.48
24-02-2017,Friday,February,2017,Q1,31.6361,31.8157,31.4939,31.8157,91192238.68
27-02-2017,Monday,February,2017,Q1,31.9245,31.9908,31.7238,31.8758,82209781.19
28-02-2017,Tuesday,February,2017,Q1,31.9128,31.9908,31.8247,31.8898,90853632.57
01-03-2017,Wednesday,March,2017,Q1,32.0992,32.6258,32.03,32.5447,150353652.3
02-03-2017,Thursday,March,2017,Q1,32.59,32.6572,32.2977,32.3452,109834616
03-03-2017,Friday,March,2017,Q1,32.3027,32.5527,32.2603,32.5427,85830403.59
06-03-2017,Monday,March,2017,Q1,32.441,32.5407,32.2603,32.4361,81380452.3
07-03-2017,Tuesday,March,2017,Q1,32.3688,32.5842,32.3057,32.4795,71685155.27
08-03-2017,Wednesday,March,2017,Q1,32.3422,32.5447,32.3126,32.3552,77195080.37
09-03-2017,Thursday,March,2017,Q1,32.2927,32.3057,31.9058,32.28,88555955.49
10-03-2017,Friday,March,2017,Q1,32.4163,32.4381,32.2701,32.3887,79420999.64
13-03-2017,Monday,March,2017,Q1,32.3947,32.4578,32.3126,32.4043,74839566.14
14-03-2017,Tuesday,March,2017,Q1,32.4283,32.5112,32.3156,32.3522,65764116.02
15-03-2017,Wednesday,March,2017,Q1,32.4539,32.766,32.3591,32.6999,110365791.6
16-03-2017,Thursday,March,2017,Q1,32.758,32.8271,32.6513,32.7511,82616113.39
17-03-2017,Friday,March,2017,Q1,32.8231,32.8231,32.5645,32.5871,162983458.8
20-03-2017,Monday,March,2017,Q1,32.686,32.9377,32.6445,32.9311,92539500.85
21-03-2017,Tuesday,March,2017,Q1,33.0859,33.2409,32.5307,32.5546,169811144.3
22-03-2017,Wednesday,March,2017,Q1,32.5546,32.9604,32.5377,32.9211,111089147.8
23-03-2017,Thursday,March,2017,Q1,32.8843,32.9546,32.7342,32.8034,87402900.97
24-03-2017,Friday,March,2017,Q1,32.9377,32.9942,32.6731,32.7412,92019271.25
27-03-2017,Monday,March,2017,Q1,32.4479,32.8745,32.2662,32.7934,95450083.23
28-03-2017,Tuesday,March,2017,Q1,32.8004,33.5315,32.7362,33.4751,140713127.7
29-03-2017,Wednesday,March,2017,Q1,33.4454,33.6361,33.3309,33.5472,120508129.7
30-03-2017,Thursday,March,2017,Q1,33.5641,33.6381,33.404,33.5046,80337199.67
31-03-2017,Friday,March,2017,Q1,33.4554,33.5836,33.2915,33.4404,80729477.58
03-04-2017,Monday,April,2017,Q2,33.4524,33.5472,33.3013,33.4504,85853896.26
04-04-2017,Tuesday,April,2017,Q2,33.3447,33.7308,33.3249,33.7013,83466256.92
05-04-2017,Wednesday,April,2017,Q2,33.5709,33.8602,33.4781,33.5275,116055902.4
06-04-2017,Thursday,April,2017,Q2,33.5886,33.6431,33.3921,33.4404,87192457.13
07-04-2017,Friday,April,2017,Q2,33.4584,33.5611,33.3477,33.3645,71619823.72
10-04-2017,Monday,April,2017,Q2,33.4257,33.4919,33.2647,33.3249,71679047.97
11-04-2017,Tuesday,April,2017,Q2,33.2746,33.3674,32.6029,32.9674,130502610.8
12-04-2017,Wednesday,April,2017,Q2,32.9604,33.0929,32.8251,33.0098,85399214.9
13-04-2017,Thursday,April,2017,Q2,33.0366,33.1472,32.8351,32.8351,73638440.89
17-04-2017,Monday,April,2017,Q2,32.9329,33.0296,32.7906,33.0168,67121580.98
18-04-2017,Tuesday,April,2017,Q2,32.9181,33.0692,32.85,32.8697,60415700.39
19-04-2017,Wednesday,April,2017,Q2,33.0296,33.0592,32.6979,32.7482,70962449.08
20-04-2017,Thursday,April,2017,Q2,32.8745,33.2696,32.8599,33.16,96177361.8
21-04-2017,Friday,April,2017,Q2,33.16,33.2145,33.0218,33.1224,71439250.19
24-04-2017,Monday,April,2017,Q2,33.404,33.5095,33.3279,33.4355,73536845.19
25-04-2017,Tuesday,April,2017,Q2,33.4997,33.7338,33.4899,33.646,80210443.73
26-04-2017,Wednesday,April,2017,Q2,33.6302,33.6626,33.3743,33.4454,85987971.45
27-04-2017,Thursday,April,2017,Q2,33.5016,33.5572,33.3576,33.4722,61032671.84
28-04-2017,Friday,April,2017,Q2,33.5413,33.5906,33.3477,33.4384,89611162.52
01-05-2017,Monday,May,2017,Q2,33.7763,34.2713,33.7457,34.1231,144024387.5
02-05-2017,Tuesday,May,2017,Q2,34.3493,34.4707,34.1843,34.3415,190872325.2
03-05-2017,Wednesday,May,2017,Q2,33.8899,34.3365,33.5836,34.2385,195927966.8
04-05-2017,Thursday,May,2017,Q2,34.1072,34.2583,33.9393,34.1102,100290146.7
05-05-2017,Friday,May,2017,Q2,34.1664,34.6819,34.1664,34.6769,117393443.7
08-05-2017,Monday,May,2017,Q2,34.6918,35.7783,34.6918,35.6184,209135521.1
09-05-2017,Tuesday,May,2017,Q2,35.8208,36.0499,35.7191,35.8503,167672101.2
10-05-2017,Wednesday,May,2017,Q2,35.7626,35.8377,35.4059,35.6747,110747267.3
11-05-2017,Thursday,May,2017,Q2,35.6352,36.0094,35.6006,35.9828,116533129.8
12-05-2017,Friday,May,2017,Q2,36.1567,36.5674,36.1488,36.4886,138742572.1
15-05-2017,Monday,May,2017,Q2,36.4687,36.618,36.2434,36.3937,110867292.2
16-05-2017,Tuesday,May,2017,Q2,36.451,36.4807,36.1615,36.3423,85545978.54
17-05-2017,Wednesday,May,2017,Q2,35.9067,36.128,34.9932,35.1206,216813712.6
18-05-2017,Thursday,May,2017,Q2,35.3566,35.8454,35.3288,35.6578,143608348.6
19-05-2017,Friday,May,2017,Q2,35.8553,35.9907,35.6747,35.7773,115031936.6
22-05-2017,Monday,May,2017,Q2,35.9945,36.13,35.7408,35.9926,98115751.75
23-05-2017,Tuesday,May,2017,Q2,36.2061,36.2061,35.8377,35.9561,85172601.69
24-05-2017,Wednesday,May,2017,Q2,35.9641,36.0322,35.6845,35.8454,82169323.33
25-05-2017,Thursday,May,2017,Q2,35.9393,36.0775,35.7695,35.971,82221239.47
26-05-2017,Friday,May,2017,Q2,35.9945,36.0499,35.8377,35.9097,93656268.94
30-05-2017,Tuesday,May,2017,Q2,35.8652,36.0974,35.8435,35.9243,86071221.95
31-05-2017,Wednesday,May,2017,Q2,35.9877,36.0322,35.6184,35.7043,104624480.4
01-06-2017,Thursday,June,2017,Q2,35.8041,35.8435,35.5807,35.806,70094211.44
02-06-2017,Friday,June,2017,Q2,35.9047,36.3394,35.7368,36.3394,118521597.2
05-06-2017,Monday,June,2017,Q2,36.0746,36.1012,35.8752,35.9809,108170355.1
06-06-2017,Tuesday,June,2017,Q2,35.973,36.4202,35.9522,36.1012,113771878.7
07-06-2017,Wednesday,June,2017,Q2,36.2356,36.4608,36.1062,36.3196,89927333
08-06-2017,Thursday,June,2017,Q2,36.2899,36.359,36.0895,36.2278,90467561.18
09-06-2017,Friday,June,2017,Q2,36.2752,36.2752,34.133,34.8213,277172518.4
12-06-2017,Monday,June,2017,Q2,34.0668,34.1495,33.3081,33.9898,308891236.1
13-06-2017,Tuesday,June,2017,Q2,34.3986,34.4637,33.9275,34.2713,145868565.8
14-06-2017,Wednesday,June,2017,Q2,34.4756,34.4756,33.6203,33.9275,134572044.2
15-06-2017,Thursday,June,2017,Q2,33.4997,33.7723,33.2409,33.7308,135455161.3
16-06-2017,Friday,June,2017,Q2,33.6085,33.7763,33.238,33.2548,215050743.6
19-06-2017,Monday,June,2017,Q2,33.5787,34.3046,33.5787,34.209,138894320.2
20-06-2017,Tuesday,June,2017,Q2,34.3335,34.3335,33.8781,33.8948,106465639.5
21-06-2017,Wednesday,June,2017,Q2,34.0152,34.1447,33.801,34.0972,90977116.16
22-06-2017,Thursday,June,2017,Q2,34.0746,34.2977,33.9195,34.0421,81652407.6
23-06-2017,Friday,June,2017,Q2,33.9215,34.3986,33.9175,34.1942,151546206.9
26-06-2017,Monday,June,2017,Q2,34.4006,34.6604,33.9799,34.0852,109858243.3
27-06-2017,Tuesday,June,2017,Q2,33.8948,34.1664,33.5689,33.5965,105803512.2
28-06-2017,Wednesday,June,2017,Q2,33.7743,34.1545,33.4623,34.0872,94358132.14
29-06-2017,Thursday,June,2017,Q2,33.8229,33.9215,33.2568,33.5836,134565747.5
30-06-2017,Friday,June,2017,Q2,33.7645,33.8821,33.6085,33.6656,98414036.7
03-07-2017,Monday,July,2017,Q3,33.8622,33.96,33.4484,33.5413,61082126.63
05-07-2017,Wednesday,July,2017,Q3,33.5866,33.8424,33.3605,33.6816,92198292.64
06-07-2017,Thursday,July,2017,Q3,33.4287,33.5413,33.2885,33.3605,103148174.1
07-07-2017,Friday,July,2017,Q3,33.402,33.8326,33.402,33.7043,80082254.12
10-07-2017,Monday,July,2017,Q3,33.6866,34.1152,33.5115,33.9078,90185605.58
11-07-2017,Tuesday,July,2017,Q3,33.8287,34.0932,33.7507,34.0172,84376152.22
12-07-2017,Wednesday,July,2017,Q3,34.0972,34.1694,33.8504,34.0668,106368492.6
13-07-2017,Thursday,July,2017,Q3,34.0094,34.7068,33.9957,34.5397,107301207.3
14-07-2017,Friday,July,2017,Q3,34.5864,34.9071,34.437,34.8371,86063610.1
17-07-2017,Monday,July,2017,Q3,34.7819,35.2766,34.7266,34.9615,101693036.8
18-07-2017,Tuesday,July,2017,Q3,34.8765,35.0918,34.749,35.0821,76365741.36
19-07-2017,Wednesday,July,2017,Q3,35.1729,35.394,35.0494,35.3023,89458033.39
20-07-2017,Thursday,July,2017,Q3,35.4109,35.4681,35.1048,35.1412,73585275.35
21-07-2017,Friday,July,2017,Q3,35.0593,35.163,34.7976,35.1236,107471265.1
24-07-2017,Monday,July,2017,Q3,35.1987,35.6322,35.0395,35.5521,91847452.68
25-07-2017,Tuesday,July,2017,Q3,35.483,35.9641,35.483,35.7013,80556812.57
26-07-2017,Wednesday,July,2017,Q3,35.8474,35.9809,35.7773,35.8752,67313312.09
27-07-2017,Thursday,July,2017,Q3,35.9443,35.9926,34.4291,35.1927,138756147.5
28-07-2017,Friday,July,2017,Q3,35.0365,35.1147,34.8736,34.9486,73567395.89
31-07-2017,Monday,July,2017,Q3,35.0395,35.1392,34.6227,34.762,84337778.05
01-08-2017,Tuesday,August,2017,Q3,34.851,35.1127,34.6898,35.0741,146040441.1
02-08-2017,Wednesday,August,2017,Q3,37.2382,37.3398,36.5023,36.7294,298341066.2
03-08-2017,Thursday,August,2017,Q3,36.7077,36.7463,36.2356,36.3639,113903578.6
04-08-2017,Friday,August,2017,Q3,36.4827,36.7867,36.3917,36.5597,87791184.63
07-08-2017,Monday,August,2017,Q3,36.7107,37.1532,36.6228,37.1255,93389260.65
08-08-2017,Tuesday,August,2017,Q3,37.0752,37.8288,36.9992,37.4109,154581532.4
09-08-2017,Wednesday,August,2017,Q3,37.2333,37.6984,37.1986,37.649,111506573.8
10-08-2017,Thursday,August,2017,Q3,37.5217,37.5451,36.2869,36.449,168999739.4
11-08-2017,Friday,August,2017,Q3,36.7463,37.2184,36.6258,36.9574,111806212.4
14-08-2017,Monday,August,2017,Q3,37.3874,37.5946,37.2528,37.5088,94070298.05
15-08-2017,Tuesday,August,2017,Q3,37.7014,38.0587,37.5769,37.9185,125199977.7
16-08-2017,Wednesday,August,2017,Q3,37.9995,38.1368,37.5799,37.7696,117714425.5
17-08-2017,Thursday,August,2017,Q3,37.6717,37.7132,37.0405,37.0465,117172741.4
18-08-2017,Friday,August,2017,Q3,37.0465,37.4237,36.773,36.9614,116754760.5
21-08-2017,Monday,August,2017,Q3,36.9614,37.0535,36.3987,36.8903,112248193.2
22-08-2017,Tuesday,August,2017,Q3,37.1354,37.5451,37.0851,37.4918,91912810.56
23-08-2017,Wednesday,August,2017,Q3,37.3279,37.6588,37.2825,37.5412,82579778.37
24-08-2017,Thursday,August,2017,Q3,37.649,37.721,37.2134,37.3744,84389228.45
25-08-2017,Friday,August,2017,Q3,37.4595,37.6786,37.3744,37.5118,108527148.5
28-08-2017,Monday,August,2017,Q3,37.5769,38.0144,37.5286,37.8871,109508983.9
29-08-2017,Tuesday,August,2017,Q3,37.5699,38.288,37.5451,38.2357,125530811
30-08-2017,Wednesday,August,2017,Q3,38.4361,38.4579,38.1616,38.3374,116007821.5
31-08-2017,Thursday,August,2017,Q3,38.4007,38.6031,38.3671,38.4827,113975613.8
01-09-2017,Friday,September,2017,Q3,38.6693,38.7037,38.3977,38.4924,70635071.41
05-09-2017,Tuesday,September,2017,Q3,38.4262,38.5399,37.6786,38.0323,125733357.4
06-09-2017,Wednesday,September,2017,Q3,38.1862,38.2554,37.6717,37.9926,92098297.67
07-09-2017,Thursday,September,2017,Q3,38.0343,38.0717,37.6321,37.8436,93355111.58
08-09-2017,Friday,September,2017,Q3,37.7477,37.8169,37.2084,37.2313,121130876.4
11-09-2017,Monday,September,2017,Q3,37.6658,38.0244,37.5188,37.8948,134305093.6
12-09-2017,Tuesday,September,2017,Q3,38.1616,38.4728,37.2578,37.7477,305145734.9
13-09-2017,Wednesday,September,2017,Q3,37.5148,37.5364,37.0584,37.4595,191199236.1
14-09-2017,Thursday,September,2017,Q3,37.3083,37.401,37.1007,37.1473,100738402.9
15-09-2017,Friday,September,2017,Q3,37.1936,37.7743,37.0791,37.5168,208164235.8
18-09-2017,Monday,September,2017,Q3,37.5729,37.6658,37.0791,37.2412,119997714.2
19-09-2017,Tuesday,September,2017,Q3,37.4267,37.4888,37.1857,37.2508,87760085.16
20-09-2017,Wednesday,September,2017,Q3,37.0565,37.1433,36.0974,36.6258,222440002.5
21-09-2017,Thursday,September,2017,Q3,36.5644,36.5644,35.8474,35.9926,159247044.6
22-09-2017,Friday,September,2017,Q3,35.6717,35.7309,35.3348,35.6449,198508674.7
25-09-2017,Monday,September,2017,Q3,35.1987,35.6302,35.003,35.3318,189071985.4
26-09-2017,Tuesday,September,2017,Q3,35.6184,36.1161,35.5956,35.9423,156077918.3
27-09-2017,Wednesday,September,2017,Q3,36.0895,36.3068,36.0263,36.1912,108253174.3
28-09-2017,Thursday,September,2017,Q3,36.1081,36.2041,35.8357,35.971,93683292.15
29-09-2017,Friday,September,2017,Q3,35.9591,36.1664,35.6677,36.1644,111925176.3
02-10-2017,Monday,October,2017,Q4,36.1981,36.2454,35.8406,36.0915,79613902.19
03-10-2017,Tuesday,October,2017,Q4,36.1369,36.3937,36.1131,36.2474,69115939.04
04-10-2017,Wednesday,October,2017,Q4,36.048,36.1012,35.7773,36.0114,85721573.68
05-10-2017,Thursday,October,2017,Q4,36.1783,36.4787,36.1468,36.4658,90619573.54
06-10-2017,Friday,October,2017,Q4,36.3659,36.4886,36.2702,36.443,74087107.09
09-10-2017,Monday,October,2017,Q4,36.5674,36.775,36.4886,36.5744,69220831.39
10-10-2017,Tuesday,October,2017,Q4,36.6228,37.0791,36.3957,36.5891,66493457.02
11-10-2017,Wednesday,October,2017,Q4,36.606,36.8332,36.5518,36.7344,71938645.89
12-10-2017,Thursday,October,2017,Q4,36.686,36.9302,36.5478,36.61,69805990.59
13-10-2017,Friday,October,2017,Q4,36.775,36.9083,36.7009,36.8362,69774852.65
16-10-2017,Monday,October,2017,Q4,37.0565,37.5451,36.9992,37.5168,102682802.9
17-10-2017,Tuesday,October,2017,Q4,37.4918,37.7497,37.3646,37.6588,80848237.94
18-10-2017,Wednesday,October,2017,Q4,37.646,37.7132,37.4486,37.4869,69274593.29
19-10-2017,Thursday,October,2017,Q4,36.7798,36.8588,36.3789,36.608,180626025.1
20-10-2017,Friday,October,2017,Q4,36.7492,37.0207,36.603,36.6613,101896438.8
23-10-2017,Monday,October,2017,Q4,36.8134,37.009,36.4904,36.6464,93580226.31
24-10-2017,Tuesday,October,2017,Q4,36.6712,36.9417,36.6514,36.8628,75163472
25-10-2017,Wednesday,October,2017,Q4,36.8192,36.9744,36.436,36.7009,90245165.98
26-10-2017,Thursday,October,2017,Q4,36.8953,37.0385,36.7867,36.9397,72156607.43
27-10-2017,Friday,October,2017,Q4,37.3794,38.3908,37.2449,38.2702,189210862.8
30-10-2017,Monday,October,2017,Q4,38.4579,39.4415,38.4194,39.1227,190486558.6
31-10-2017,Tuesday,October,2017,Q4,39.4011,39.808,39.172,39.6718,153608891.4
01-11-2017,Wednesday,November,2017,Q4,39.8625,39.8791,38.8657,39.1591,143342979.5
02-11-2017,Thursday,November,2017,Q4,39.339,39.5414,38.7858,39.4514,176392502.5
03-11-2017,Friday,November,2017,Q4,40.8334,40.8956,40.1547,40.4776,253119578.2
06-11-2017,Monday,November,2017,Q4,40.4462,41.0633,40.2999,40.8926,148194385.9
07-11-2017,Tuesday,November,2017,Q4,40.8116,41.095,40.8116,41.0199,103710629.3
08-11-2017,Wednesday,November,2017,Q4,40.9883,41.3586,40.9121,41.3586,103822256.7
09-11-2017,Thursday,November,2017,Q4,41.091,41.3271,40.6298,41.2747,125400635.9
10-11-2017,Friday,November,2017,Q4,41.2401,41.3073,41.0417,41.1344,106706753.5
13-11-2017,Monday,November,2017,Q4,40.8628,41.093,40.8381,40.9746,72009276.79
14-11-2017,Tuesday,November,2017,Q4,40.7564,40.8578,40.3168,40.3521,104847162.1
15-11-2017,Wednesday,November,2017,Q4,40.0274,40.1084,39.659,39.8179,123136240.2
16-11-2017,Thursday,November,2017,Q4,40.3168,40.4758,40.1044,40.2999,100231664.6
17-11-2017,Friday,November,2017,Q4,40.284,40.3651,39.9553,40.0716,92932066.3
20-11-2017,Monday,November,2017,Q4,40.1015,40.1666,39.9354,40.0294,68115080.14
21-11-2017,Tuesday,November,2017,Q4,40.2208,40.9091,40.2208,40.7778,106368167.6
22-11-2017,Wednesday,November,2017,Q4,40.8294,41.2125,40.7594,41.2026,108537346.3
24-11-2017,Friday,November,2017,Q4,41.2381,41.334,41.1304,41.2055,59558743.85
27-11-2017,Monday,November,2017,Q4,41.2254,41.2324,40.8244,40.9982,87439690.6
28-11-2017,Tuesday,November,2017,Q4,41.0486,41.1808,40.4728,40.7622,112111761.9
29-11-2017,Wednesday,November,2017,Q4,40.6553,40.7265,39.3684,39.9156,176108644.4
30-11-2017,Thursday,November,2017,Q4,40.1358,40.539,39.6747,40.4698,176172553.4
01-12-2017,Friday,December,2017,Q4,40.0225,40.4282,39.6884,40.287,168722717.6
04-12-2017,Monday,December,2017,Q4,40.62,40.6533,39.9523,39.9916,138058914.4
05-12-2017,Tuesday,December,2017,Q4,39.8129,40.3937,39.6649,39.9553,115989291.1
06-12-2017,Wednesday,December,2017,Q4,39.4494,40.0816,39.1968,39.811,120591350.9
07-12-2017,Thursday,December,2017,Q4,39.805,40.1378,39.7784,39.8762,108939606.2
08-12-2017,Friday,December,2017,Q4,40.1507,40.2741,39.7556,39.889,98915082.75
11-12-2017,Monday,December,2017,Q4,39.8475,40.7196,39.7488,40.6653,145498762
12-12-2017,Tuesday,December,2017,Q4,40.5419,40.5972,40.379,40.4332,82344743.31
13-12-2017,Wednesday,December,2017,Q4,40.6248,40.8727,40.5053,40.5714,99373612.57
14-12-2017,Thursday,December,2017,Q4,40.6002,40.7749,40.4232,40.5587,86802641.59
15-12-2017,Friday,December,2017,Q4,40.8926,41.0169,40.615,40.9746,170398427.6
18-12-2017,Monday,December,2017,Q4,41.1828,41.727,41.1788,41.5503,124783906.4
19-12-2017,Tuesday,December,2017,Q4,41.2205,41.3093,40.9982,41.1009,116319562.4
20-12-2017,Wednesday,December,2017,Q4,41.1808,41.3172,40.8046,41.0613,99600605.46
21-12-2017,Thursday,December,2017,Q4,41.0169,41.4565,41.001,41.2155,88535471.92
22-12-2017,Friday,December,2017,Q4,41.1374,41.3172,41.093,41.2155,69384783.98
26-12-2017,Tuesday,December,2017,Q4,40.2247,40.381,39.9651,40.1696,140737323
27-12-2017,Wednesday,December,2017,Q4,40.0588,40.2208,39.972,40.1765,91207430
28-12-2017,Thursday,December,2017,Q4,40.2741,40.4698,40.1477,40.294,69882089.92
29-12-2017,Friday,December,2017,Q4,40.1567,40.1745,39.8525,39.8545,110168964.6
02-01-2018,Tuesday,January,2018,Q1,40.0746,40.5774,39.8625,40.5685,108357893.6
03-01-2018,Wednesday,January,2018,Q1,40.6328,41.1048,40.4953,40.5616,125118559.8
04-01-2018,Thursday,January,2018,Q1,40.6347,40.8558,40.5251,40.7534,94895766.33
05-01-2018,Friday,January,2018,Q1,40.8479,41.3043,40.7594,41.2125,100193024.2
08-01-2018,Monday,January,2018,Q1,41.0613,41.3586,40.9647,41.0713,87174074.47
09-01-2018,Tuesday,January,2018,Q1,41.1048,41.2284,40.8401,41.0555,91432224.79
10-01-2018,Wednesday,January,2018,Q1,40.7817,41.0486,40.7464,41.0457,101647240.1
11-01-2018,Thursday,January,2018,Q1,41.1148,41.3311,41.093,41.2816,79205943.94
12-01-2018,Friday,January,2018,Q1,41.4939,41.7667,41.3685,41.7004,107565920.3
16-01-2018,Tuesday,January,2018,Q1,41.8949,42.2487,41.484,41.4959,125335577.7
17-01-2018,Wednesday,January,2018,Q1,41.486,42.2169,41.2304,42.1804,145510688.1
18-01-2018,Thursday,January,2018,Q1,42.2447,42.4163,41.9809,42.2189,132013759.7
19-01-2018,Friday,January,2018,Q1,42.0659,42.293,41.7764,42.0313,133666447.9
22-01-2018,Monday,January,2018,Q1,41.7519,41.8672,41.5918,41.6848,114912751
23-01-2018,Tuesday,January,2018,Q1,41.7519,42.2613,41.6411,41.6935,138171452
24-01-2018,Wednesday,January,2018,Q1,41.7389,41.7519,40.7917,41.0288,218159031.8
25-01-2018,Thursday,January,2018,Q1,41.095,41.2006,40.1597,40.3019,175993966.4
26-01-2018,Friday,January,2018,Q1,40.5053,40.5053,40.0489,40.3908,165986158
29-01-2018,Monday,January,2018,Q1,40.0746,40.0746,39.3459,39.5571,214719833.4
30-01-2018,Tuesday,January,2018,Q1,38.9852,39.4179,38.7878,39.3232,194064361
31-01-2018,Wednesday,January,2018,Q1,39.2973,39.6747,39.2066,39.4329,137037308.7
01-02-2018,Thursday,February,2018,Q1,39.3714,39.7152,39.2707,39.5117,194997784.4
02-02-2018,Friday,February,2018,Q1,39.0958,39.2806,37.7053,37.799,365087093.5
05-02-2018,Monday,February,2018,Q1,37.4652,38.5892,36.7364,36.851,306758113
06-02-2018,Tuesday,February,2018,Q1,36.4658,38.5537,36.2673,38.3957,289770607.8
07-02-2018,Wednesday,February,2018,Q1,38.4065,38.4807,37.4575,37.5629,218602435.1
08-02-2018,Thursday,February,2018,Q1,37.7497,37.9147,36.5181,36.5419,230064576.8
09-02-2018,Friday,February,2018,Q1,37.1473,37.3348,35.5275,36.9894,298558856.6
12-02-2018,Monday,February,2018,Q1,37.477,38.7532,37.2479,38.4728,257033115.3
13-02-2018,Tuesday,February,2018,Q1,38.3019,38.9617,38.2307,38.8638,137372774.1
14-02-2018,Wednesday,February,2018,Q1,38.5518,39.6193,38.5171,39.579,171200167.3
15-02-2018,Thursday,February,2018,Q1,40.1477,40.9349,39.9681,40.9091,215318001
16-02-2018,Friday,February,2018,Q1,40.7603,41.3399,40.617,40.7749,169666365.1
20-02-2018,Tuesday,February,2018,Q1,40.6843,41.2055,40.535,40.6367,143335691.7
21-02-2018,Wednesday,February,2018,Q1,40.8698,41.171,40.4362,40.4502,158099115.3
22-02-2018,Thursday,February,2018,Q1,40.6248,41.1324,40.6032,40.7917,130905068.2
23-02-2018,Friday,February,2018,Q1,41.0653,41.5375,41.0358,41.5038,142869958
26-02-2018,Monday,February,2018,Q1,41.7004,42.4213,41.6678,42.3217,160108752.8
27-02-2018,Tuesday,February,2018,Q1,42.3502,42.6822,42.1349,42.1864,164621774.7
28-02-2018,Wednesday,February,2018,Q1,42.3898,42.7108,42.1083,42.1251,159775555.3
01-03-2018,Thursday,March,2018,Q1,42.2219,42.5093,40.8294,41.3844,206376930.8
02-03-2018,Friday,March,2018,Q1,40.8628,41.6886,40.7798,41.6678,162616558.8
05-03-2018,Monday,March,2018,Q1,41.4346,42.0313,41.2697,41.8081,120105531.6
06-03-2018,Tuesday,March,2018,Q1,42.0729,42.1548,41.649,41.7716,100598377.3
07-03-2018,Wednesday,March,2018,Q1,41.3685,41.5839,41.2085,41.3913,134069651.5
08-03-2018,Thursday,March,2018,Q1,41.4988,41.8831,41.4012,41.8377,100537479.4
09-03-2018,Friday,March,2018,Q1,42.0856,42.5635,41.9453,42.5586,136106695.9
12-03-2018,Monday,March,2018,Q1,42.6357,43.1296,42.6159,42.9697,136199394.9
13-03-2018,Tuesday,March,2018,Q1,43.1761,43.3953,42.3838,42.5566,134027650.6
14-03-2018,Wednesday,March,2018,Q1,42.6425,42.688,42.049,42.1972,124194808.6
15-03-2018,Thursday,March,2018,Q1,42.2119,42.6228,42.1123,42.2467,96180445.83
16-03-2018,Friday,March,2018,Q1,42.2467,42.3542,42.0028,42.1004,166637106.4
19-03-2018,Monday,March,2018,Q1,41.9287,41.965,41.0653,41.4545,141441878.4
20-03-2018,Tuesday,March,2018,Q1,41.4426,41.8041,41.3685,41.4426,83094441.32
21-03-2018,Wednesday,March,2018,Q1,41.3943,41.4061,40.4953,40.4973,156700309.6
22-03-2018,Thursday,March,2018,Q1,40.198,40.8334,39.8693,39.9305,175458851.2
23-03-2018,Friday,March,2018,Q1,39.8179,40.1795,39.008,39.008,173505181.9
26-03-2018,Monday,March,2018,Q1,39.7419,40.9369,39.3586,40.8558,158756805.8
27-03-2018,Tuesday,March,2018,Q1,41.0683,41.4199,39.4693,39.805,173056050
28-03-2018,Wednesday,March,2018,Q1,39.5492,40.203,39.0643,39.3684,176210640
29-03-2018,Thursday,March,2018,Q1,39.6845,40.6131,39.4633,39.6786,162382086.7
02-04-2018,Monday,April,2018,Q2,39.7032,39.9523,38.8945,39.4149,158949453.2
03-04-2018,Tuesday,April,2018,Q2,39.6451,39.9058,38.9932,39.8179,128041757.7
04-04-2018,Wednesday,April,2018,Q2,38.9932,40.6743,38.9657,40.5803,146341939.7
05-04-2018,Thursday,April,2018,Q2,40.8116,41.1986,40.6921,40.8628,113896845.6
06-04-2018,Friday,April,2018,Q2,40.4282,40.7877,39.7734,39.8149,148032642.6
09-04-2018,Monday,April,2018,Q2,40.1696,40.9349,40.1597,40.211,122711998.1
10-04-2018,Tuesday,April,2018,Q2,40.9121,41.1414,40.5616,40.9717,120841740.3
11-04-2018,Wednesday,April,2018,Q2,40.7295,41.1245,40.6002,40.7778,94860375.96
12-04-2018,Thursday,April,2018,Q2,41.0049,41.3844,40.922,41.1759,96795689.98
13-04-2018,Friday,April,2018,Q2,41.3311,41.5819,41.1078,41.3212,106247081.6
16-04-2018,Monday,April,2018,Q2,41.3913,41.6619,41.3418,41.5769,91252219.26
17-04-2018,Tuesday,April,2018,Q2,41.729,42.3147,41.7092,42.1518,112510813.3
18-04-2018,Wednesday,April,2018,Q2,42.049,42.2851,41.8239,42.056,87768134.41
19-04-2018,Thursday,April,2018,Q2,41.3714,41.4762,40.8294,40.8628,147201716
20-04-2018,Friday,April,2018,Q2,40.3431,40.4855,39.1177,39.1868,276953174.8
23-04-2018,Monday,April,2018,Q2,39.4514,39.4693,38.8026,39.0772,154419018.6
24-04-2018,Tuesday,April,2018,Q2,39.175,39.332,38.1251,38.5241,142478982.2
25-04-2018,Wednesday,April,2018,Q2,38.4529,39.1157,38.4046,38.697,120023993.2
26-04-2018,Thursday,April,2018,Q2,38.8086,39.1888,38.6287,38.8342,118251806.6
27-04-2018,Friday,April,2018,Q2,38.7798,38.8608,37.9828,38.3858,150783726.3
30-04-2018,Monday,April,2018,Q2,38.3452,39.5512,38.278,39.0812,179419834.4
01-05-2018,Tuesday,May,2018,Q2,39.3518,40.0095,39.0842,39.9896,226537647.7
02-05-2018,Wednesday,May,2018,Q2,41.4366,42.0331,41.095,41.7489,281386004
03-05-2018,Thursday,May,2018,Q2,41.5918,41.973,41.25,41.8259,144069731.6
04-05-2018,Friday,May,2018,Q2,42.1548,43.5681,42.1379,43.4733,237667766.5
07-05-2018,Monday,May,2018,Q2,43.7893,44.3779,43.6865,43.7843,179521319.7
08-05-2018,Tuesday,May,2018,Q2,43.742,44.0363,43.4337,43.9977,120111508.3
09-05-2018,Wednesday,May,2018,Q2,44.1132,44.3118,43.7993,44.3028,98157199.82
10-05-2018,Thursday,May,2018,Q2,44.3957,45.016,44.3739,44.9361,118362914.6
11-05-2018,Friday,May,2018,Q2,44.9795,45.1168,44.4995,44.768,110422133.3
14-05-2018,Monday,May,2018,Q2,44.868,44.9893,44.5933,44.6625,87533084.17
15-05-2018,Tuesday,May,2018,Q2,44.3366,44.4076,43.9424,44.2545,99818707.73
16-05-2018,Wednesday,May,2018,Q2,44.1705,44.7385,44.1528,44.6704,80810964.34
17-05-2018,Thursday,May,2018,Q2,44.6258,44.8461,44.2377,44.3879,72853185.45
18-05-2018,Friday,May,2018,Q2,44.4373,44.5815,44.1844,44.2257,77081382.43
21-05-2018,Monday,May,2018,Q2,44.6258,44.9262,44.368,44.5408,77515528.59
22-05-2018,Tuesday,May,2018,Q2,44.7187,44.8381,44.3366,44.4303,64203303.72
23-05-2018,Wednesday,May,2018,Q2,44.2347,44.7464,44.0956,44.7138,84498490.69
24-05-2018,Thursday,May,2018,Q2,44.8116,44.8283,44.2022,44.6625,97875919.55
25-05-2018,Friday,May,2018,Q2,44.6821,45.019,44.5438,44.766,73556410.43
29-05-2018,Tuesday,May,2018,Q2,44.5331,44.8076,44.3582,44.6012,94843254.85
30-05-2018,Wednesday,May,2018,Q2,44.5617,44.6258,44.3366,44.5094,78736180.61
31-05-2018,Thursday,May,2018,Q2,44.4451,44.6821,44.1874,44.3582,115774577.6
01-06-2018,Friday,June,2018,Q2,44.6229,45.1662,44.5697,45.1602,98754393.41
04-06-2018,Monday,June,2018,Q2,45.493,45.9139,45.4238,45.5384,110649424.8
05-06-2018,Tuesday,June,2018,Q2,45.828,46.0392,45.6579,45.8872,90849219.15
06-06-2018,Wednesday,June,2018,Q2,45.9651,46.072,45.5593,46.0481,88185395.37
07-06-2018,Thursday,June,2018,Q2,46.0866,46.1014,45.6511,45.9237,89927565.87
08-06-2018,Friday,June,2018,Q2,45.3835,45.5769,45.0487,45.5088,112294980.1
11-06-2018,Monday,June,2018,Q2,45.4238,45.5692,45.1532,45.3943,77126590.87
12-06-2018,Tuesday,June,2018,Q2,45.4337,45.7164,45.3785,45.6383,71240218.06
13-06-2018,Wednesday,June,2018,Q2,45.6708,45.7834,45.2076,45.2718,91154341.4
14-06-2018,Thursday,June,2018,Q2,45.4734,45.4792,45.1562,45.2956,91035037.34
15-06-2018,Friday,June,2018,Q2,45.1098,45.1405,44.69,44.8283,259999398.5
18-06-2018,Monday,June,2018,Q2,44.5962,44.9142,44.4402,44.8057,77869725.96
19-06-2018,Tuesday,June,2018,Q2,43.9493,44.2297,43.5484,44.0787,141453287.1
20-06-2018,Wednesday,June,2018,Q2,44.2347,44.4402,44.0887,44.2695,86900885.97
21-06-2018,Thursday,June,2018,Q2,44.453,44.7108,43.9028,44.0273,108314475.2
22-06-2018,Friday,June,2018,Q2,44.1824,44.1904,43.8437,43.8978,114585155.6
25-06-2018,Monday,June,2018,Q2,43.5365,43.8978,42.8995,43.2432,133384605.7
26-06-2018,Tuesday,June,2018,Q2,43.4407,44.2774,43.334,43.7795,103500716
27-06-2018,Wednesday,June,2018,Q2,43.9719,44.46,43.6836,43.7132,106517494.9
28-06-2018,Thursday,June,2018,Q2,43.6995,44.2022,43.6294,44.0363,73153137.96
29-06-2018,Friday,June,2018,Q2,44.221,44.4373,43.421,43.9424,95785151.73
02-07-2018,Monday,July,2018,Q3,43.6343,44.4648,43.5414,44.4353,74695417.75
03-07-2018,Tuesday,July,2018,Q3,44.5795,44.6129,43.5681,43.657,58786299.37
05-07-2018,Thursday,July,2018,Q3,43.9779,44.2496,43.742,44.0136,69947404.26
06-07-2018,Friday,July,2018,Q3,44.0176,44.7336,43.9652,44.6189,73658706.78
09-07-2018,Monday,July,2018,Q3,44.9814,45.2668,44.9341,45.2422,83227201.29
10-07-2018,Tuesday,July,2018,Q3,45.2747,45.4071,45.1462,45.1858,67145580.91
11-07-2018,Wednesday,July,2018,Q3,44.7464,45.0507,44.5351,44.5962,79329841.64
12-07-2018,Thursday,July,2018,Q3,44.9893,45.4397,44.9361,45.3528,76000436.03
13-07-2018,Friday,July,2018,Q3,45.3646,45.5404,45.3203,45.4199,52741129.54
16-07-2018,Monday,July,2018,Q3,45.4664,45.726,45.2026,45.3232,63370918.14
17-07-2018,Tuesday,July,2018,Q3,45.0427,45.5483,44.9092,45.4497,65441053.56
18-07-2018,Wednesday,July,2018,Q3,45.5257,45.5307,45.0851,45.1977,69059093.11
19-07-2018,Thursday,July,2018,Q3,45.029,45.7025,45.029,45.5503,85460386.16
20-07-2018,Friday,July,2018,Q3,45.5257,45.6738,45.1433,45.4467,87226695.3
23-07-2018,Monday,July,2018,Q3,45.2668,45.5672,44.9963,45.489,67357124.31
24-07-2018,Tuesday,July,2018,Q3,45.6767,45.9721,45.5888,45.8131,78767153.52
25-07-2018,Wednesday,July,2018,Q3,45.828,46.2525,45.6738,46.2446,70883590.73
26-07-2018,Thursday,July,2018,Q3,46.1972,46.5193,45.9611,46.1043,80359798.32
27-07-2018,Friday,July,2018,Q3,46.2852,46.3345,45.1267,45.3399,101203875.3
30-07-2018,Monday,July,2018,Q3,45.5543,45.6195,44.8798,45.0801,88589449.48
31-07-2018,Tuesday,July,2018,Q3,45.1732,45.6076,44.9429,45.1702,165863670.7
01-08-2018,Wednesday,August,2018,Q3,47.2718,47.8931,46.8343,47.8357,286187387.6
02-08-2018,Thursday,August,2018,Q3,47.6145,49.4664,47.5622,49.2314,262884418.7
03-08-2018,Friday,August,2018,Q3,49.1435,49.5512,48.777,49.3737,140901187.5
06-08-2018,Monday,August,2018,Q3,49.3766,49.6719,49.1535,49.6314,107107501.8
07-08-2018,Tuesday,August,2018,Q3,49.6896,49.7292,49.0814,49.1623,107789945.6
08-08-2018,Wednesday,August,2018,Q3,48.9123,49.3321,48.5489,49.1958,94891328.61
09-08-2018,Thursday,August,2018,Q3,49.2037,49.7954,49.1839,49.5851,98965522.69
10-08-2018,Friday,August,2018,Q3,49.3993,49.8082,49.2314,49.4389,103315318
13-08-2018,Monday,August,2018,Q3,49.4783,50.2506,49.4783,49.7508,108687275.9
14-08-2018,Tuesday,August,2018,Q3,50.0602,50.1578,49.6116,49.9671,87098030.83
15-08-2018,Wednesday,August,2018,Q3,49.8377,50.2012,49.6284,50.0817,120931216.5
16-08-2018,Thursday,August,2018,Q3,50.4433,50.931,50.3761,50.8146,119641628.5
17-08-2018,Friday,August,2018,Q3,50.8444,51.9168,50.778,51.8279,148718924.6
20-08-2018,Monday,August,2018,Q3,51.9525,52.2123,51.2422,51.3241,127144659.2
21-08-2018,Tuesday,August,2018,Q3,51.6462,51.7401,50.9815,51.2256,109815980.2
22-08-2018,Wednesday,August,2018,Q3,51.0014,51.5404,50.938,51.2276,79836174.88
23-08-2018,Thursday,August,2018,Q3,51.1317,51.7075,51.1197,51.331,79269847.89
24-08-2018,Friday,August,2018,Q3,51.5999,51.671,51.2422,51.4932,77561859.87
27-08-2018,Monday,August,2018,Q3,51.7302,52.1094,51.5337,51.9138,86162347.56
28-08-2018,Tuesday,August,2018,Q3,52.1707,52.5342,52.1519,52.3347,95614542.06
29-08-2018,Wednesday,August,2018,Q3,52.4404,53.2384,52.2645,53.1141,114412891.6
30-08-2018,Thursday,August,2018,Q3,53.1792,54.3781,52.9766,53.6037,204831502.2
31-08-2018,Friday,August,2018,Q3,53.9564,54.5214,53.831,54.224,181937466.6
04-09-2018,Tuesday,September,2018,Q3,54.4146,54.5915,53.9859,54.4029,114980978.2
05-09-2018,Wednesday,September,2018,Q3,54.5512,54.7119,53.6206,54.0432,139928374.4
06-09-2018,Thursday,September,2018,Q3,53.8873,54.1569,52.7189,53.1435,143945824.8
07-09-2018,Friday,September,2018,Q3,52.8492,53.6868,52.5756,52.7189,157924129.7
10-09-2018,Monday,September,2018,Q3,52.635,52.8492,51.5682,52.0098,165886035.4
11-09-2018,Tuesday,September,2018,Q3,51.9307,53.4377,51.5899,53.3273,150070864.5
12-09-2018,Wednesday,September,2018,Q3,53.584,53.5998,52.3672,52.6645,206867127.1
13-09-2018,Thursday,September,2018,Q3,53.2453,54.4009,53.017,53.9328,175079121.1
14-09-2018,Friday,September,2018,Q3,53.7777,54.0354,53.0052,53.3243,134329753.7
17-09-2018,Monday,September,2018,Q3,52.9174,53.1071,51.7559,51.9,156141375.8
18-09-2018,Tuesday,September,2018,Q3,51.8804,52.8492,51.7253,51.9878,132534833.7
19-09-2018,Wednesday,September,2018,Q3,52.0512,52.3159,51.2868,52.0197,113863088.3
20-09-2018,Thursday,September,2018,Q3,52.4632,52.9469,52.2043,52.4106,111701006.2
21-09-2018,Friday,September,2018,Q3,52.5933,52.7337,51.7616,51.8477,404034037.4
24-09-2018,Monday,September,2018,Q3,51.6512,52.709,51.6079,52.5953,116253891.7
25-09-2018,Tuesday,September,2018,Q3,52.3446,53.0774,52.3347,52.9273,103076784.8
26-09-2018,Wednesday,September,2018,Q3,52.6468,53.3015,52.3474,52.5065,100685351.7
27-09-2018,Thursday,September,2018,Q3,53.3194,53.9397,53.2503,53.5869,126697718.3
28-09-2018,Friday,September,2018,Q3,53.5475,53.7973,53.3686,53.7757,96255129.71
01-10-2018,Monday,October,2018,Q4,54.303,54.6496,53.9168,54.1341,99073760.3
02-10-2018,Tuesday,October,2018,Q4,54.1312,54.788,53.9859,54.6172,104058209.1
03-10-2018,Wednesday,October,2018,Q4,54.8008,55.6167,54.7386,55.2838,120289928.3
04-10-2018,Thursday,October,2018,Q4,54.9747,55.3509,54.0118,54.3129,134509053.5
05-10-2018,Friday,October,2018,Q4,54.305,54.4146,52.5441,53.4359,140967358.4
08-10-2018,Monday,October,2018,Q4,52.9322,53.5504,52.4532,53.3074,124526126.9
09-10-2018,Tuesday,October,2018,Q4,53.2748,54.137,52.9371,54.0432,112885799
10-10-2018,Wednesday,October,2018,Q4,53.7086,53.9168,51.4673,51.5404,176272062.4
11-10-2018,Thursday,October,2018,Q4,51.1,52.2872,50.5816,51.0824,223010787.4
12-10-2018,Friday,October,2018,Q4,52.5065,53.0921,51.6562,52.9075,169334190.3
15-10-2018,Monday,October,2018,Q4,52.6863,52.8452,51.7559,51.7786,129257511.3
16-10-2018,Tuesday,October,2018,Q4,52.1549,53.117,51.6362,52.9174,122511298.4
17-10-2018,Wednesday,October,2018,Q4,52.9519,53.034,52.2507,52.6941,96070566.99
18-10-2018,Thursday,October,2018,Q4,51.8941,52.3416,50.7395,51.4605,136773043.2
19-10-2018,Friday,October,2018,Q4,51.9426,52.709,51.7935,52.2438,138861124.9
22-10-2018,Monday,October,2018,Q4,52.3543,53.2057,52.1568,52.5609,120866229.2
23-10-2018,Tuesday,October,2018,Q4,51.4141,53.1792,51.1447,53.0547,162743470.6
24-10-2018,Wednesday,October,2018,Q4,53.025,53.4203,51.1049,51.2374,171799664.3
25-10-2018,Thursday,October,2018,Q4,51.8607,52.7386,51.6342,52.3573,125331470
26-10-2018,Friday,October,2018,Q4,51.4311,52.4502,50.6615,51.5278,198385847.2
29-10-2018,Monday,October,2018,Q4,52.2142,52.3317,49.0942,50.5617,192832637.4
30-10-2018,Tuesday,October,2018,Q4,50.2992,51.257,49.8496,50.8116,153894896
31-10-2018,Wednesday,October,2018,Q4,51.666,52.5144,51.6059,52.1372,161026892.7
01-11-2018,Thursday,November,2018,Q4,52.1805,52.9668,51.6482,52.9352,244834769.9
02-11-2018,Friday,November,2018,Q4,49.9187,50.8936,48.9372,49.4279,383388381.1
05-11-2018,Monday,November,2018,Q4,48.6692,48.6891,47.2107,48.0245,277748337.4
06-11-2018,Tuesday,November,2018,Q4,48.1005,48.7672,48.0502,48.5389,133841084.2
07-11-2018,Wednesday,November,2018,Q4,49.0654,50.0373,48.628,50.0117,140312369.2
08-11-2018,Thursday,November,2018,Q4,50.1934,50.227,49.4249,49.8377,106099561.6
09-11-2018,Friday,November,2018,Q4,49.1335,49.2451,48.3455,48.88,143762309
12-11-2018,Monday,November,2018,Q4,47.571,47.7746,46.3245,46.4166,213915305.3
13-11-2018,Tuesday,November,2018,Q4,45.8051,47.1366,45.7618,45.9533,196125476.2
14-11-2018,Wednesday,November,2018,Q4,46.3515,46.4897,44.4471,44.6525,254348757.3
15-11-2018,Thursday,November,2018,Q4,45.0328,45.8901,44.6782,45.7518,194434855.3
16-11-2018,Friday,November,2018,Q4,45.5384,46.6102,45.2936,46.2614,154482032.5
19-11-2018,Monday,November,2018,Q4,45.4199,45.5868,44.221,44.4303,175367671
20-11-2018,Tuesday,November,2018,Q4,42.6396,43.3824,41.9532,42.307,283733493.3
21-11-2018,Wednesday,November,2018,Q4,42.9618,43.09,42.207,42.2613,130201969.8
23-11-2018,Friday,November,2018,Q4,41.816,42.2169,41.1394,41.1828,98826211.95
26-11-2018,Monday,November,2018,Q4,41.651,41.8179,40.6998,41.737,188242400.4
27-11-2018,Tuesday,November,2018,Q4,40.9982,41.7745,40.8479,41.651,173135895.5
28-11-2018,Wednesday,November,2018,Q4,42.2487,43.3399,41.814,43.2531,192693509.9
29-11-2018,Thursday,November,2018,Q4,43.6619,43.6935,42.4786,42.919,174736488.3
30-11-2018,Friday,November,2018,Q4,43.095,43.105,42.3187,42.688,165372408.3
03-12-2018,Monday,December,2018,Q4,44.0936,44.2091,43.3203,44.1805,170670359.7
04-12-2018,Tuesday,December,2018,Q4,43.2551,43.6006,42.1399,42.2417,172955616.6
06-12-2018,Thursday,December,2018,Q4,41.0583,41.7764,40.7394,41.7617,180293662
07-12-2018,Friday,December,2018,Q4,41.4744,41.7052,40.2307,40.2771,176876828.3
10-12-2018,Monday,December,2018,Q4,39.4435,40.6583,39.0456,40.5419,259473457.5
11-12-2018,Tuesday,December,2018,Q4,41.0338,41.0653,39.9226,40.3118,197793481.2
12-12-2018,Wednesday,December,2018,Q4,40.7335,41.095,40.4036,40.4232,149041316.8
13-12-2018,Thursday,December,2018,Q4,40.7564,41.252,40.5291,40.8658,133438240
14-12-2018,Friday,December,2018,Q4,40.3987,40.4182,39.5079,39.5571,170275911
17-12-2018,Monday,December,2018,Q4,39.5492,40.2427,38.9024,39.1888,185269754.7
18-12-2018,Tuesday,December,2018,Q4,39.5314,40.045,39.2953,39.7002,141569285.3
19-12-2018,Wednesday,December,2018,Q4,39.6845,40.0254,38.0294,38.4579,205179654
20-12-2018,Thursday,December,2018,Q4,38.3472,38.7503,37.1275,37.4869,270964847.9
21-12-2018,Friday,December,2018,Q4,37.4948,37.807,35.7695,36.0293,400527662.7
24-12-2018,Monday,December,2018,Q4,35.4139,36.2258,35.0425,35.1008,155490117.5
26-12-2018,Wednesday,December,2018,Q4,35.4494,37.5829,35.0741,37.5699,245068471.5
27-12-2018,Thursday,December,2018,Q4,37.2528,37.4721,35.8772,37.325,222204724.4
28-12-2018,Friday,December,2018,Q4,37.649,37.8891,36.9446,37.3448,176917792.4
31-12-2018,Monday,December,2018,Q4,37.8919,38.0955,37.401,37.7083,146430069.3
02-01-2019,Wednesday,January,2019,Q1,37.0286,37.971,36.8657,37.7497,154948400
03-01-2019,Thursday,January,2019,Q1,34.4195,34.8311,33.9442,33.9898,381986481.2
04-01-2019,Friday,January,2019,Q1,34.5496,35.5107,34.3756,35.4397,245171070.6
07-01-2019,Monday,January,2019,Q1,35.5443,35.5759,34.8765,35.3586,229151931.6
08-01-2019,Tuesday,January,2019,Q1,35.7536,36.2929,35.5028,36.0322,171621277.8
09-01-2019,Wednesday,January,2019,Q1,36.1615,36.9397,35.7695,36.6464,188663076.4
10-01-2019,Thursday,January,2019,Q1,36.4559,36.8016,36.0599,36.764,149681344.6
11-01-2019,Friday,January,2019,Q1,36.5478,36.7394,36.2159,36.4056,113046371.9
14-01-2019,Monday,January,2019,Q1,36.0579,36.1567,35.6697,35.8603,135702912.1
15-01-2019,Tuesday,January,2019,Q1,35.9243,36.6643,35.8732,36.5941,120103956.2
16-01-2019,Wednesday,January,2019,Q1,36.5971,37.2628,36.5774,37.0405,127882313.7
17-01-2019,Thursday,January,2019,Q1,36.8588,37.6885,36.6357,37.2578,124750922.7
18-01-2019,Friday,January,2019,Q1,37.649,37.7409,37.2845,37.4849,141190719.5
22-01-2019,Tuesday,January,2019,Q1,37.3874,37.4624,36.4856,36.6444,127147153
23-01-2019,Wednesday,January,2019,Q1,36.8462,37.0891,36.2633,36.7896,96762159.54
24-01-2019,Thursday,January,2019,Q1,36.8362,36.9282,36.2732,36.5023,106429684.1
25-01-2019,Friday,January,2019,Q1,37.1719,37.799,36.8883,37.7132,140340968.8
28-01-2019,Monday,January,2019,Q1,37.2431,37.3695,36.7294,37.3616,109569286.4
29-01-2019,Tuesday,January,2019,Q1,37.3497,37.799,36.8362,36.9774,173971980.7
30-01-2019,Wednesday,January,2019,Q1,39.0268,39.7192,38.3069,39.5,255640656.9
31-01-2019,Thursday,January,2019,Q1,39.7102,40.3987,39.336,39.7883,170426252.7
01-02-2019,Friday,February,2019,Q1,39.9126,40.3937,39.6669,39.805,136660687.8
04-02-2019,Monday,February,2019,Q1,40.0175,41.0318,39.9896,40.9388,131755523.6
05-02-2019,Tuesday,February,2019,Q1,41.3242,41.8506,41.1986,41.6361,151024005
06-02-2019,Wednesday,February,2019,Q1,41.7449,41.968,41.3212,41.651,118134742.1
07-02-2019,Thursday,February,2019,Q1,41.2105,41.5819,40.7196,40.8628,132785067.2
08-02-2019,Friday,February,2019,Q1,40.5685,40.9746,40.4302,40.9121,99220573.55
11-02-2019,Monday,February,2019,Q1,41.0633,41.1009,40.6328,40.6743,87446796.21
12-02-2019,Tuesday,February,2019,Q1,40.8361,41.0515,40.7414,41.0248,92820618.11
13-02-2019,Wednesday,February,2019,Q1,41.1434,41.4081,40.7947,40.8558,93681652.94
14-02-2019,Thursday,February,2019,Q1,40.7434,41.1148,40.6633,41.0039,90955434.82
15-02-2019,Friday,February,2019,Q1,41.1108,41.2205,40.7534,40.9151,102581444.1
19-02-2019,Tuesday,February,2019,Q1,40.7434,41.1563,40.6901,41.0338,79030112.89
20-02-2019,Wednesday,February,2019,Q1,41.095,41.6116,41.0486,41.3013,108777727.2
21-02-2019,Thursday,February,2019,Q1,41.2451,41.3814,40.8856,41.0653,71852419.7
22-02-2019,Friday,February,2019,Q1,41.1907,41.5326,41.1414,41.5246,78781556.11
25-02-2019,Monday,February,2019,Q1,41.8081,42.2249,41.7568,41.8259,91112096.51
26-02-2019,Tuesday,February,2019,Q1,41.7004,42.0856,41.5739,41.8506,71104890.43
27-02-2019,Wednesday,February,2019,Q1,41.5839,42.0126,41.4694,41.9809,115946566.2
28-02-2019,Thursday,February,2019,Q1,41.8476,41.9908,41.5128,41.57,117529538.8
01-03-2019,Friday,March,2019,Q1,41.8377,42.049,41.5048,42.0048,107827202
04-03-2019,Monday,March,2019,Q1,42.1804,42.6753,41.7617,42.2189,114283776.5
05-03-2019,Tuesday,March,2019,Q1,42.2417,42.2544,41.8999,42.1419,82214978.27
06-03-2019,Wednesday,March,2019,Q1,41.9316,42.132,41.7548,41.8949,86684349
07-03-2019,Thursday,March,2019,Q1,41.737,41.8772,41.2993,41.414,103287738
08-03-2019,Friday,March,2019,Q1,40.8896,41.5503,40.6921,41.5108,99967822.36
11-03-2019,Monday,March,2019,Q1,42.132,42.997,42.0984,42.9489,133339950.1
12-03-2019,Tuesday,March,2019,Q1,43.2134,43.8535,43.0585,43.4337,135241685.1
13-03-2019,Wednesday,March,2019,Q1,43.7498,44.0076,43.4367,43.6235,129264022.6
14-03-2019,Thursday,March,2019,Q1,44.1479,44.1973,43.8268,44.1083,98218960.35
15-03-2019,Friday,March,2019,Q1,44.3759,44.9695,44.1112,44.6821,162630797.3
18-03-2019,Monday,March,2019,Q1,44.6032,45.2293,44.6012,45.1385,109217064.4
19-03-2019,Tuesday,March,2019,Q1,45.2195,45.3746,44.6328,44.78,131820961.5
20-03-2019,Wednesday,March,2019,Q1,44.7089,45.493,44.3465,45.1732,129275302.7
21-03-2019,Thursday,March,2019,Q1,45.6155,47.1336,45.5672,46.8323,212579906.4
22-03-2019,Friday,March,2019,Q1,46.8935,47.4575,45.7981,45.8642,176646466.9
25-03-2019,Monday,March,2019,Q1,45.978,46.0886,44.7978,45.3153,182634812.1
26-03-2019,Tuesday,March,2019,Q1,46.0144,46.305,44.3098,44.8441,207441007.2
27-03-2019,Wednesday,March,2019,Q1,45.3173,45.5543,44.786,45.2492,124331746.1
28-03-2019,Thursday,March,2019,Q1,45.3666,45.5088,45.019,45.3104,86559292.01
29-03-2019,Friday,March,2019,Q1,45.5711,45.6284,45.2668,45.5997,98154195.78
01-04-2019,Monday,April,2019,Q2,46.0076,46.0173,45.2274,45.9119,116057253
02-04-2019,Tuesday,April,2019,Q2,45.8742,46.6842,45.8642,46.5805,94829223.84
03-04-2019,Wednesday,April,2019,Q2,46.3966,47.1759,46.3711,46.8964,96937346.65
04-04-2019,Thursday,April,2019,Q2,46.7622,47.1436,46.3691,46.9764,79619309.87
05-04-2019,Friday,April,2019,Q2,47.1632,47.3172,47.0357,47.2947,77171569.47
08-04-2019,Monday,April,2019,Q2,47.1563,48.0729,47.1366,48.0423,107808575.3
09-04-2019,Tuesday,April,2019,Q2,48.0907,48.6991,47.8308,47.8951,148990340.3
10-04-2019,Wednesday,April,2019,Q2,47.6965,48.1914,47.578,48.1619,90370361.68
11-04-2019,Thursday,April,2019,Q2,48.2171,48.2516,47.6393,47.7616,87061001.24
12-04-2019,Friday,April,2019,Q2,47.8239,48.0521,47.1048,47.7419,115635316.4
15-04-2019,Monday,April,2019,Q2,47.6708,47.981,47.5364,47.8308,73047797.07
16-04-2019,Tuesday,April,2019,Q2,47.8851,48.3416,47.6669,47.8357,107036680.6
17-04-2019,Wednesday,April,2019,Q2,47.9049,48.8263,47.6787,48.7652,120409369
18-04-2019,Thursday,April,2019,Q2,48.7632,49.0102,48.62,48.9392,100785941
22-04-2019,Monday,April,2019,Q2,48.6951,49.1988,48.5767,49.101,80974199.08
23-04-2019,Tuesday,April,2019,Q2,49.0794,49.8745,48.949,49.8082,97150451.3
24-04-2019,Wednesday,April,2019,Q2,49.7785,50.0472,49.7035,49.7312,73064308.66
25-04-2019,Thursday,April,2019,Q2,49.6542,49.8773,49.2431,49.2829,77240556.1
26-04-2019,Friday,April,2019,Q2,49.1889,49.2136,48.5212,49.0476,77681661.06
29-04-2019,Monday,April,2019,Q2,49.0724,49.4488,48.9392,49.1206,92492351.48
30-04-2019,Tuesday,April,2019,Q2,48.7473,48.8323,47.8013,48.1745,193838295.5
01-05-2019,Wednesday,May,2019,Q2,50.386,51.6906,50.229,50.542,270034164.3
02-05-2019,Thursday,May,2019,Q2,50.3781,51.0486,49.9671,50.2111,133278676.6
03-05-2019,Friday,May,2019,Q2,50.6298,50.8549,50.4729,50.8345,87025891.32
06-05-2019,Monday,May,2019,Q2,49.0456,50.1353,48.8552,50.0472,135139749.2
07-05-2019,Tuesday,May,2019,Q2,49.4279,49.7925,48.2091,48.7021,161467749.6
08-05-2019,Wednesday,May,2019,Q2,48.4708,49.2976,48.4333,48.7089,109715543.8
09-05-2019,Thursday,May,2019,Q2,48.1084,48.4167,47.2155,48.1874,145409607.7
10-05-2019,Friday,May,2019,Q2,47.578,47.9248,46.458,47.5198,170993808.9
13-05-2019,Monday,May,2019,Q2,45.2392,45.6579,44.0639,44.7582,238305943.4
14-05-2019,Tuesday,May,2019,Q2,44.9222,45.7124,44.6821,45.4694,151578346.2
15-05-2019,Wednesday,May,2019,Q2,44.8865,46.2131,44.8312,46.0115,110146182.7
16-05-2019,Thursday,May,2019,Q2,45.7638,46.3869,45.5108,45.8051,137062248.2
17-05-2019,Friday,May,2019,Q2,45.0487,46.0076,45.006,45.5483,136430389.2
20-05-2019,Monday,May,2019,Q2,44.2287,44.4274,43.4484,44.1231,160220067.3
21-05-2019,Tuesday,May,2019,Q2,44.6358,45.3104,44.5134,44.9676,117698737.1
22-05-2019,Wednesday,May,2019,Q2,44.5044,44.7562,43.9958,44.0461,123440377.3
23-05-2019,Thursday,May,2019,Q2,43.332,43.5126,42.8509,43.2974,151578592.2
24-05-2019,Friday,May,2019,Q2,43.4288,43.896,43.0446,43.1296,98403087.7
28-05-2019,Tuesday,May,2019,Q2,43.1168,43.5255,42.8738,42.9529,115969708.6
29-05-2019,Wednesday,May,2019,Q2,42.5173,43.2233,42.4163,42.7474,118181387.3
30-05-2019,Thursday,May,2019,Q2,42.8837,43.1937,42.5764,42.9697,88044905.08
31-05-2019,Friday,May,2019,Q2,42.4708,42.8937,42.1745,42.1923,112216200.7
03-06-2019,Monday,June,2019,Q2,42.3217,42.8767,41.0338,41.7617,167621784.8
04-06-2019,Tuesday,June,2019,Q2,42.2831,43.3399,42.0589,43.2924,128500245
05-06-2019,Wednesday,June,2019,Q2,44.4106,44.5815,43.6531,43.9938,123543572.7
06-06-2019,Thursday,June,2019,Q2,44.1212,44.698,43.8978,44.6358,93471974.54
07-06-2019,Friday,June,2019,Q2,44.9449,46.2525,44.77,45.823,127323592.5
10-06-2019,Monday,June,2019,Q2,46.227,47.0833,46.1803,46.4106,108802310.3
11-06-2019,Tuesday,June,2019,Q2,46.9567,47.2383,46.6565,46.945,111756856.8
12-06-2019,Wednesday,June,2019,Q2,46.7425,47.2303,46.6052,46.7968,75740838.11
13-06-2019,Thursday,June,2019,Q2,46.9183,47.4259,46.6565,46.7899,89937939.79
14-06-2019,Friday,June,2019,Q2,46.1637,46.6527,45.8605,46.4501,77849943.03
17-06-2019,Monday,June,2019,Q2,46.4877,46.9824,46.3119,46.7276,60868999.71
18-06-2019,Tuesday,June,2019,Q2,47.2501,48.2655,47.0435,47.8259,110172272.4
19-06-2019,Wednesday,June,2019,Q2,48.1203,48.1695,47.5524,47.6837,87654116.54
20-06-2019,Thursday,June,2019,Q2,48.2842,48.3436,47.7224,48.0729,89271382.93
21-06-2019,Friday,June,2019,Q2,47.9128,48.4018,47.7518,47.9068,198346521.3
24-06-2019,Monday,June,2019,Q2,47.8477,48.2358,47.7567,47.8576,75604866.53
25-06-2019,Tuesday,June,2019,Q2,47.8209,48.0245,47.0635,47.1316,87430459.78
26-06-2019,Wednesday,June,2019,Q2,47.6591,48.4363,47.5622,48.1499,108166040.9
27-06-2019,Thursday,June,2019,Q2,48.2655,48.5787,48.0956,48.135,86722497.38
28-06-2019,Friday,June,2019,Q2,47.8832,48.0807,47.4871,47.6965,129092294.2
01-07-2019,Monday,July,2019,Q3,48.9607,49.2829,48.3533,48.5738,113349657.6
02-07-2019,Tuesday,July,2019,Q3,48.5389,48.951,48.5269,48.8581,70271968.24
03-07-2019,Wednesday,July,2019,Q3,48.9884,49.2709,48.8492,49.263,47146326.88
05-07-2019,Friday,July,2019,Q3,49.0063,49.4249,48.8964,49.2186,71642540.82
08-07-2019,Monday,July,2019,Q3,48.3918,48.5369,47.816,48.2012,105141565.2
09-07-2019,Tuesday,July,2019,Q3,48.0106,48.5639,47.9148,48.4987,85387602.72
10-07-2019,Wednesday,July,2019,Q3,48.6477,49.098,48.5767,48.9764,74263419.07
11-07-2019,Thursday,July,2019,Q3,48.9964,49.258,48.613,48.623,83785191.49
12-07-2019,Friday,July,2019,Q3,48.7899,49.1623,48.7288,48.9934,73010586.25
15-07-2019,Monday,July,2019,Q3,49.1839,49.6136,49.1623,49.4565,70322604.6
16-07-2019,Tuesday,July,2019,Q3,49.3074,49.6719,49.0426,49.2849,69988139.54
17-07-2019,Wednesday,July,2019,Q3,49.1741,49.4299,48.9864,49.0063,58538272.11
18-07-2019,Thursday,July,2019,Q3,49.1623,49.6156,49.0913,49.5632,77105892.65
19-07-2019,Friday,July,2019,Q3,49.595,49.7627,48.7672,48.8243,86845274.26
22-07-2019,Monday,July,2019,Q3,49.0794,49.9426,49.0694,49.9397,92441335.44
23-07-2019,Tuesday,July,2019,Q3,50.2369,50.3464,49.9573,50.3286,76164169.92
24-07-2019,Wednesday,July,2019,Q3,50.0452,50.4057,49.9287,50.2872,62206871.08
25-07-2019,Thursday,July,2019,Q3,50.3414,50.4275,49.8199,49.8912,57717138.28
26-07-2019,Friday,July,2019,Q3,50.0018,50.546,49.9207,50.0632,73108768.87
29-07-2019,Monday,July,2019,Q3,50.2369,50.7633,50.231,50.5341,89932805.48
30-07-2019,Tuesday,July,2019,Q3,50.309,50.6498,49.9622,50.315,140814827.6
31-07-2019,Wednesday,July,2019,Q3,52.1568,53.351,50.9184,51.341,287480079.9
01-08-2019,Thursday,August,2019,Q3,51.5484,52.5441,49.8219,50.229,224145078.6
02-08-2019,Friday,August,2019,Q3,49.5326,49.7458,48.5933,49.1662,169555645.9
05-08-2019,Monday,August,2019,Q3,47.7124,47.8753,46.4106,46.5954,217402408.4
06-08-2019,Tuesday,August,2019,Q3,47.3094,47.7321,46.7622,47.4752,148653438.2
07-08-2019,Wednesday,August,2019,Q3,47.0931,48.0926,46.7118,47.9712,138444170.7
08-08-2019,Thursday,August,2019,Q3,48.2457,49.0496,48.0569,49.026,112074875.1
09-08-2019,Friday,August,2019,Q3,48.6971,49.0496,48.2091,48.623,101771915.4
12-08-2019,Monday,August,2019,Q3,48.2861,48.88,48.1775,48.4987,92934546.89
13-08-2019,Tuesday,August,2019,Q3,48.63,51.3183,48.5835,50.5538,196517669
14-08-2019,Wednesday,August,2019,Q3,49.1455,49.9397,49.0083,49.0476,151078051.4
15-08-2019,Thursday,August,2019,Q3,49.2186,49.6254,48.299,48.8049,115262898.4
16-08-2019,Friday,August,2019,Q3,49.42,50.1134,49.3122,49.9554,119108365.2
19-08-2019,Monday,August,2019,Q3,50.9478,51.4625,50.8086,50.8837,100995468.6
20-08-2019,Tuesday,August,2019,Q3,51.0112,51.6126,50.8757,50.8857,111278648.4
21-08-2019,Wednesday,August,2019,Q3,51.5248,51.6857,51.1879,51.4409,89143311.78
22-08-2019,Thursday,August,2019,Q3,51.5731,51.8724,50.9796,51.3962,92049633.63
23-08-2019,Friday,August,2019,Q3,50.6665,51.2987,48.626,49.0202,193802026.3
26-08-2019,Monday,August,2019,Q3,49.7984,50.1213,49.6036,49.9524,107750905.2
27-08-2019,Tuesday,August,2019,Q3,50.2823,50.4532,49.2354,49.3913,107053189.1
28-08-2019,Wednesday,August,2019,Q3,49.3766,49.7627,49.1839,49.7165,65964889.62
29-08-2019,Thursday,August,2019,Q3,50.4403,50.6398,49.9948,50.5637,86840416.36
30-08-2019,Friday,August,2019,Q3,50.8385,50.9056,50.1233,50.4995,87480769.11
03-09-2019,Tuesday,September,2019,Q3,49.9377,50.0699,49.4062,49.7587,82921297.4
04-09-2019,Wednesday,September,2019,Q3,50.4135,50.6792,50.1529,50.6072,79437564.9
05-09-2019,Thursday,September,2019,Q3,51.2868,51.7616,51.1672,51.5959,98990883.4
06-09-2019,Friday,September,2019,Q3,51.7816,51.8705,51.4091,51.5899,80038916.75
09-09-2019,Monday,September,2019,Q3,51.9721,52.3573,51.0586,51.8081,112890284.3
10-09-2019,Tuesday,September,2019,Q3,51.7371,52.4404,51.2157,52.4205,131362075.3
11-09-2019,Wednesday,September,2019,Q3,52.7554,54.1184,52.6743,54.0898,183082400
12-09-2019,Thursday,September,2019,Q3,54.3831,54.7752,53.9098,53.9663,133217049.7
13-09-2019,Friday,September,2019,Q3,53.2206,53.4163,52.4985,52.9174,164371585.8
16-09-2019,Monday,September,2019,Q3,52.6743,53.2523,52.633,53.1958,87462500.86
17-09-2019,Tuesday,September,2019,Q3,53.2106,53.4232,53.0052,53.3934,76005094.47
18-09-2019,Wednesday,September,2019,Q3,53.4803,53.9069,53.0823,53.8873,106002176.8
19-09-2019,Thursday,September,2019,Q3,53.7066,54.1292,53.3114,53.4565,91719173.96
20-09-2019,Friday,September,2019,Q3,53.5544,53.836,52.6102,52.6743,239662910.3
23-09-2019,Monday,September,2019,Q3,52.9648,53.1812,52.6546,52.9095,80276005.13
24-09-2019,Tuesday,September,2019,Q3,53.4735,53.8182,52.5411,52.6625,129941861.6
25-09-2019,Wednesday,September,2019,Q3,52.8689,53.584,52.5282,53.4735,92930895.87
26-09-2019,Thursday,September,2019,Q3,53.2206,53.4516,52.9352,53.1929,78906345.8
27-09-2019,Friday,September,2019,Q3,53.3539,53.4565,52.5639,52.9352,104837253
30-09-2019,Monday,September,2019,Q3,53.4417,54.3288,53.4163,54.1797,108794488.9
01-10-2019,Tuesday,October,2019,Q4,54.4502,55.2108,54.2359,54.3317,149588745.8
02-10-2019,Wednesday,October,2019,Q4,53.9593,54.0868,52.7219,52.9668,147852959
03-10-2019,Thursday,October,2019,Q4,52.8402,53.4565,52.0443,53.4232,125470466.9
04-10-2019,Friday,October,2019,Q4,54.5845,55.03,54.1599,54.9126,143670826
07-10-2019,Monday,October,2019,Q4,54.7386,55.6226,54.6338,54.9253,127688569.8
08-10-2019,Tuesday,October,2019,Q4,54.629,55.1711,54.2675,54.2854,121047408.2
09-10-2019,Wednesday,October,2019,Q4,54.9183,55.105,54.5845,54.9183,78662918.26
10-10-2019,Thursday,October,2019,Q4,55.1388,55.7471,54.9847,55.6621,119725783.2
11-10-2019,Friday,October,2019,Q4,56.3506,57.4894,56.1985,57.1406,173577099.7
14-10-2019,Monday,October,2019,Q4,56.8265,57.6058,56.7712,57.0578,100919285.2
15-10-2019,Tuesday,October,2019,Q4,57.186,57.4914,56.8217,56.9262,95243634.66
16-10-2019,Wednesday,October,2019,Q4,56.4532,56.9065,56.4107,56.6992,79726402.35
17-10-2019,Thursday,October,2019,Q4,56.874,57.1269,56.4888,56.9164,71401863.19
18-10-2019,Friday,October,2019,Q4,56.7515,57.4747,56.6794,57.19,100769156.1
21-10-2019,Monday,October,2019,Q4,57.4607,58.2971,57.4124,58.1788,92461618.53
22-10-2019,Tuesday,October,2019,Q4,58.3397,58.5944,57.9662,58.0503,93770023.57
23-10-2019,Wednesday,October,2019,Q4,58.5688,58.8434,58.3536,58.8286,82396187.64
24-10-2019,Thursday,October,2019,Q4,59.1486,59.2197,58.4958,58.9273,74061349.49
25-10-2019,Friday,October,2019,Q4,58.8236,59.6888,58.7555,59.6513,75934108.19
28-10-2019,Monday,October,2019,Q4,59.8567,60.2963,59.686,60.2468,99802162.73
29-10-2019,Tuesday,October,2019,Q4,60.2273,60.4157,58.6834,58.8562,147615719.8
30-10-2019,Wednesday,October,2019,Q4,59.2109,59.3402,58.3516,58.8484,128685845.5
31-10-2019,Thursday,October,2019,Q4,59.8133,60.2765,57.3976,60.1776,143815371.3
01-11-2019,Friday,November,2019,Q4,60.3654,61.9109,60.2745,61.8845,156178650.4
04-11-2019,Monday,November,2019,Q4,62.2499,62.3753,61.7787,62.2913,106725000.5
05-11-2019,Tuesday,November,2019,Q4,62.1808,62.4602,62.0049,62.2003,82569318.39
06-11-2019,Wednesday,November,2019,Q4,62.1146,62.2893,61.7728,62.2281,78401247.79
07-11-2019,Thursday,November,2019,Q4,62.7803,63.1695,62.6281,62.9492,97821252.49
08-11-2019,Friday,November,2019,Q4,62.7673,63.1912,62.32,63.118,72208583.3
11-11-2019,Monday,November,2019,Q4,62.6736,63.686,62.6697,63.6189,84518991.47
12-11-2019,Tuesday,November,2019,Q4,63.4617,63.7649,63.3087,63.5594,90040675.55
13-11-2019,Wednesday,November,2019,Q4,63.358,64.2459,63.3441,64.1709,106404062.2
14-11-2019,Thursday,November,2019,Q4,63.9969,64.2716,63.594,63.7274,92300551.53
15-11-2019,Friday,November,2019,Q4,63.9792,64.4859,63.8173,64.4799,103420482.7
18-11-2019,Monday,November,2019,Q4,64.4899,64.8889,64.1115,64.809,89437596.4
19-11-2019,Tuesday,November,2019,Q4,65.0045,65.0281,64.3942,64.6115,78593019.39
20-11-2019,Wednesday,November,2019,Q4,64.4287,64.559,63.1812,63.8617,109669539.6
21-11-2019,Thursday,November,2019,Q4,63.9812,64.0573,63.3709,63.5714,125078788.4
22-11-2019,Friday,November,2019,Q4,63.7156,63.8588,63.2888,63.5161,67307308.06
25-11-2019,Monday,November,2019,Q4,63.7453,64.646,63.6977,64.63,86670594.4
26-11-2019,Tuesday,November,2019,Q4,64.7691,64.8229,63.6928,64.1264,108536002.7
27-11-2019,Wednesday,November,2019,Q4,64.4385,65.0241,64.3743,64.9888,67134183.37
29-11-2019,Friday,November,2019,Q4,64.6846,65.0281,64.5156,64.8452,48032038.99
02-12-2019,Monday,December,2019,Q4,64.8502,65.0864,63.9229,64.0949,97650071.78
03-12-2019,Tuesday,December,2019,Q4,62.6766,62.9738,62.1828,62.9541,121074831.4
04-12-2019,Wednesday,December,2019,Q4,63.3441,63.8895,63.2505,63.5093,69281960.13
05-12-2019,Thursday,December,2019,Q4,64.0059,64.5126,63.7492,64.4385,76910447.76
06-12-2019,Friday,December,2019,Q4,64.9008,65.7542,64.8582,65.6849,109412255.2
09-12-2019,Monday,December,2019,Q4,65.5132,65.7076,64.2786,64.7635,132636847.6
10-12-2019,Tuesday,December,2019,Q4,65.1724,65.5301,64.5056,65.1428,93276605.58
11-12-2019,Wednesday,December,2019,Q4,65.2237,65.7789,65.1476,65.6998,81287552.82
12-12-2019,Thursday,December,2019,Q4,64.9748,66.1323,64.8622,65.8667,141928070.3
13-12-2019,Friday,December,2019,Q4,65.8667,66.799,65.7373,66.7635,137789234.1
16-12-2019,Monday,December,2019,Q4,67.2079,68.1314,67.2039,67.9062,132218359.5
17-12-2019,Tuesday,December,2019,Q4,67.8351,68.3695,67.6474,68.0367,117771667.3
18-12-2019,Wednesday,December,2019,Q4,67.8914,68.4,67.7265,67.8775,119621709.9
19-12-2019,Thursday,December,2019,Q4,67.8193,68.2243,67.685,67.9437,101496962.1
20-12-2019,Friday,December,2019,Q4,68.479,68.5799,67.5882,67.8046,284510032.2
23-12-2019,Monday,December,2019,Q4,68.0662,68.969,68.0268,68.9107,101706885.6
24-12-2019,Tuesday,December,2019,Q4,69.0774,69.1261,68.645,68.974,49949923.1
26-12-2019,Thursday,December,2019,Q4,69.1093,70.3597,69.0804,70.3419,96168254.51
27-12-2019,Friday,December,2019,Q4,70.6371,71.3265,69.9073,70.3141,150813327.3
30-12-2019,Monday,December,2019,Q4,70.2332,71.0184,69.2041,70.7331,148615303.9
31-12-2019,Tuesday,December,2019,Q4,70.3468,71.2544,70.247,71.2476,104055008.6
02-01-2020,Thursday,January,2020,Q1,71.8775,72.9366,71.6219,72.8761,139763612.8
03-01-2020,Friday,January,2020,Q1,72.1008,72.9327,71.9419,72.17,150982061.8
06-01-2020,Monday,January,2020,Q1,71.2811,72.7805,71.0342,72.7408,122176783.8
07-01-2020,Tuesday,January,2020,Q1,72.7507,73.0105,72.1818,72.4022,114894359.2
08-01-2020,Wednesday,January,2020,Q1,72.1027,73.8678,72.1008,73.5657,136380294.5
09-01-2020,Thursday,January,2020,Q1,74.5463,75.3176,74.2976,75.131,175659491.2
10-01-2020,Friday,January,2020,Q1,75.3602,75.865,74.7933,75.296,145143693.9
13-01-2020,Monday,January,2020,Q1,75.615,76.9346,75.4935,76.9079,125791558.1
14-01-2020,Tuesday,January,2020,Q1,76.8438,77.054,75.7453,75.8679,167548264.2
15-01-2020,Wednesday,January,2020,Q1,75.6664,76.5523,75.1123,75.541,125623240.7
16-01-2020,Thursday,January,2020,Q1,76.0901,76.5986,75.7257,76.4881,112131378.8
17-01-2020,Friday,January,2020,Q1,76.7379,77.3385,76.4308,77.3365,141998444
21-01-2020,Tuesday,January,2020,Q1,76.9641,77.4056,76.6718,76.812,114206745.7
22-01-2020,Wednesday,January,2020,Q1,77.299,77.6427,76.9929,77.0857,104922514.3
23-01-2020,Thursday,January,2020,Q1,77.138,77.5372,76.5869,77.456,107642121.9
24-01-2020,Friday,January,2020,Q1,77.7069,78.4506,77.041,77.2329,150984128.3
27-01-2020,Monday,January,2020,Q1,75.2297,75.6466,73.9745,74.9641,166854010.9
28-01-2020,Tuesday,January,2020,Q1,75.8482,77.2554,75.7492,77.0837,167156853
29-01-2020,Wednesday,January,2020,Q1,78.7242,79.5479,77.9754,78.6964,223172327.3
30-01-2020,Thursday,January,2020,Q1,77.779,78.6353,77.3405,78.5819,130589196.4
31-01-2020,Friday,January,2020,Q1,77.8709,78.2965,74.8031,75.1023,205644797.4
03-02-2020,Monday,February,2020,Q1,73.8362,76.0664,73.3295,74.894,179265113.6
04-02-2020,Tuesday,February,2020,Q1,76.5059,77.5567,76.1,77.3661,140762097.5
05-02-2020,Wednesday,February,2020,Q1,78.4971,78.8002,77.3879,77.9933,122432620.3
06-02-2020,Thursday,February,2020,Q1,78.2689,78.9119,77.7119,78.9089,108624627.5
07-02-2020,Friday,February,2020,Q1,78.4041,78.6551,77.3405,77.8363,120968017.3
10-02-2020,Monday,February,2020,Q1,76.4129,78.2048,76.332,78.2048,112400232.9
11-02-2020,Tuesday,February,2020,Q1,78.7044,78.7775,77.5152,77.7365,96955203.84
12-02-2020,Wednesday,February,2020,Q1,78.185,79.5854,78.185,79.5794,116903934.9
13-02-2020,Thursday,February,2020,Q1,78.8466,79.3405,78.6423,79.0125,97391497.47
14-02-2020,Friday,February,2020,Q1,78.982,79.2822,78.5218,79.0324,82349362.27
18-02-2020,Tuesday,February,2020,Q1,76.6986,77.7691,76.5177,77.5863,157025002.1
19-02-2020,Wednesday,February,2020,Q1,77.8284,78.9404,77.8284,78.7084,96606585.26
20-02-2020,Thursday,February,2020,Q1,78.4674,78.9603,77.3929,77.9034,103372249
21-02-2020,Friday,February,2020,Q1,77.4936,77.935,75.5163,76.1375,133325092.9
24-02-2020,Monday,February,2020,Q1,72.2993,73.9785,70.3439,72.5216,228395664.6
25-02-2020,Tuesday,February,2020,Q1,73.1953,73.5795,69.5913,70.0634,237110387.9
26-02-2020,Wednesday,February,2020,Q1,69.6889,72.4514,69.682,71.1763,204258823.9
27-02-2020,Thursday,February,2020,Q1,68.3695,69.5606,66.3863,66.5235,329552013.9
28-02-2020,Friday,February,2020,Q1,62.5719,67.7146,62.3525,66.4839,438797128.2
02-03-2020,Monday,March,2020,Q1,68.6519,73.3135,67.5458,72.6717,350924037.6
03-03-2020,Tuesday,March,2020,Q1,73.8549,73.935,69.5112,70.3665,328390360.3
04-03-2020,Wednesday,March,2020,Q1,72.0989,73.7927,71.291,73.6308,225294435.5
05-03-2020,Thursday,March,2020,Q1,71.8746,72.8546,70.8742,71.2396,192807092.5
06-03-2020,Friday,March,2020,Q1,68.5839,70.7311,68.4,70.2943,232488443.9
09-03-2020,Monday,March,2020,Q1,64.1482,67.6356,63.9655,64.7339,294746437.3
10-03-2020,Tuesday,March,2020,Q1,67.4016,69.6683,65.5152,69.3986,293251091.2
11-03-2020,Wednesday,March,2020,Q1,67.4638,68.398,66.1206,66.9896,263534150.1
12-03-2020,Thursday,March,2020,Q1,62.248,65.6682,60.3159,60.3734,430151571.8
13-03-2020,Friday,March,2020,Q1,64.4227,68.0791,61.523,67.606,381077397.9
16-03-2020,Monday,March,2020,Q1,58.8464,63.0114,58.3712,58.9095,331420676.1
17-03-2020,Tuesday,March,2020,Q1,60.1976,62.6548,57.9832,61.5012,333098629.8
18-03-2020,Wednesday,March,2020,Q1,58.3141,60.8039,57.669,59.9931,308611633.5
19-03-2020,Thursday,March,2020,Q1,60.1678,61.4972,59.0064,59.5328,279443178.4
20-03-2020,Friday,March,2020,Q1,60.1175,61.2492,55.4508,55.754,412902624.9
23-03-2020,Monday,March,2020,Q1,55.4694,55.5732,51.7103,54.5706,346149909.1
24-03-2020,Tuesday,March,2020,Q1,57.4864,60.2418,56.9846,60.0435,295554640.7
25-03-2020,Wednesday,March,2020,Q1,60.9856,62.8089,59.4153,59.7154,312074045.1
26-03-2020,Thursday,March,2020,Q1,59.9564,62.9146,59.917,62.8553,259608378.1
27-03-2020,Friday,March,2020,Q1,61.4746,62.2301,60.0848,60.2548,209915269.6
30-03-2020,Monday,March,2020,Q1,60.9828,62.1452,60.6588,61.9732,172663817.6
31-03-2020,Tuesday,March,2020,Q1,62.1639,63.8419,61.2919,61.8448,202499338.9
01-04-2020,Wednesday,April,2020,Q2,59.9524,60.4908,58.1569,58.5944,181135923.3
02-04-2020,Thursday,April,2020,Q2,58.4532,59.6237,57.6157,59.5702,170564351.5
03-04-2020,Friday,April,2020,Q2,59.0509,59.759,58.1214,58.716,133504368.4
06-04-2020,Monday,April,2020,Q2,61.0202,63.9909,60.6538,63.837,207452071.6
07-04-2020,Tuesday,April,2020,Q2,65.8617,66.082,62.9936,63.0964,208548888.7
08-04-2020,Wednesday,April,2020,Q2,63.9013,65.0281,63.5319,64.71,173608301.4
09-04-2020,Thursday,April,2020,Q2,65.3502,65.6849,64.3803,65.1804,166640347.3
13-04-2020,Monday,April,2020,Q2,65.2592,66.5688,64.6518,66.4584,134679111.4
14-04-2020,Tuesday,April,2020,Q2,68.0989,70.1047,67.6258,69.8154,200436006.3
15-04-2020,Wednesday,April,2020,Q2,68.6815,69.6405,68.2529,69.1773,134814426.8
16-04-2020,Thursday,April,2020,Q2,69.8924,70.0919,68.6698,69.7285,161509731.3
17-04-2020,Friday,April,2020,Q2,69.2397,69.7876,67.3336,68.7802,221256454.9
20-04-2020,Monday,April,2020,Q2,67.6011,68.5068,67.3316,67.351,133643064.6
21-04-2020,Tuesday,April,2020,Q2,67.1941,67.4291,64.555,65.2731,186042132.4
22-04-2020,Wednesday,April,2020,Q2,66.5463,67.5882,66.2024,67.1498,120323847.5
23-04-2020,Thursday,April,2020,Q2,67.0965,68.5237,66.8534,66.892,128297267.2
24-04-2020,Friday,April,2020,Q2,67.4174,68.8326,67.3679,68.8228,130038952.8
27-04-2020,Monday,April,2020,Q2,68.5353,69.2041,68.086,68.8722,120354899.4
28-04-2020,Tuesday,April,2020,Q2,69.3344,69.5191,67.6633,67.755,115130238.7
29-04-2020,Wednesday,April,2020,Q2,69.2493,70.4525,69.0451,69.9784,141111633.4
30-04-2020,Thursday,April,2020,Q2,70.5246,71.6319,70.1286,71.4559,188172264.6
01-05-2020,Friday,May,2020,Q2,69.6208,72.7182,69.5231,70.3043,247331098.4
04-05-2020,Monday,May,2020,Q2,70.3299,71.4283,69.6366,71.2989,137295155
05-05-2020,Tuesday,May,2020,Q2,71.7621,73.2061,71.617,72.3734,151874171.8
06-05-2020,Wednesday,May,2020,Q2,73.0777,73.7532,72.6865,73.1193,146305573.3
07-05-2020,Thursday,May,2020,Q2,73.7483,74.2225,73.4422,73.8718,118430126.3
08-05-2020,Friday,May,2020,Q2,74.5363,75.6861,74.2076,75.6308,137416558.9
11-05-2020,Monday,May,2020,Q2,75.139,77.3187,74.9276,76.822,149613863.5
12-05-2020,Tuesday,May,2020,Q2,77.5102,77.9618,75.8212,75.9428,166379668.1
13-05-2020,Wednesday,May,2020,Q2,76.1256,77.051,73.9419,75.0283,205664190.5
14-05-2020,Thursday,May,2020,Q2,74.2619,75.5489,73.5359,75.4865,162922955.7
15-05-2020,Friday,May,2020,Q2,73.2445,75.0905,73.212,75.043,170528704
18-05-2020,Monday,May,2020,Q2,76.3735,77.1844,75.6801,76.81,138774404.6
19-05-2020,Tuesday,May,2020,Q2,76.8269,77.6803,76.3339,76.3665,104285996.8
20-05-2020,Wednesday,May,2020,Q2,77.2289,77.9202,77.1122,77.851,114306974.6
21-05-2020,Thursday,May,2020,Q2,77.7138,78.2571,77.0313,77.2704,105269410.6
22-05-2020,Friday,May,2020,Q2,77.0077,77.851,76.9049,77.7691,83858722.14
26-05-2020,Tuesday,May,2020,Q2,78.8942,79.0737,77.1844,77.2408,128676174.3
27-05-2020,Wednesday,May,2020,Q2,77.0966,77.7267,76.3537,77.5795,115783401.4
28-05-2020,Thursday,May,2020,Q2,77.2505,78.8792,76.973,77.6141,137158710.6
29-05-2020,Friday,May,2020,Q2,77.856,78.3192,77.1775,77.5372,157458043.7
01-06-2020,Monday,June,2020,Q2,77.4906,78.6106,77.3584,78.4902,83054605.13
02-06-2020,Tuesday,June,2020,Q2,78.2214,78.8792,77.779,78.8546,89845277.23
03-06-2020,Wednesday,June,2020,Q2,79.1756,79.5499,78.5988,79.286,107117075.9
04-06-2020,Thursday,June,2020,Q2,79.1094,79.4087,78.2293,78.6037,89760748.97
05-06-2020,Friday,June,2020,Q2,78.8566,80.904,78.8271,80.8438,140699294.1
08-06-2020,Monday,June,2020,Q2,80.5396,81.3552,79.8225,81.3219,98058328.71
09-06-2020,Tuesday,June,2020,Q2,80.9998,84.2857,80.9672,83.8887,151424366.6
10-06-2020,Wednesday,June,2020,Q2,84.8417,86.517,84.4013,86.0468,170839703.7
11-06-2020,Thursday,June,2020,Q2,85.1865,85.6152,81.8136,81.9174,206730221
12-06-2020,Friday,June,2020,Q2,84.0674,84.8171,81.5074,82.6237,205175711.4
15-06-2020,Monday,June,2020,Q2,81.2693,84.3025,81.1054,83.6458,142297182.5
16-06-2020,Tuesday,June,2020,Q2,85.7111,86.1347,84.0674,85.8622,169585944.5
17-06-2020,Wednesday,June,2020,Q2,86.6108,86.672,85.621,85.7426,117281534.8
18-06-2020,Thursday,June,2020,Q2,85.6991,86.1959,85.1648,85.7772,99253477.26
19-06-2020,Friday,June,2020,Q2,86.4853,86.9565,84.1723,85.2863,271122069.5
22-06-2020,Monday,June,2020,Q2,85.6823,87.6607,85.6359,87.5185,138848997.3
23-06-2020,Tuesday,June,2020,Q2,88.7678,90.8143,88.347,89.3871,217486934.6
24-06-2020,Wednesday,June,2020,Q2,89.0118,89.9372,87.4326,87.807,197464011.7
25-06-2020,Thursday,June,2020,Q2,87.9639,89.0118,87.2003,88.9721,140978446.1
26-06-2020,Friday,June,2020,Q2,88.8685,89.0898,86.0903,86.2414,210414938.7
29-06-2020,Monday,June,2020,Q2,86.1466,88.3224,85.6675,88.2285,133929206.8
30-06-2020,Tuesday,June,2020,Q2,87.813,89.2528,87.793,88.9625,143747089.3
01-07-2020,Wednesday,July,2020,Q3,89.0412,89.5885,88.748,88.7945,113520059.7
02-07-2020,Thursday,July,2020,Q3,89.7091,90.346,88.6838,88.7945,116907325.7
06-07-2020,Monday,July,2020,Q3,90.2307,91.64,90.1999,91.1709,121637462.8
07-07-2020,Tuesday,July,2020,Q3,91.5509,92.3343,90.7767,90.8893,115249677.4
08-07-2020,Wednesday,July,2020,Q3,91.8701,93.0355,91.7812,93.004,120034393.4
09-07-2020,Thursday,July,2020,Q3,93.9047,93.9569,92.3512,93.3379,128800000.1
10-07-2020,Friday,July,2020,Q3,92.996,93.6271,92.3837,93.5678,92525481.99
13-07-2020,Monday,July,2020,Q3,94.8794,97.5106,92.9198,93.1362,196465273
14-07-2020,Tuesday,July,2020,Q3,92.515,94.8695,91.5767,94.678,175286318.9
15-07-2020,Wednesday,July,2020,Q3,96.5635,96.8162,94.127,95.3308,157047789.1
16-07-2020,Thursday,July,2020,Q3,94.1942,95.0177,93.5521,94.1564,113356484.7
17-07-2020,Friday,July,2020,Q3,94.6089,94.767,93.4898,93.9669,94503553.22
20-07-2020,Monday,July,2020,Q3,94.0518,96.0864,93.7081,95.9461,92587591.82
21-07-2020,Tuesday,July,2020,Q3,96.7441,96.8182,94.371,94.6219,106250450.1
22-07-2020,Wednesday,July,2020,Q3,94.3215,95.5728,94.2326,94.8874,91238259.13
23-07-2020,Thursday,July,2020,Q3,94.6219,94.6979,89.7544,90.5682,201955143.8
24-07-2020,Friday,July,2020,Q3,88.7549,90.6907,86.9614,90.344,190098935
27-07-2020,Monday,July,2020,Q3,91.4147,92.5792,91.1876,92.4864,124260299.2
28-07-2020,Tuesday,July,2020,Q3,92.0557,92.2316,90.9613,90.9663,106229605.1
29-07-2020,Wednesday,July,2020,Q3,91.4534,92.8935,91.4177,92.7126,92599228.3
30-07-2020,Thursday,July,2020,Q3,91.8781,93.9382,91.469,93.8336,162103819.5
31-07-2020,Friday,July,2020,Q3,100.368,103.813,98.3423,103.664,383701494.8
03-08-2020,Monday,August,2020,Q3,105.533,108.9,105.235,106.263,315895219.4
04-08-2020,Tuesday,August,2020,Q3,106.461,108.081,105.721,106.975,177134629.1
05-08-2020,Wednesday,August,2020,Q3,106.698,107.696,106.225,107.36,125057604.2
06-08-2020,Thursday,August,2020,Q3,107.706,111.606,107.104,111.112,207515926
07-08-2020,Friday,August,2020,Q3,110.64,111.092,107.785,108.575,202657092
10-08-2020,Monday,August,2020,Q3,110.047,111.192,107.498,110.173,217349226.6
11-08-2020,Tuesday,August,2020,Q3,109.423,109.929,106.629,106.896,192277672.5
12-08-2020,Wednesday,August,2020,Q3,107.991,110.71,107.795,110.451,169808836.8
13-08-2020,Thursday,August,2020,Q3,111.824,113.395,111.342,112.386,214973813
14-08-2020,Friday,August,2020,Q3,112.219,112.376,110.481,112.289,169420384.1
17-08-2020,Monday,August,2020,Q3,113.414,113.444,111.362,112.002,122345426.2
18-08-2020,Tuesday,August,2020,Q3,111.744,113.355,111.41,112.921,108093210.9
19-08-2020,Wednesday,August,2020,Q3,113.335,114.502,112.97,113.068,148926850.4
20-08-2020,Thursday,August,2020,Q3,113.107,115.696,113.088,115.586,129862215.5
21-08-2020,Friday,August,2020,Q3,116.546,122.017,116.536,121.532,345926223
24-08-2020,Monday,August,2020,Q3,125.768,125.848,121.129,122.995,353992907.7
25-08-2020,Tuesday,August,2020,Q3,121.859,122.323,120.25,121.977,216420453.5
26-08-2020,Wednesday,August,2020,Q3,123.311,124.11,122.224,123.646,166818231.7
27-08-2020,Thursday,August,2020,Q3,124.258,124.575,121.02,122.154,159174412
28-08-2020,Friday,August,2020,Q3,123.143,123.567,121.741,121.967,191998866.8
31-08-2020,Monday,August,2020,Q3,124.674,128.002,123.133,126.106,230958162
01-09-2020,Tuesday,September,2020,Q3,129.74,131.725,127.577,131.122,156020400.1
02-09-2020,Wednesday,September,2020,Q3,134.47,134.838,124.12,128.397,204778749.7
03-09-2020,Thursday,September,2020,Q3,124.031,125.907,117.76,118.126,263597832.3
04-09-2020,Friday,September,2020,Q3,117.346,120.891,108.358,118.204,340351900.9
08-09-2020,Tuesday,September,2020,Q3,111.362,116.287,110.126,110.261,236753920.5
09-09-2020,Wednesday,September,2020,Q3,114.597,116.426,112.634,114.657,181060503.4
10-09-2020,Thursday,September,2020,Q3,117.631,117.76,109.949,110.914,186518638.9
11-09-2020,Friday,September,2020,Q3,111.963,112.604,107.498,109.453,185071646
14-09-2020,Monday,September,2020,Q3,112.111,113.285,110.242,112.734,143413473.8
15-09-2020,Tuesday,September,2020,Q3,115.636,116.119,111.022,112.901,188941418.5
16-09-2020,Wednesday,September,2020,Q3,112.604,113.355,109.493,109.581,158636463
17-09-2020,Thursday,September,2020,Q3,107.22,109.65,106.235,107.834,182155942.5
18-09-2020,Friday,September,2020,Q3,107.892,108.348,103.684,104.415,293790102.4
21-09-2020,Monday,September,2020,Q3,102.155,107.686,100.761,107.576,200271000.8
22-09-2020,Tuesday,September,2020,Q3,110.126,110.301,106.678,109.268,187317807.9
23-09-2020,Wednesday,September,2020,Q3,109.078,109.561,104.346,104.674,154228148.1
24-09-2020,Thursday,September,2020,Q3,102.778,107.746,102.609,105.749,171649241.6
25-09-2020,Friday,September,2020,Q3,105.956,109.889,105.206,109.73,153473751.1
28-09-2020,Monday,September,2020,Q3,112.386,112.694,110.222,112.337,140878096.8
29-09-2020,Tuesday,September,2020,Q3,111.943,112.684,110.983,111.488,102390429.9
30-09-2020,Wednesday,September,2020,Q3,111.202,114.597,111.032,113.166,145997367
01-10-2020,Thursday,October,2020,Q4,114.956,115.034,113.185,114.135,118824297.6
02-10-2020,Friday,October,2020,Q4,110.331,112.734,109.67,110.461,148081596.2
05-10-2020,Monday,October,2020,Q4,111.322,113.996,110.964,113.847,108717722.4
06-10-2020,Tuesday,October,2020,Q4,113.058,113.474,109.7,110.601,165258687
07-10-2020,Wednesday,October,2020,Q4,112.012,112.911,111.528,112.455,99104108.5
08-10-2020,Thursday,October,2020,Q4,113.603,113.751,111.982,112.347,85420913.45
09-10-2020,Friday,October,2020,Q4,112.654,114.344,112.298,114.314,102847161.5
12-10-2020,Monday,October,2020,Q4,117.336,122.323,116.576,121.561,245820436.5
13-10-2020,Tuesday,October,2020,Q4,122.412,122.53,116.929,118.342,268438798.9
14-10-2020,Wednesday,October,2020,Q4,118.244,120.23,116.899,118.431,154579784.9
15-10-2020,Thursday,October,2020,Q4,116.022,118.441,115.457,117.966,115180153.1
16-10-2020,Friday,October,2020,Q4,118.521,118.778,116.109,116.317,118080745.3
19-10-2020,Monday,October,2020,Q4,117.237,117.68,113.02,113.335,123448417.4
20-10-2020,Tuesday,October,2020,Q4,113.554,116.277,112.99,114.836,127320927.7
21-10-2020,Wednesday,October,2020,Q4,114.016,116.003,113.799,114.215,92040367.37
22-10-2020,Thursday,October,2020,Q4,114.786,115.347,111.982,113.107,104362737
23-10-2020,Friday,October,2020,Q4,113.741,113.896,111.675,112.415,84495342.87
26-10-2020,Monday,October,2020,Q4,111.41,113.896,110.321,112.425,114455091.9
27-10-2020,Tuesday,October,2020,Q4,112.852,114.617,111.933,113.946,94425429.94
28-10-2020,Wednesday,October,2020,Q4,112.425,112.792,108.565,108.663,147289406.2
29-10-2020,Thursday,October,2020,Q4,109.82,114.275,109.65,112.694,149531782.4
30-10-2020,Friday,October,2020,Q4,108.525,109.443,105.255,106.383,195010966.9
02-11-2020,Monday,November,2020,Q4,106.629,108.17,104.872,106.293,125727847.5
03-11-2020,Tuesday,November,2020,Q4,107.162,108.95,106.253,107.932,110130477.1
04-11-2020,Wednesday,November,2020,Q4,111.537,112.951,109.8,112.327,141454287.4
05-11-2020,Thursday,November,2020,Q4,115.263,116.899,114.215,116.317,129329989
06-11-2020,Friday,November,2020,Q4,115.825,116.695,113.682,116.188,116921350.6
09-11-2020,Monday,November,2020,Q4,117.966,119.419,113.603,113.866,157840883.2
10-11-2020,Tuesday,November,2020,Q4,113.107,115.104,111.724,113.524,140994009
11-11-2020,Wednesday,November,2020,Q4,114.726,117.118,113.986,116.979,114711831.6
12-11-2020,Thursday,November,2020,Q4,117.108,117.996,116.071,116.705,105575048.2
13-11-2020,Friday,November,2020,Q4,116.929,117.157,115.377,116.753,83446736.23
16-11-2020,Monday,November,2020,Q4,116.416,118.441,115.656,117.77,93145512.15
17-11-2020,Tuesday,November,2020,Q4,117.039,118.126,116.456,116.879,75869477.27
18-11-2020,Wednesday,November,2020,Q4,116.109,117.306,115.507,115.537,77964759.75
19-11-2020,Thursday,November,2020,Q4,115.104,116.556,114.354,116.139,75708074.12
20-11-2020,Friday,November,2020,Q4,116.149,116.267,114.816,114.866,75188440.88
23-11-2020,Monday,November,2020,Q4,114.716,115.134,111.362,111.449,130713333.1
24-11-2020,Tuesday,November,2020,Q4,111.508,113.404,110.222,112.734,116325084.5
25-11-2020,Wednesday,November,2020,Q4,113.097,114.294,112.734,113.583,78145694.74
27-11-2020,Friday,November,2020,Q4,114.115,115.004,113.77,114.135,47696248.59
30-11-2020,Monday,November,2020,Q4,114.512,118.422,114.354,116.546,173056320.3
01-12-2020,Tuesday,December,2020,Q4,118.461,120.871,117.493,120.13,130925283.5
02-12-2020,Wednesday,December,2020,Q4,119.449,120.772,118.342,120.486,90919795.37
03-12-2020,Thursday,December,2020,Q4,120.921,121.178,119.638,120.348,80667217.9
04-12-2020,Friday,December,2020,Q4,120.01,120.27,118.955,119.676,79944787.11
07-12-2020,Monday,December,2020,Q4,119.735,121.937,119.676,121.148,88482306.38
08-12-2020,Tuesday,December,2020,Q4,121.741,122.342,120.496,121.751,83773767.63
09-12-2020,Wednesday,December,2020,Q4,121.898,123.301,118.451,119.211,117348865
10-12-2020,Thursday,December,2020,Q4,117.966,121.266,117.631,120.643,83061880.84
11-12-2020,Friday,December,2020,Q4,119.853,120.17,118.016,119.834,88810955.72
14-12-2020,Monday,December,2020,Q4,120.01,120.752,118.975,119.211,80777907.74
15-12-2020,Tuesday,December,2020,Q4,121.711,125.196,121.503,125.176,160963624.6
16-12-2020,Wednesday,December,2020,Q4,124.723,125.662,123.904,125.108,100322293.1
17-12-2020,Thursday,December,2020,Q4,126.186,126.857,125.336,125.987,96390678.06
18-12-2020,Friday,December,2020,Q4,126.245,126.382,123.468,124.001,196685486.3
21-12-2020,Monday,December,2020,Q4,122.382,125.603,120.841,125.524,123861199.1
22-12-2020,Tuesday,December,2020,Q4,128.832,131.568,126.926,129.099,172996714.3
23-12-2020,Wednesday,December,2020,Q4,129.373,129.643,128.012,128.19,90122495.42
24-12-2020,Thursday,December,2020,Q4,128.545,130.65,128.328,129.188,56112301.14
28-12-2020,Monday,December,2020,Q4,131.162,134.46,130.699,133.819,127165502.2
29-12-2020,Tuesday,December,2020,Q4,135.143,135.865,131.509,132.022,123652575.7
30-12-2020,Wednesday,December,2020,Q4,132.684,133.128,130.59,130.906,98528023.19
31-12-2020,Thursday,December,2020,Q4,131.251,131.893,128.94,129.899,101249830.9
04-01-2021,Monday,January,2021,Q1,130.709,130.797,124.1,126.688,146386113.3
05-01-2021,Tuesday,January,2021,Q1,126.176,128.96,125.719,128.239,99766897.9
06-01-2021,Wednesday,January,2021,Q1,125.019,128.279,123.726,123.942,158425863.2
07-01-2021,Thursday,January,2021,Q1,125.652,128.852,125.156,128.151,111936561.6
08-01-2021,Friday,January,2021,Q1,129.643,129.84,127.499,129.266,107421522.8
11-01-2021,Monday,January,2021,Q1,126.47,127.439,125.788,126.265,102786501.6
12-01-2021,Tuesday,January,2021,Q1,125.788,126.966,124.199,126.086,93930171.24
13-01-2021,Wednesday,January,2021,Q1,126.047,128.673,125.778,128.121,90544524.16
14-01-2021,Thursday,January,2021,Q1,128.032,128.229,126.047,126.196,92163560.38
15-01-2021,Friday,January,2021,Q1,126.066,127.489,124.328,124.456,114000419.7
19-01-2021,Tuesday,January,2021,Q1,125.079,125.997,124.278,125.127,92710662.32
20-01-2021,Wednesday,January,2021,Q1,125.947,129.7,125.838,129.246,106564714.1
21-01-2021,Thursday,January,2021,Q1,130.984,136.723,130.777,133.998,123123650.9
22-01-2021,Friday,January,2021,Q1,133.416,136.901,132.171,136.13,116922819.8
25-01-2021,Monday,January,2021,Q1,140.061,142.026,133.67,139.913,161003923.5
26-01-2021,Tuesday,January,2021,Q1,140.585,141.256,138.382,140.151,100508174.1
27-01-2021,Wednesday,January,2021,Q1,140.416,141.256,137.453,139.063,143875081.5
28-01-2021,Thursday,January,2021,Q1,136.575,138.993,133.829,134.215,145690702.7
29-01-2021,Friday,January,2021,Q1,132.969,133.869,127.479,129.178,181344582.1
01-02-2021,Monday,February,2021,Q1,130.935,132.526,128.161,131.311,108526378
02-02-2021,Tuesday,February,2021,Q1,132.872,133.446,131.764,132.141,85098313.69
03-02-2021,Wednesday,February,2021,Q1,132.9,132.91,130.797,131.112,91815407.55
04-02-2021,Thursday,February,2021,Q1,133.436,134.51,131.745,134.5,85994897.85
05-02-2021,Friday,February,2021,Q1,134.66,134.728,133.198,134.086,77207582.52
08-02-2021,Monday,February,2021,Q1,133.366,134.283,132.268,134.233,72723042.75
09-02-2021,Tuesday,February,2021,Q1,133.949,135.173,133.188,133.346,78309572.4
10-02-2021,Wednesday,February,2021,Q1,133.809,134.313,131.754,132.733,74507374.11
11-02-2021,Thursday,February,2021,Q1,133.238,133.72,131.142,132.477,65565525.33
12-02-2021,Friday,February,2021,Q1,131.706,132.872,131.084,132.713,61347934.12
16-02-2021,Tuesday,February,2021,Q1,132.832,133.346,130.184,130.58,82187711.06
17-02-2021,Wednesday,February,2021,Q1,128.673,129.633,126.936,128.269,100046795.1
18-02-2021,Thursday,February,2021,Q1,126.668,127.449,124.9,127.171,98793724.37
19-02-2021,Friday,February,2021,Q1,127.696,128.141,126.275,127.331,89422066.92
22-02-2021,Monday,February,2021,Q1,125.494,127.181,123.143,123.537,105994577.1
23-02-2021,Tuesday,February,2021,Q1,121.336,124.239,116.071,123.399,161438222.5
24-02-2021,Wednesday,February,2021,Q1,122.491,123.105,119.834,122.895,113260521.5
25-02-2021,Thursday,February,2021,Q1,122.234,123.981,118.175,118.608,151163289.4
26-02-2021,Friday,February,2021,Q1,120.18,122.402,118.817,118.877,167851333.2
01-03-2021,Monday,March,2021,Q1,121.326,125.415,120.378,125.276,118633860.4
02-03-2021,Tuesday,March,2021,Q1,125.888,126.196,122.56,122.669,104305996.4
03-03-2021,Wednesday,March,2021,Q1,122.362,123.251,119.449,119.667,115225482.1
04-03-2021,Thursday,March,2021,Q1,119.359,121.178,116.297,117.78,181717782.8
05-03-2021,Friday,March,2021,Q1,118.598,119.549,115.263,119.034,156841681.7
08-03-2021,Monday,March,2021,Q1,118.55,118.618,113.926,114.075,157463888.8
09-03-2021,Tuesday,March,2021,Q1,116.705,119.667,116.466,118.708,132116084.4
10-03-2021,Wednesday,March,2021,Q1,119.299,119.774,117.118,117.641,114182010.7
11-03-2021,Thursday,March,2021,Q1,120.13,120.791,118.877,119.569,105086876.9
12-03-2021,Friday,March,2021,Q1,118.046,118.788,116.83,118.648,89867007.17
15-03-2021,Monday,March,2021,Q1,119.024,121.561,118.066,121.552,94442214.9
16-03-2021,Tuesday,March,2021,Q1,123.241,124.723,122.263,123.114,117532306.9
17-03-2021,Wednesday,March,2021,Q1,121.611,123.399,119.942,122.313,114171106.3
18-03-2021,Thursday,March,2021,Q1,120.466,120.762,117.966,118.165,123898951.6
19-03-2021,Friday,March,2021,Q1,117.562,119.044,117.336,117.641,189260210.3
22-03-2021,Monday,March,2021,Q1,117.976,121.443,117.909,120.97,114150347.3
23-03-2021,Tuesday,March,2021,Q1,120.911,121.8,119.744,120.13,97376329.45
24-03-2021,Wednesday,March,2021,Q1,120.407,120.486,117.71,117.74,90300950.83
25-03-2021,Thursday,March,2021,Q1,117.207,119.269,116.675,118.224,100821414.4
26-03-2021,Friday,March,2021,Q1,117.996,119.094,116.596,118.827,95952505.25
29-03-2021,Monday,March,2021,Q1,119.26,120.17,118.362,119.004,82435454.81
30-03-2021,Tuesday,March,2021,Q1,117.76,118.046,116.536,117.562,87385217.93
31-03-2021,Wednesday,March,2021,Q1,119.26,121.099,118.768,119.754,120690107.6
01-04-2021,Thursday,April,2021,Q2,121.236,121.741,120.08,120.584,76590794.33
05-04-2021,Monday,April,2021,Q2,121.443,123.696,120.653,123.438,90424052.71
06-04-2021,Tuesday,April,2021,Q2,124.031,124.634,123.191,123.746,81774547.62
07-04-2021,Wednesday,April,2021,Q2,123.369,125.405,122.688,125.385,85135914.32
08-04-2021,Thursday,April,2021,Q2,126.42,127.832,125.997,127.805,90621339.32
09-04-2021,Friday,April,2021,Q2,127.261,130.432,126.936,130.392,108820263.7
12-04-2021,Monday,April,2021,Q2,129.929,130.244,128.062,128.663,93248232.73
13-04-2021,Tuesday,April,2021,Q2,129.85,132.012,129.344,131.784,93091725.95
14-04-2021,Wednesday,April,2021,Q2,132.287,132.347,129.069,129.443,88967095.98
15-04-2021,Thursday,April,2021,Q2,131.192,132.347,131.024,131.853,91133898.33
16-04-2021,Friday,April,2021,Q2,131.657,132.022,130.669,131.528,86620694.12
19-04-2021,Monday,April,2021,Q2,130.896,132.812,130.728,132.19,96149345.35
20-04-2021,Tuesday,April,2021,Q2,132.367,132.872,129.228,130.5,96708440.16
21-04-2021,Wednesday,April,2021,Q2,129.77,131.122,128.722,130.887,70223966.36
22-04-2021,Thursday,April,2021,Q2,130.432,131.518,128.832,129.354,86257647.64
23-04-2021,Friday,April,2021,Q2,129.573,132.467,129.573,131.677,80331786.93
26-04-2021,Monday,April,2021,Q2,132.181,132.407,130.944,132.072,68243061.18
27-04-2021,Tuesday,April,2021,Q2,132.357,132.753,131.479,131.745,67336013
28-04-2021,Wednesday,April,2021,Q2,131.667,132.367,130.471,130.964,109915122.7
29-04-2021,Thursday,April,2021,Q2,133.799,134.392,129.86,130.867,154122724.2
30-04-2021,Friday,April,2021,Q2,129.198,130.944,128.487,128.882,112036075.7
03-05-2021,Monday,May,2021,Q2,129.453,131.44,129.246,129.948,76637679.44
04-05-2021,Tuesday,May,2021,Q2,128.613,128.912,124.229,125.336,140315787.3
05-05-2021,Wednesday,May,2021,Q2,126.668,127.892,125.455,125.583,85680780.69
06-05-2021,Thursday,May,2021,Q2,125.375,127.211,124.634,127.201,79690773.03
07-05-2021,Friday,May,2021,Q2,128.497,128.902,127.151,127.872,80416016.51
10-05-2021,Monday,May,2021,Q2,127.092,127.221,124.535,124.575,89680181.55
11-05-2021,Tuesday,May,2021,Q2,121.286,124.011,120.564,123.656,128447299.2
12-05-2021,Wednesday,May,2021,Q2,121.188,122.402,120.05,120.564,114221530
13-05-2021,Thursday,May,2021,Q2,122.342,123.895,122.027,122.727,107795294.5
14-05-2021,Friday,May,2021,Q2,123.991,125.593,123.597,125.156,83414490.63
17-05-2021,Monday,May,2021,Q2,124.545,124.654,122.925,124.011,75600980.62
18-05-2021,Tuesday,May,2021,Q2,124.298,124.713,122.54,122.61,64500124.61
19-05-2021,Wednesday,May,2021,Q2,120.95,122.678,120.653,122.452,94303895.38
20-05-2021,Thursday,May,2021,Q2,122.985,125.425,122.856,125.019,78261207.04
21-05-2021,Friday,May,2021,Q2,125.524,125.701,122.965,123.182,80744064.44
24-05-2021,Monday,May,2021,Q2,123.756,125.642,123.686,124.823,64245574.93
25-05-2021,Tuesday,May,2021,Q2,125.524,126.017,124.061,124.625,73325006.15
26-05-2021,Wednesday,May,2021,Q2,124.683,125.098,124.159,124.575,57609491.97
27-05-2021,Thursday,May,2021,Q2,124.179,125.345,122.836,123.035,96354293.43
28-05-2021,Friday,May,2021,Q2,123.321,123.547,122.313,122.372,72613873.66
01-06-2021,Tuesday,June,2021,Q2,122.836,123.105,121.711,122.047,68872764.62
02-06-2021,Wednesday,June,2021,Q2,122.057,122.995,121.82,122.817,60361812.94
03-06-2021,Thursday,June,2021,Q2,122.442,122.61,120.921,121.326,77621782.74
04-06-2021,Friday,June,2021,Q2,121.84,123.904,121.621,123.636,76542594.01
07-06-2021,Monday,June,2021,Q2,123.913,124.061,122.6,123.646,72355683.09
08-06-2021,Tuesday,June,2021,Q2,124.338,126.156,123.952,124.466,75763038.85
09-06-2021,Wednesday,June,2021,Q2,124.92,125.455,124.258,124.851,57917025.95
10-06-2021,Thursday,June,2021,Q2,124.743,125.888,123.686,123.855,72486909.15
11-06-2021,Friday,June,2021,Q2,124.268,125.146,123.845,125.059,54500159.93
14-06-2021,Monday,June,2021,Q2,125.524,128.19,124.793,128.131,98676850.27
15-06-2021,Tuesday,June,2021,Q2,127.617,128.249,127.073,127.321,63892629
16-06-2021,Wednesday,June,2021,Q2,128.022,128.535,126.156,127.813,93492373.06
17-06-2021,Thursday,June,2021,Q2,127.479,130.174,127.331,129.423,98488653.75
18-06-2021,Friday,June,2021,Q2,128.357,129.149,127.902,128.111,110943751
21-06-2021,Monday,June,2021,Q2,127.962,130.036,126.897,129.929,81118665.39
22-06-2021,Tuesday,June,2021,Q2,129.76,131.667,129.256,131.578,76149822
23-06-2021,Wednesday,June,2021,Q2,131.37,131.903,130.847,131.301,61314238.64
24-06-2021,Thursday,June,2021,Q2,132.032,132.22,130.55,131.024,69966262.8
25-06-2021,Friday,June,2021,Q2,131.074,131.489,130.432,130.728,72076876.32
28-06-2021,Monday,June,2021,Q2,131.024,132.812,130.964,132.357,63245998.85
29-06-2021,Tuesday,June,2021,Q2,132.377,134.048,131.933,133.889,65735440.44
30-06-2021,Wednesday,June,2021,Q2,133.729,134.945,133.436,134.51,64417099.89
01-07-2021,Thursday,July,2021,Q3,134.156,134.866,133.326,134.808,53444631.94
02-07-2021,Friday,July,2021,Q3,135.429,137.493,135.28,137.453,80387809.71
06-07-2021,Tuesday,July,2021,Q3,137.562,140.585,137.562,139.47,110158139.1
07-07-2021,Wednesday,July,2021,Q3,140.962,142.294,140.101,141.977,106828192.9
08-07-2021,Thursday,July,2021,Q3,139.033,141.473,138.135,140.673,107504191.1
09-07-2021,Friday,July,2021,Q3,140.191,143.044,140.091,142.512,101715681
12-07-2021,Monday,July,2021,Q3,143.587,143.696,141.413,141.907,77693619.51
13-07-2021,Tuesday,July,2021,Q3,141.473,144.811,141.06,143.034,102669083.8
14-07-2021,Wednesday,July,2021,Q3,145.436,146.888,145.028,146.471,129371844.1
15-07-2021,Thursday,July,2021,Q3,146.56,147.31,144.457,145.809,108771769.8
16-07-2021,Friday,July,2021,Q3,145.789,147.074,143.263,143.766,94955012.86
19-07-2021,Monday,July,2021,Q3,141.167,141.483,139.123,139.894,123653030.3
20-07-2021,Tuesday,July,2021,Q3,140.892,144.467,140.396,143.527,98110229.67
21-07-2021,Wednesday,July,2021,Q3,142.926,143.507,142.036,142.796,76363496.68
22-07-2021,Thursday,July,2021,Q3,143.319,145.523,143.204,144.17,78751027.68
23-07-2021,Friday,July,2021,Q3,144.899,146.047,144.287,145.889,72752672.09
26-07-2021,Monday,July,2021,Q3,145.601,147.143,145.048,146.314,73757370.33
27-07-2021,Tuesday,July,2021,Q3,146.451,146.531,142.946,144.14,106733483.1
28-07-2021,Wednesday,July,2021,Q3,142.244,144.337,139.983,142.384,121103916
29-07-2021,Thursday,July,2021,Q3,142.095,143.925,141.987,143.034,57735304.27
30-07-2021,Friday,July,2021,Q3,141.791,143.706,141.523,143.243,71727488.25
02-08-2021,Monday,August,2021,Q3,143.736,144.317,142.648,142.916,64028699.8
03-08-2021,Tuesday,August,2021,Q3,143.204,145.377,142.58,144.714,65970189.97
04-08-2021,Wednesday,August,2021,Q3,144.626,145.128,143.656,144.317,57398049.82
05-08-2021,Thursday,August,2021,Q3,144.347,145.178,143.547,144.427,47245301.27
06-08-2021,Friday,August,2021,Q3,143.944,144.686,143.234,143.736,55033190.36
09-08-2021,Monday,August,2021,Q3,143.796,144.287,143.134,143.686,49727686.86
10-08-2021,Tuesday,August,2021,Q3,144.032,145.267,142.916,143.214,70178902.71
11-08-2021,Wednesday,August,2021,Q3,143.646,144.307,143.144,143.458,49305507.25
12-08-2021,Thursday,August,2021,Q3,143.786,146.589,143.439,146.432,75014576.07
13-08-2021,Friday,August,2021,Q3,146.511,146.986,145.819,146.638,60369269.89
16-08-2021,Monday,August,2021,Q3,146.087,148.703,144.06,148.633,105292919.5
17-08-2021,Tuesday,August,2021,Q3,147.755,149.186,146.628,147.717,93774161.6
18-08-2021,Wednesday,August,2021,Q3,147.33,148.24,143.746,143.954,87771556.61
19-08-2021,Thursday,August,2021,Q3,142.648,145.553,142.124,144.287,88416498.95
20-08-2021,Friday,August,2021,Q3,145.008,146.047,144.367,145.74,61563559.85
23-08-2021,Monday,August,2021,Q3,145.859,147.717,145.445,147.241,61138743.74
24-08-2021,Tuesday,August,2021,Q3,146.986,148.379,146.688,147.153,49420363.46
25-08-2021,Wednesday,August,2021,Q3,147.34,147.842,145.357,145.908,59979132.37
26-08-2021,Thursday,August,2021,Q3,145.918,146.658,145.078,145.098,49410976.72
27-08-2021,Friday,August,2021,Q3,145.048,146.294,144.417,146.147,56736823.69
30-08-2021,Monday,August,2021,Q3,146.54,150.965,146.157,150.609,92479833.12
31-08-2021,Tuesday,August,2021,Q3,150.155,150.294,148.803,149.335,87900812.37
01-09-2021,Wednesday,September,2021,Q3,150.324,152.417,149.84,150.006,81658599.95
02-09-2021,Thursday,September,2021,Q3,151.331,152.159,149.897,151.124,72363111.69
03-09-2021,Friday,September,2021,Q3,151.233,152.071,150.581,151.755,58835059.6
07-09-2021,Tuesday,September,2021,Q3,152.407,154.669,151.845,154.107,83656046.08
08-09-2021,Wednesday,September,2021,Q3,154.39,154.45,151.428,152.546,75666406.34
09-09-2021,Thursday,September,2021,Q3,152.92,153.534,151.408,151.528,58265339.77
10-09-2021,Friday,September,2021,Q3,152.437,152.91,146.245,146.511,143252554.6
13-09-2021,Monday,September,2021,Q3,148.151,148.932,146.294,147.083,104119134.3
14-09-2021,Tuesday,September,2021,Q3,147.872,148.584,144.497,145.67,111126508.4
15-09-2021,Wednesday,September,2021,Q3,146.107,146.976,143.964,146.569,84675897.16
16-09-2021,Thursday,September,2021,Q3,145.988,146.511,144.792,146.332,69173410.68
17-09-2021,Friday,September,2021,Q3,146.362,146.362,143.359,143.656,132043534.9
20-09-2021,Monday,September,2021,Q3,141.433,142.463,138.934,140.585,125546570.3
21-09-2021,Tuesday,September,2021,Q3,141.563,142.224,140.426,141.07,77103835.29
22-09-2021,Wednesday,September,2021,Q3,142.075,144.022,141.335,143.448,77683766.01
23-09-2021,Thursday,September,2021,Q3,144.237,144.656,143.243,144.417,65923914.38
24-09-2021,Friday,September,2021,Q3,143.263,145.038,143.174,144.507,54373379.69
27-09-2021,Monday,September,2021,Q3,143.084,143.557,141.453,142.985,75392415.95
28-09-2021,Tuesday,September,2021,Q3,140.892,142.374,139.352,139.566,110797129.1
29-09-2021,Wednesday,September,2021,Q3,140.121,142.075,139.685,140.475,75851287.99
30-09-2021,Thursday,September,2021,Q3,141.295,142.006,138.944,139.163,90547956.48
01-10-2021,Friday,October,2021,Q4,139.556,140.565,136.822,140.299,96224362.33
04-10-2021,Monday,October,2021,Q4,139.421,139.864,135.992,136.851,99968453.14
05-10-2021,Tuesday,October,2021,Q4,137.197,139.894,137.068,138.777,82215115.97
06-10-2021,Wednesday,October,2021,Q4,137.178,139.804,136.091,139.655,84614692.49
07-10-2021,Thursday,October,2021,Q4,140.702,141.839,140.367,140.932,62766396.2
08-10-2021,Friday,October,2021,Q4,141.663,141.811,140.211,140.545,59757336.56
11-10-2021,Monday,October,2021,Q4,139.923,142.434,139.47,140.455,65531499.79
12-10-2021,Tuesday,October,2021,Q4,140.872,140.892,138.71,139.173,74258876.05
13-10-2021,Wednesday,October,2021,Q4,138.904,139.063,136.911,138.581,80081637.51
14-10-2021,Thursday,October,2021,Q4,139.764,141.513,139.173,141.393,71077725.48
15-10-2021,Friday,October,2021,Q4,141.403,142.512,141.147,142.463,69078025.55
18-10-2021,Monday,October,2021,Q4,141.09,144.427,140.802,144.14,87022404.33
19-10-2021,Tuesday,October,2021,Q4,144.577,146.708,144.14,146.304,77657890.96
20-10-2021,Wednesday,October,2021,Q4,146.245,147.291,145.67,146.798,59397035.94
21-10-2021,Thursday,October,2021,Q4,146.352,147.173,145.426,147.015,62449511.92
22-10-2021,Friday,October,2021,Q4,147.221,147.707,146.185,146.235,59869472.23
25-10-2021,Monday,October,2021,Q4,146.225,146.907,145.188,146.185,51569893.84
26-10-2021,Tuesday,October,2021,Q4,146.868,148.359,146.55,146.858,61913081.56
27-10-2021,Wednesday,October,2021,Q4,146.897,147.261,146.037,146.392,57034263.22
28-10-2021,Thursday,October,2021,Q4,147.35,150.649,147.251,150.066,101753736.2
29-10-2021,Friday,October,2021,Q4,144.782,147.469,144.003,147.33,127045564.3
01-11-2021,Monday,November,2021,Q4,146.531,147.231,145.357,146.501,75837271.16
02-11-2021,Tuesday,November,2021,Q4,146.205,149.079,146.195,147.549,70279464.67
03-11-2021,Wednesday,November,2021,Q4,147.912,149.474,147.35,149.002,55424353.53
04-11-2021,Thursday,November,2021,Q4,149.089,149.927,148.161,148.475,61405950.48
05-11-2021,Friday,November,2021,Q4,149.613,149.917,147.805,149.011,66463103.75
08-11-2021,Monday,November,2021,Q4,149.138,149.295,147.902,148.18,55860689.69
09-11-2021,Tuesday,November,2021,Q4,147.942,149.157,147.805,148.544,57654723.69
10-11-2021,Wednesday,November,2021,Q4,147.765,147.872,145.62,145.69,66182087.74
11-11-2021,Thursday,November,2021,Q4,146.718,147.183,145.455,145.64,41625760.58
12-11-2021,Friday,November,2021,Q4,146.195,148.141,145.257,147.736,64777892.58
15-11-2021,Monday,November,2021,Q4,148.112,149.603,147.183,147.745,60126761.68
16-11-2021,Tuesday,November,2021,Q4,147.687,149.215,147.093,148.733,60160677.88
17-11-2021,Wednesday,November,2021,Q4,148.723,152.664,148.723,151.184,90162522.97
18-11-2021,Thursday,November,2021,Q4,151.39,156.288,150.758,155.5,139931432.1
19-11-2021,Friday,November,2021,Q4,155.281,158.599,154.176,158.136,119096114.2
22-11-2021,Monday,November,2021,Q4,159.241,163.212,158.579,158.599,119260882.8
23-11-2021,Tuesday,November,2021,Q4,158.689,159.361,156.675,158.976,97507854.19
24-11-2021,Wednesday,November,2021,Q4,158.334,159.697,157.247,159.499,70523894.57
26-11-2021,Friday,November,2021,Q4,157.168,158.037,154.008,154.45,78134441.99
29-11-2021,Monday,November,2021,Q4,156.979,158.758,156.407,157.839,90102842.08
30-11-2021,Tuesday,November,2021,Q4,157.584,163.034,157.524,162.817,176704672.6
01-12-2021,Wednesday,December,2021,Q4,164.96,167.734,162.057,162.293,154749541
02-12-2021,Thursday,December,2021,Q4,156.347,161.73,155.43,161.296,138826318.7
03-12-2021,Friday,December,2021,Q4,161.552,162.481,157.326,159.401,119824584.4
06-12-2021,Monday,December,2021,Q4,161.82,165.356,161.81,162.837,109137783.8
07-12-2021,Tuesday,December,2021,Q4,166.531,169.002,165.81,168.605,122243182.5
08-12-2021,Wednesday,December,2021,Q4,169.544,173.317,168.131,172.447,118784735.8
09-12-2021,Thursday,December,2021,Q4,172.28,174.096,171.31,171.935,110586317.7
10-12-2021,Friday,December,2021,Q4,172.566,176.933,172.06,176.753,117164203.1
13-12-2021,Monday,December,2021,Q4,178.384,179.391,172.891,173.1,155575982.3
14-12-2021,Tuesday,December,2021,Q4,172.616,175.063,169.624,171.706,141507841.7
15-12-2021,Wednesday,December,2021,Q4,172.477,176.803,169.724,176.604,133063766.7
16-12-2021,Thursday,December,2021,Q4,176.584,178.412,168.181,169.674,152478234.1
17-12-2021,Friday,December,2021,Q4,167.371,170.866,167.133,168.565,198913957
20-12-2021,Monday,December,2021,Q4,165.75,168.013,164.94,167.192,109139947.5
21-12-2021,Tuesday,December,2021,Q4,168.982,170.598,166.571,170.395,92577739.34
22-12-2021,Wednesday,December,2021,Q4,170.445,173.218,169.564,173,93541627.38
23-12-2021,Thursday,December,2021,Q4,173.208,174.185,172.636,173.631,69399940.87
27-12-2021,Monday,December,2021,Q4,174.422,177.712,174.402,177.624,76063132.09
28-12-2021,Tuesday,December,2021,Q4,177.455,178.6,175.843,176.594,80352373.78
29-12-2021,Wednesday,December,2021,Q4,176.634,177.918,175.461,176.683,63300606.17
30-12-2021,Thursday,December,2021,Q4,176.773,177.858,175.411,175.519,60685371.52
31-12-2021,Friday,December,2021,Q4,175.411,176.535,174.591,174.898,65040087.52
03-01-2022,Monday,January,2022,Q1,175.152,180.132,175.034,179.272,106299348
04-01-2022,Tuesday,January,2022,Q1,179.885,180.189,176.428,177.002,100826282.4
05-01-2022,Wednesday,January,2022,Q1,176.913,177.465,172.013,172.29,95980595.62
06-01-2022,Thursday,January,2022,Q1,170.035,172.666,169.06,169.414,98383067.85
07-01-2022,Friday,January,2022,Q1,170.295,171.518,168.456,169.584,88032648.96
10-01-2022,Monday,January,2022,Q1,166.531,169.907,165.641,169.604,108395189.4
11-01-2022,Tuesday,January,2022,Q1,169.734,172.546,168.25,172.447,77300463.78
12-01-2022,Wednesday,January,2022,Q1,173.474,174.511,172.19,172.891,75946975.85
13-01-2022,Thursday,January,2022,Q1,173.14,173.969,169.207,169.604,85795629.82
14-01-2022,Friday,January,2022,Q1,168.763,171.175,168.515,170.475,81668603.3
18-01-2022,Tuesday,January,2022,Q1,168.932,169.946,166.858,167.242,92560300.31
19-01-2022,Wednesday,January,2022,Q1,167.441,168.505,163.448,163.736,96262217.1
20-01-2022,Thursday,January,2022,Q1,164.478,167.123,161.711,162.037,92815930.31
21-01-2022,Friday,January,2022,Q1,161.95,163.835,159.854,159.962,124723984.5
24-01-2022,Monday,January,2022,Q1,157.623,159.854,152.369,159.181,165190191.5
25-01-2022,Tuesday,January,2022,Q1,156.595,160.308,154.659,157.385,117565877.9
26-01-2022,Wednesday,January,2022,Q1,161.039,161.92,155.45,157.297,109927989.3
27-01-2022,Thursday,January,2022,Q1,160.002,161.376,155.904,156.832,123816116.2
28-01-2022,Friday,January,2022,Q1,163.222,167.784,160.348,167.764,182682142.7
31-01-2022,Monday,January,2022,Q1,167.598,172.367,166.955,172.15,117305181.4
01-02-2022,Tuesday,February,2022,Q1,171.399,172.21,169.724,171.983,87529853.33
02-02-2022,Wednesday,February,2022,Q1,172.11,173.237,170.727,173.198,86210361.59
03-02-2022,Thursday,February,2022,Q1,171.856,173.591,169.534,170.305,90782924.72
04-02-2022,Friday,February,2022,Q1,169.314,171.697,168.329,170.016,83617594.97
07-02-2022,Monday,February,2022,Q1,170.484,171.548,168.595,169.295,78330547.02
08-02-2022,Tuesday,February,2022,Q1,169.364,172.93,169.07,172.417,75874720.92
09-02-2022,Wednesday,February,2022,Q1,173.621,174.214,172.487,173.85,72281022.5
10-02-2022,Thursday,February,2022,Q1,171.736,173.06,169.187,169.753,92135464.96
11-02-2022,Friday,February,2022,Q1,169.956,170.697,165.721,166.312,100049300
14-02-2022,Monday,February,2022,Q1,165.06,167.242,164.269,166.551,87389702.23
15-02-2022,Tuesday,February,2022,Q1,168.615,170.57,167.904,170.415,65184519.41
16-02-2022,Wednesday,February,2022,Q1,169.484,170.956,167.705,170.175,62032159.84
17-02-2022,Thursday,February,2022,Q1,168.674,169.544,166.145,166.551,70561636.94
18-02-2022,Friday,February,2022,Q1,167.481,168.191,163.904,164.99,83929162.7
22-02-2022,Tuesday,February,2022,Q1,162.709,164.399,159.913,162.057,92436471.46
23-02-2022,Wednesday,February,2022,Q1,163.262,163.864,157.554,157.869,91266843.59
24-02-2022,Thursday,February,2022,Q1,150.482,160.605,149.907,160.497,143119633.6
25-02-2022,Friday,February,2022,Q1,161.582,162.847,158.659,162.581,93259272.86
28-02-2022,Monday,February,2022,Q1,160.813,163.143,160.19,162.847,96384746.93
01-03-2022,Tuesday,March,2022,Q1,162.422,164.309,159.737,160.95,84640718.4
02-03-2022,Wednesday,March,2022,Q1,162.127,165.05,160.703,164.269,80838652.75
03-03-2022,Thursday,March,2022,Q1,166.145,166.581,163.272,163.942,77749782.01
04-03-2022,Friday,March,2022,Q1,162.223,163.272,159.863,160.921,84990707.88
07-03-2022,Monday,March,2022,Q1,161.109,162.748,156.852,157.108,97765996.16
08-03-2022,Tuesday,March,2022,Q1,156.635,160.635,153.651,155.271,132980666
09-03-2022,Wednesday,March,2022,Q1,159.251,161.158,157.218,160.703,92732700.05
10-03-2022,Thursday,March,2022,Q1,157.987,158.176,153.829,156.337,106813857.1
11-03-2022,Friday,March,2022,Q1,156.744,157.088,152.369,152.595,98324955.3
14-03-2022,Monday,March,2022,Q1,149.364,151.993,148.032,148.544,110251300.9
15-03-2022,Tuesday,March,2022,Q1,148.823,153.425,148.31,152.95,94263186.43
16-03-2022,Wednesday,March,2022,Q1,154.887,157.799,152.329,157.395,103729480.8
17-03-2022,Thursday,March,2022,Q1,156.427,158.777,155.46,158.403,76671863.94
18-03-2022,Friday,March,2022,Q1,158.295,162.213,157.564,161.721,125237379.9
21-03-2022,Monday,March,2022,Q1,161.258,164.062,160.773,163.104,97150014.92
22-03-2022,Tuesday,March,2022,Q1,163.232,167.083,162.641,166.491,82671161.15
23-03-2022,Wednesday,March,2022,Q1,165.671,170.265,165.336,167.864,99432792.27
24-03-2022,Thursday,March,2022,Q1,168.704,171.736,167.864,171.667,91390722.05
25-03-2022,Friday,March,2022,Q1,171.479,172.861,170.375,172.309,81671535.45
28-03-2022,Monday,March,2022,Q1,169.801,173.307,169.634,173.179,91634579.89
29-03-2022,Tuesday,March,2022,Q1,174.253,176.545,173.91,176.495,101994861.4
30-03-2022,Wednesday,March,2022,Q1,176.092,177.137,174.263,175.321,93927411.21
31-03-2022,Thursday,March,2022,Q1,175.391,175.579,171.993,172.2,104489075.8
01-04-2022,Friday,April,2022,Q2,171.627,172.467,169.574,171.905,79851630.45
04-04-2022,Monday,April,2022,Q2,172.16,176.032,172.032,175.982,77615472.94
05-04-2022,Tuesday,April,2022,Q2,175.053,175.843,172.013,172.646,74427345.33
06-04-2022,Wednesday,April,2022,Q2,169.986,171.242,167.784,169.464,90303099.32
07-04-2022,Thursday,April,2022,Q2,168.803,170.976,167.51,169.771,78678791.99
08-04-2022,Friday,April,2022,Q2,169.414,169.414,166.868,167.744,77645410.07
11-04-2022,Monday,April,2022,Q2,166.381,166.7,163.222,163.468,73256126.84
12-04-2022,Tuesday,April,2022,Q2,165.701,167.529,164.349,165.346,80372662.95
13-04-2022,Wednesday,April,2022,Q2,165.08,168.684,164.478,168.052,71605602.36
14-04-2022,Thursday,April,2022,Q2,168.27,168.912,162.768,163.014,76381867.19
18-04-2022,Monday,April,2022,Q2,161.661,164.299,161.316,162.797,69988333.94
19-04-2022,Tuesday,April,2022,Q2,162.748,165.503,161.651,165.09,68670061.23
20-04-2022,Wednesday,April,2022,Q2,166.431,166.551,163.815,164.92,68878919.51
21-04-2022,Thursday,April,2022,Q2,166.581,169.167,163.628,164.13,88446501.89
22-04-2022,Friday,April,2022,Q2,164.169,165.552,159.271,159.557,86068389.02
25-04-2022,Monday,April,2022,Q2,158.896,160.921,156.279,160.635,97388322.32
26-04-2022,Tuesday,April,2022,Q2,160.012,160.102,154.56,154.639,96959275.04
27-04-2022,Wednesday,April,2022,Q2,153.76,157.593,153.237,154.41,89293597.85
28-04-2022,Thursday,April,2022,Q2,157.058,162.243,156.744,161.386,132036163
29-04-2022,Friday,April,2022,Q2,159.607,163.914,155.083,155.48,133588329.7
02-05-2022,Monday,May,2022,Q2,154.55,156.052,151.164,155.785,124774576.4
03-05-2022,Tuesday,May,2022,Q2,155.972,158.491,154.166,157.287,90209553.87
04-05-2022,Wednesday,May,2022,Q2,157.475,164.189,157.068,163.736,109769047.5
05-05-2022,Thursday,May,2022,Q2,161.592,161.82,152.812,154.61,132348955.8
06-05-2022,Friday,May,2022,Q2,154.087,157.475,152.279,155.341,117574375.6
09-05-2022,Monday,May,2022,Q2,153.015,153.908,149.623,150.185,133220572.1
10-05-2022,Tuesday,May,2022,Q2,153.603,154.808,151.045,152.605,116807002.7
11-05-2022,Wednesday,May,2022,Q2,151.608,153.534,144.013,144.696,144471199.9
12-05-2022,Thursday,May,2022,Q2,141.012,144.397,137.088,140.802,184881689.8
13-05-2022,Friday,May,2022,Q2,142.806,146.279,141.343,145.297,115413941.8
16-05-2022,Monday,May,2022,Q2,143.756,145.7,142.404,143.746,87725463.26
17-05-2022,Tuesday,May,2022,Q2,147.025,147.922,144.87,147.399,79314223.05
18-05-2022,Wednesday,May,2022,Q2,145.038,145.543,138.174,139.083,111112947.2
19-05-2022,Thursday,May,2022,Q2,138.154,139.913,134.916,135.656,137794691.4
20-05-2022,Friday,May,2022,Q2,137.375,138.964,130.974,135.893,139141786.5
23-05-2022,Monday,May,2022,Q2,136.091,141.493,135.952,141.343,119195988.6
24-05-2022,Tuesday,May,2022,Q2,139.068,140.221,135.637,138.631,105432764.8
25-05-2022,Wednesday,May,2022,Q2,136.723,140.038,136.634,138.787,93637272.71
26-05-2022,Thursday,May,2022,Q2,135.696,142.561,135.449,142.006,91732640
27-05-2022,Friday,May,2022,Q2,143.597,147.833,143.468,147.795,92114301
31-05-2022,Tuesday,May,2022,Q2,147.231,148.803,145.028,147.005,105013262.2
01-06-2022,Wednesday,June,2022,Q2,148.052,149.869,145.859,146.878,75214047.62
02-06-2022,Thursday,June,2022,Q2,146.008,149.404,145.048,149.344,73251265.91
03-06-2022,Friday,June,2022,Q2,145.088,146.147,142.677,143.587,89676022.26
06-06-2022,Monday,June,2022,Q2,145.218,146.737,143.114,144.337,72492231.78
07-06-2022,Tuesday,June,2022,Q2,142.565,147.163,142.324,146.878,68654683.62
08-06-2022,Wednesday,June,2022,Q2,146.748,148.022,145.64,146.137,54623728.57
09-06-2022,Thursday,June,2022,Q2,145.267,146.127,140.772,140.882,70340293.71
10-06-2022,Friday,June,2022,Q2,138.551,139.023,135.37,135.439,92709777.41
13-06-2022,Monday,June,2022,Q2,131.231,133.532,129.82,130.254,123732762.5
14-06-2022,Tuesday,June,2022,Q2,131.489,132.24,129.86,131.122,85842794.37
15-06-2022,Wednesday,June,2022,Q2,132.634,135.646,130.53,133.759,92675692.13
16-06-2022,Thursday,June,2022,Q2,130.451,130.758,127.449,128.457,109309326
17-06-2022,Friday,June,2022,Q2,128.462,131.439,128.21,129.939,136199674.4
21-06-2022,Tuesday,June,2022,Q2,131.774,135.37,131.677,134.195,82011718.01
22-06-2022,Wednesday,June,2022,Q2,133.128,136.062,132.258,133.68,74325692.93
23-06-2022,Thursday,June,2022,Q2,135.134,136.881,133.959,136.565,73338048.97
24-06-2022,Friday,June,2022,Q2,138.174,140.161,138.047,139.913,90229393.5
27-06-2022,Monday,June,2022,Q2,140.937,141.723,139.227,139.913,71084400.78
28-06-2022,Tuesday,June,2022,Q2,140.377,141.655,135.632,135.745,68155709.1
29-06-2022,Wednesday,June,2022,Q2,135.765,138.934,134.984,137.513,67069397.55
30-06-2022,Thursday,June,2022,Q2,135.558,136.664,132.125,135.034,100199963.7
01-07-2022,Friday,July,2022,Q3,134.362,137.326,133.988,137.217,71938577.04
05-07-2022,Tuesday,July,2022,Q3,136.072,139.864,135.241,139.814,74346354.69
06-07-2022,Wednesday,July,2022,Q3,139.611,142.344,139.342,141.157,74988890.36
07-07-2022,Thursday,July,2022,Q3,141.523,144.743,141.513,144.547,67080836.59
08-07-2022,Friday,July,2022,Q3,143.472,145.73,143.214,145.228,65353628.58
11-07-2022,Monday,July,2022,Q3,143.875,144.83,142.006,143.084,64095429.59
12-07-2022,Tuesday,July,2022,Q3,143.964,146.618,143.263,144.06,78557396.14
13-07-2022,Wednesday,July,2022,Q3,141.227,144.646,140.367,143.696,72074258.03
14-07-2022,Thursday,July,2022,Q3,142.304,147.113,141.483,146.638,79116272.26
15-07-2022,Friday,July,2022,Q3,147.932,149.002,146.372,148.32,77211978.73
18-07-2022,Monday,July,2022,Q3,148.883,149.702,144.89,145.257,82437346.13
19-07-2022,Tuesday,July,2022,Q3,146.097,149.364,145.098,149.138,84018339.27
20-07-2022,Wednesday,July,2022,Q3,149.235,151.825,148.514,151.154,65632684.43
21-07-2022,Thursday,July,2022,Q3,152.595,153.651,150.066,153.435,65899193.57
22-07-2022,Friday,July,2022,Q3,153.474,154.353,151.518,152.189,67507800.19
25-07-2022,Monday,July,2022,Q3,152.11,153.128,150.404,151.065,54293399.51
26-07-2022,Tuesday,July,2022,Q3,150.389,151.199,148.942,149.732,55827055.97
27-07-2022,Wednesday,July,2022,Q3,150.698,155.391,150.284,154.858,79602208
28-07-2022,Thursday,July,2022,Q3,155.044,155.696,152.506,155.41,82394683.09
29-07-2022,Friday,July,2022,Q3,159.251,161.612,157.534,160.507,103057592.2
01-08-2022,Monday,August,2022,Q3,159.026,161.572,158.906,159.518,68676177.64
02-08-2022,Tuesday,August,2022,Q3,158.126,160.407,157.662,158.037,60654919.03
03-08-2022,Wednesday,August,2022,Q3,158.857,164.537,158.768,164.082,83537531.77
04-08-2022,Thursday,August,2022,Q3,163.957,165.129,162.402,163.766,56166696.85
05-08-2022,Friday,August,2022,Q3,161.422,164.032,161.214,163.538,57325176.19
08-08-2022,Monday,August,2022,Q3,164.548,165.973,162.4,163.063,61031140.56
09-08-2022,Tuesday,August,2022,Q3,162.221,164.002,161.461,163.113,63835031.67
10-08-2022,Wednesday,August,2022,Q3,165.843,167.486,165.072,167.386,70948015.46
11-08-2022,Thursday,August,2022,Q3,168.197,169.116,166.345,166.645,57782360.18
12-08-2022,Friday,August,2022,Q3,167.96,170.284,167.543,170.214,68793244.66
15-08-2022,Monday,August,2022,Q3,169.642,171.49,169.467,171.292,54691019.09
16-08-2022,Tuesday,August,2022,Q3,170.886,171.807,169.781,171.135,57001696.37
17-08-2022,Wednesday,August,2022,Q3,170.876,174.219,170.677,172.638,80423346.77
18-08-2022,Thursday,August,2022,Q3,171.847,172.983,171.224,172.242,62980236.5
19-08-2022,Friday,August,2022,Q3,171.135,171.837,169.432,169.642,71125717.79
22-08-2022,Monday,August,2022,Q3,167.83,167.999,165.305,165.733,69791612.15
23-08-2022,Tuesday,August,2022,Q3,165.25,166.862,164.823,165.397,54747017.74
24-08-2022,Wednesday,August,2022,Q3,165.397,166.268,164.425,165.694,54438077.25
25-08-2022,Thursday,August,2022,Q3,166.929,168.275,166.505,168.167,51785696.45
26-08-2022,Friday,August,2022,Q3,168.701,169.175,161.767,161.827,79835851.77
29-08-2022,Monday,August,2022,Q3,159.38,161.115,158.068,159.611,74126256.85
30-08-2022,Tuesday,August,2022,Q3,160.352,160.779,155.991,157.169,78769381.99
31-08-2022,Wednesday,August,2022,Q3,158.548,158.82,155.418,155.498,88966014.58
01-09-2022,Thursday,September,2022,Q3,154.925,156.685,152.975,156.229,75052348.31
02-09-2022,Friday,September,2022,Q3,157.999,158.604,153.267,154.103,77810444.58
06-09-2022,Tuesday,September,2022,Q3,154.756,155.369,152.006,152.836,74531588.63
07-09-2022,Wednesday,September,2022,Q3,153.128,154.955,151.927,154.252,88418497.68
08-09-2022,Thursday,September,2022,Q3,152.945,154.646,151.007,152.768,85864786.14
09-09-2022,Friday,September,2022,Q3,153.766,156.091,153.054,155.645,68835329.85
12-09-2022,Monday,September,2022,Q3,157.841,162.459,157.555,161.639,106118852.9
13-09-2022,Tuesday,September,2022,Q3,158.148,158.78,151.689,152.153,124015624.6
14-09-2022,Wednesday,September,2022,Q3,153.089,155.379,151.927,153.608,88940048.03
15-09-2022,Thursday,September,2022,Q3,152.955,153.54,149.722,150.7,91483622.49
16-09-2022,Friday,September,2022,Q3,149.554,149.693,146.744,149.049,164076857.9
19-09-2022,Monday,September,2022,Q3,147.674,152.866,147.466,152.788,82376964.25
20-09-2022,Tuesday,September,2022,Q3,151.719,156.347,151.402,155.179,108882977.3
21-09-2022,Wednesday,September,2022,Q3,155.616,156.999,151.918,152.036,102823570
22-09-2022,Thursday,September,2022,Q3,150.71,152.778,149.255,151.067,87612634.73
23-09-2022,Friday,September,2022,Q3,149.534,149.81,146.932,148.782,97093901.07
26-09-2022,Monday,September,2022,Q3,148.02,152.084,148,149.118,94373590.87
27-09-2022,Tuesday,September,2022,Q3,151.067,153.025,148.303,150.097,85378349.58
28-09-2022,Wednesday,September,2022,Q3,146.022,148.992,143.254,148.198,148316698.1
29-09-2022,Thursday,September,2022,Q3,144.5,145.112,139.138,140.92,129557982.9
30-09-2022,Friday,September,2022,Q3,139.73,141.532,136.488,136.685,126309420.9
03-10-2022,Monday,October,2022,Q4,136.695,141.502,136.175,140.89,115578213.2
04-10-2022,Tuesday,October,2022,Q4,143.44,144.619,142.677,144.5,88803203.44
05-10-2022,Wednesday,October,2022,Q4,142.498,145.765,141.442,144.795,80351490.34
06-10-2022,Thursday,October,2022,Q4,144.212,145.923,143.629,143.838,69160051.27
07-10-2022,Friday,October,2022,Q4,140.98,141.532,137.918,138.556,86877596.9
10-10-2022,Monday,October,2022,Q4,138.88,140.335,137.054,138.88,75728867.87
11-10-2022,Tuesday,October,2022,Q4,138.366,139.8,136.705,137.456,77887189.59
12-10-2022,Wednesday,October,2022,Q4,137.605,138.821,136.646,136.824,71214135.71
13-10-2022,Thursday,October,2022,Q4,133.51,142.015,132.897,141.422,114478473.9
14-10-2022,Friday,October,2022,Q4,142.727,142.937,136.675,136.863,89579616.67
17-10-2022,Monday,October,2022,Q4,139.52,141.333,138.735,140.85,86195502.25
18-10-2022,Tuesday,October,2022,Q4,143.897,145.092,139.068,142.174,100235023.7
19-10-2022,Wednesday,October,2022,Q4,140.138,143.359,139.95,142.284,62442609.98
20-10-2022,Thursday,October,2022,Q4,141.452,144.29,141.088,141.82,65236879.66
21-10-2022,Friday,October,2022,Q4,141.303,146.228,141.087,145.655,87507550.17
24-10-2022,Monday,October,2022,Q4,145.571,148.583,144.4,147.812,76823782.36
25-10-2022,Tuesday,October,2022,Q4,148.445,150.818,147.723,150.67,75560308.74
26-10-2022,Wednesday,October,2022,Q4,149.305,150.325,146.418,147.714,89416026.99
27-10-2022,Thursday,October,2022,Q4,146.447,147.412,142.551,143.215,110389844.1
28-10-2022,Friday,October,2022,Q4,146.575,155.774,146.2,154.034,166587904.9
31-10-2022,Monday,October,2022,Q4,151.476,152.55,150.255,151.659,99028361.63
01-11-2022,Tuesday,November,2022,Q4,153.38,153.746,147.496,149.001,81269931.97
02-11-2022,Wednesday,November,2022,Q4,147.312,150.502,143.41,143.44,94641743.39
03-11-2022,Thursday,November,2022,Q4,140.502,141.235,137.23,137.358,99003433.46
04-11-2022,Friday,November,2022,Q4,140.766,141.34,133.128,137.091,142139207.5
07-11-2022,Monday,November,2022,Q4,135.833,137.849,134.406,137.625,84158795.02
08-11-2022,Tuesday,November,2022,Q4,139.101,140.113,136.208,138.199,90754097.11
09-11-2022,Wednesday,November,2022,Q4,137.21,137.259,133.339,133.613,75622421.59
10-11-2022,Thursday,November,2022,Q4,139.924,145.502,138.199,145.502,119971891
11-11-2022,Friday,November,2022,Q4,144.462,148.611,143.025,148.306,94863576.03
14-11-2022,Monday,November,2022,Q4,147.583,148.881,146.057,146.899,74064222.75
15-11-2022,Tuesday,November,2022,Q4,150.796,152.158,147.177,148.641,90713574.53
16-11-2022,Wednesday,November,2022,Q4,147.74,148.473,145.917,147.403,64822260.85
17-11-2022,Thursday,November,2022,Q4,145.065,150.068,144.787,149.315,81145489.92
18-11-2022,Friday,November,2022,Q4,150.885,151.277,148.572,149.88,75533370.84
21-11-2022,Monday,November,2022,Q4,148.761,148.97,146.338,146.63,59276390.05
22-11-2022,Tuesday,November,2022,Q4,146.75,149.02,145.556,148.781,52291367.66
23-11-2022,Wednesday,November,2022,Q4,148.058,150.417,147.948,149.664,58849739.65
25-11-2022,Friday,November,2022,Q4,146.923,147.493,145.749,146.73,35526889.15
28-11-2022,Monday,November,2022,Q4,143.789,145.274,142.043,142.876,69998749.86
29-11-2022,Tuesday,November,2022,Q4,142.946,143.459,139.046,139.854,84551630.34
30-11-2022,Wednesday,November,2022,Q4,140.078,147.334,139.241,146.65,112428455.4
01-12-2022,Thursday,December,2022,Q4,146.83,147.74,145.244,146.928,71920550.64
02-12-2022,Friday,December,2022,Q4,144.601,146.62,144.292,146.433,66063001.71
05-12-2022,Monday,December,2022,Q4,146.393,149.514,144.412,145.264,69473778.33
06-12-2022,Tuesday,December,2022,Q4,145.704,145.927,140.597,141.579,65335967.42
07-12-2022,Wednesday,December,2022,Q4,140.866,142.033,138.697,139.625,70376844.84
08-12-2022,Thursday,December,2022,Q4,141.034,142.182,139.784,141.32,62712676.36
09-12-2022,Friday,December,2022,Q4,141.016,144.213,139.586,140.836,76812729.53
12-12-2022,Monday,December,2022,Q4,141.369,143.155,139.744,143.145,71125379.47
13-12-2022,Tuesday,December,2022,Q4,148.108,148.572,142.896,144.113,94769192.59
14-12-2022,Wednesday,December,2022,Q4,143.996,145.289,139.844,141.875,83065158.83
15-12-2022,Thursday,December,2022,Q4,139.794,140.477,134.758,135.227,99862395.57
16-12-2022,Friday,December,2022,Q4,135.411,136.368,132.485,133.257,161663230.7
19-12-2022,Monday,December,2022,Q4,133.851,133.941,130.096,131.136,80341209.88
20-12-2022,Tuesday,December,2022,Q4,130.165,132.008,128.679,131.067,78161101.26
21-12-2022,Wednesday,December,2022,Q4,131.741,135.535,131.514,134.189,86736175.29
22-12-2022,Thursday,December,2022,Q4,133.1,133.306,129.086,130.997,78584333.82
23-12-2022,Friday,December,2022,Q4,129.699,131.181,128.432,130.632,64415093.99
27-12-2022,Tuesday,December,2022,Q4,130.155,130.185,127.52,128.819,69656872.35
28-12-2022,Wednesday,December,2022,Q4,128.462,129.807,124.697,124.865,86241968.42
29-12-2022,Thursday,December,2022,Q4,126.797,129.265,126.54,128.402,76415729.4
30-12-2022,Friday,December,2022,Q4,127.213,128.739,126.244,128.719,77758742.2
03-01-2023,Tuesday,January,2023,Q1,129.066,129.68,123.014,123.905,113171974.3
04-01-2023,Wednesday,January,2023,Q1,125.707,127.457,123.914,125.182,89951777.33
05-01-2023,Thursday,January,2023,Q1,125.945,126.579,123.598,123.856,81724190.08
06-01-2023,Friday,January,2023,Q1,124.836,129.076,123.727,128.412,88580078.24
09-01-2023,Monday,January,2023,Q1,129.249,132.168,128.679,128.937,71456624.91
10-01-2023,Tuesday,January,2023,Q1,129.046,130.04,126.927,129.512,64497120.29
11-01-2023,Wednesday,January,2023,Q1,130.027,132.265,129.244,132.246,70112234.27
12-01-2023,Thursday,January,2023,Q1,132.632,133.008,130.215,132.168,72050998.11
13-01-2023,Friday,January,2023,Q1,130.8,133.662,130.433,133.504,58353439.27
17-01-2023,Tuesday,January,2023,Q1,133.573,136.011,132.881,134.674,64245245.39
18-01-2023,Wednesday,January,2023,Q1,135.54,137.319,133.771,133.951,70328096.62
19-01-2023,Thursday,January,2023,Q1,132.831,134.98,132.524,134.01,58828560.3
20-01-2023,Friday,January,2023,Q1,134.02,136.734,132.969,136.586,80978156.76
23-01-2023,Monday,January,2023,Q1,136.833,141.979,136.615,139.794,82529296.83
24-01-2023,Tuesday,January,2023,Q1,138.996,141.827,138.991,141.201,67059987.33
25-01-2023,Wednesday,January,2023,Q1,139.576,141.102,137.516,140.537,66418214.48
26-01-2023,Thursday,January,2023,Q1,141.836,142.906,140.577,142.618,54613944.75
27-01-2023,Friday,January,2023,Q1,141.822,145.858,141.749,144.572,71219444.94
30-01-2023,Monday,January,2023,Q1,143.604,144.193,141.519,141.669,64617359.64
31-01-2023,Tuesday,January,2023,Q1,141.369,142.995,140.956,142.946,66494030.92
01-02-2023,Wednesday,February,2023,Q1,142.628,145.244,140.004,144.073,78394086.15
02-02-2023,Thursday,February,2023,Q1,147.513,149.772,146.79,149.414,119451998.8
03-02-2023,Friday,February,2023,Q1,146.65,155.914,146.452,153.06,155809120.8
06-02-2023,Monday,February,2023,Q1,151.154,151.673,149.374,150.317,70515347.36
07-02-2023,Tuesday,February,2023,Q1,149.235,153.783,149.235,153.209,84106228.21
08-02-2023,Wednesday,February,2023,Q1,152.446,153.139,149.761,150.504,64723150.37
09-02-2023,Thursday,February,2023,Q1,152.343,152.891,149.02,149.464,56533909.42
10-02-2023,Friday,February,2023,Q1,148.294,150.158,148.056,149.832,57902644.79
13-02-2023,Monday,February,2023,Q1,149.774,153.056,149.743,152.649,62688302.4
14-02-2023,Tuesday,February,2023,Q1,150.932,152.57,149.684,152.005,62192996.48
15-02-2023,Wednesday,February,2023,Q1,151.916,154.286,151.686,154.118,66185840.08
16-02-2023,Thursday,February,2023,Q1,152.312,155.109,152.15,152.51,68704186.06
17-02-2023,Friday,February,2023,Q1,151.162,151.806,149.674,151.359,59609376.02
21-02-2023,Tuesday,February,2023,Q1,149.029,150.118,147.247,147.321,59330309.88
22-02-2023,Wednesday,February,2023,Q1,147.708,148.78,146.012,147.747,51412586.14
23-02-2023,Thursday,February,2023,Q1,148.919,149.166,146.092,148.234,48774943.03
24-02-2023,Friday,February,2023,Q1,145.962,146.042,144.584,145.564,55905958.42
27-02-2023,Monday,February,2023,Q1,146.557,148.006,146.299,146.766,45352451.09
28-02-2023,Tuesday,February,2023,Q1,145.902,147.916,145.683,146.259,50944626.66
01-03-2023,Wednesday,March,2023,Q1,145.683,146.08,143.879,144.175,55915417.25
02-03-2023,Thursday,March,2023,Q1,143.254,145.564,142.776,144.771,52691020.46
03-03-2023,Friday,March,2023,Q1,146.891,149.93,146.181,149.852,71288713.59
06-03-2023,Monday,March,2023,Q1,152.585,155.081,152.262,152.63,88246804.44
07-03-2023,Tuesday,March,2023,Q1,152.5,152.827,149.949,150.418,56623984.7
08-03-2023,Wednesday,March,2023,Q1,151.617,152.272,150.645,151.676,47576128.14
09-03-2023,Thursday,March,2023,Q1,152.361,153.33,149.052,149.414,54257064.62
10-03-2023,Friday,March,2023,Q1,149.038,149.763,146.457,147.341,69111825.74
13-03-2023,Monday,March,2023,Q1,146.651,151.945,146.547,149.295,85121505.12
14-03-2023,Tuesday,March,2023,Q1,150.099,152.202,148.929,151.399,74275622.76
15-03-2023,Wednesday,March,2023,Q1,150.009,152.049,148.75,151.796,77774908.09
16-03-2023,Thursday,March,2023,Q1,150.972,155.238,150.458,154.634,76854275.44
17-03-2023,Friday,March,2023,Q1,154.862,155.516,153.076,153.79,99722982.33
20-03-2023,Monday,March,2023,Q1,153.86,156.588,152.946,156.171,74220716.21
21-03-2023,Tuesday,March,2023,Q1,156.092,158.156,155.318,158.037,74519921.54
22-03-2023,Wednesday,March,2023,Q1,158.056,160.875,156.578,156.598,76297320.35
23-03-2023,Thursday,March,2023,Q1,157.591,160.288,156.45,157.688,68154009.87
24-03-2023,Friday,March,2023,Q1,157.621,159.089,156.618,159,59722483.84
27-03-2023,Monday,March,2023,Q1,158.692,159.514,156.638,157.044,52802394.75
28-03-2023,Tuesday,March,2023,Q1,156.737,157.253,154.763,156.42,46353949.9
29-03-2023,Wednesday,March,2023,Q1,158.126,159.794,158.106,159.514,51709287.93
30-03-2023,Thursday,March,2023,Q1,160.268,161.202,160.012,161.093,49891094.72
31-03-2023,Friday,March,2023,Q1,161.172,163.713,160.646,163.614,69290613.19
03-04-2023,Monday,April,2023,Q2,162.987,164.992,162.939,164.872,57424390.96
04-04-2023,Tuesday,April,2023,Q2,165.296,165.537,163.821,164.338,46642343.85
05-04-2023,Wednesday,April,2023,Q2,163.454,163.762,160.538,162.481,51916961.85
06-04-2023,Thursday,April,2023,Q2,161.162,163.673,160.735,163.375,45747185.03
10-04-2023,Monday,April,2023,Q2,160.161,160.765,158.83,160.765,48092247.51
11-04-2023,Tuesday,April,2023,Q2,161.083,161.093,159.257,159.544,48019010.89
12-04-2023,Wednesday,April,2023,Q2,159.961,160.795,158.533,158.85,50527434.43
13-04-2023,Thursday,April,2023,Q2,160.368,164.507,160.161,164.268,68984077.65
14-04-2023,Friday,April,2023,Q2,163.305,165.022,162.541,163.92,49774979.43
17-04-2023,Monday,April,2023,Q2,163.801,164.099,162.75,163.939,41842804.9
18-04-2023,Tuesday,April,2023,Q2,164.803,166.104,164.358,165.172,50315728.03
19-04-2023,Wednesday,April,2023,Q2,164.507,166.848,164.248,166.32,48095557.35
20-04-2023,Thursday,April,2023,Q2,164.793,166.56,164.268,165.349,52869025.82
21-04-2023,Friday,April,2023,Q2,163.762,165.154,163.205,163.732,58796252.5
24-04-2023,Monday,April,2023,Q2,163.713,164.308,162.611,164.039,42279577.96
25-04-2023,Tuesday,April,2023,Q2,163.9,165.007,162.452,162.491,49097272.85
26-04-2023,Wednesday,April,2023,Q2,161.782,163.989,161.529,162.481,45856712.91
27-04-2023,Thursday,April,2023,Q2,163.9,167.244,163.9,167.095,65412884.07
28-04-2023,Friday,April,2023,Q2,167.175,168.523,166.57,168.355,55710679.25
01-05-2023,Monday,May,2023,Q2,167.959,169.119,167.324,168.267,52885715.08
02-05-2023,Tuesday,May,2023,Q2,168.763,169.02,166.232,167.224,48806637.41
03-05-2023,Wednesday,May,2023,Q2,168.178,169.587,165.856,166.142,65648411.39
04-05-2023,Thursday,May,2023,Q2,163.604,165.736,163.027,164.497,81874466.61
05-05-2023,Friday,May,2023,Q2,169.642,172.939,169.427,172.215,114345651.9
08-05-2023,Monday,May,2023,Q2,171.135,172.493,170.766,172.145,56403025.09
09-05-2023,Tuesday,May,2023,Q2,171.699,172.185,170.261,170.431,45683438.48
10-05-2023,Wednesday,May,2023,Q2,171.669,172.673,170.559,172.2,54147125.53
11-05-2023,Thursday,May,2023,Q2,172.493,173.227,170.825,172.393,49904183.89
12-05-2023,Friday,May,2023,Q2,172.503,172.94,169.899,171.46,45827935.6
15-05-2023,Monday,May,2023,Q2,172.045,172.095,170.368,170.963,37507936.5
16-05-2023,Tuesday,May,2023,Q2,170.883,172.025,170.693,170.963,42382929.9
17-05-2023,Wednesday,May,2023,Q2,170.605,171.813,169.323,171.579,58326803.14
18-05-2023,Thursday,May,2023,Q2,171.888,174.113,171.47,173.925,65920705.47
19-05-2023,Friday,May,2023,Q2,175.255,175.255,173.815,174.034,56170805.24
22-05-2023,Monday,May,2023,Q2,172.86,173.585,172.335,173.08,43853025.59
23-05-2023,Tuesday,May,2023,Q2,172.017,172.265,170.173,170.458,51075818.69
24-05-2023,Wednesday,May,2023,Q2,169.989,171.309,169.423,170.734,45435762.87
25-05-2023,Thursday,May,2023,Q2,171.3,172.776,170.585,171.878,56421198.95
26-05-2023,Friday,May,2023,Q2,172.205,174.64,171.997,174.3,55189995.98
30-05-2023,Tuesday,May,2023,Q2,175.82,177.839,175.435,176.16,56326734.28
31-05-2023,Wednesday,May,2023,Q2,176.185,178.196,175.624,176.11,100270297.3
01-06-2023,Thursday,June,2023,Q2,176.557,178.961,175.793,178.931,69347903.63
02-06-2023,Friday,June,2023,Q2,179.866,180.611,178.106,179.786,62398302.89
05-06-2023,Monday,June,2023,Q2,181.456,183.761,176.89,178.425,122736021.7
06-06-2023,Tuesday,June,2023,Q2,178.807,178.961,176.289,178.057,65268225.26
07-06-2023,Wednesday,June,2023,Q2,177.292,180.046,176.18,176.676,62345666.3
08-06-2023,Thursday,June,2023,Q2,176.75,179.676,176.319,179.407,50539989.86
09-06-2023,Friday,June,2023,Q2,180.332,181.057,179.467,179.796,49216568.68
12-06-2023,Monday,June,2023,Q2,180.105,182.707,179.806,182.608,55109498.16
13-06-2023,Tuesday,June,2023,Q2,181.624,182.966,181.266,182.131,55284759.57
14-06-2023,Wednesday,June,2023,Q2,182.191,183.204,180.85,182.766,57834916.98
15-06-2023,Thursday,June,2023,Q2,182.776,185.319,182.598,184.814,65856803.41
16-06-2023,Friday,June,2023,Q2,185.529,185.787,183.085,183.731,101911793.5
20-06-2023,Tuesday,June,2023,Q2,183.224,184.902,183.224,183.82,50121508.9
21-06-2023,Wednesday,June,2023,Q2,183.711,184.217,181.416,182.776,49836279.1
22-06-2023,Thursday,June,2023,Q2,182.558,185.842,182.489,185.797,51577107.33
23-06-2023,Friday,June,2023,Q2,184.357,186.354,183.82,185.479,53460894.18
26-06-2023,Monday,June,2023,Q2,186.117,186.84,184.039,184.079,48400003.96
27-06-2023,Tuesday,June,2023,Q2,184.694,187.178,184.475,186.85,51059295.4
28-06-2023,Wednesday,June,2023,Q2,186.721,188.679,186.394,188.032,51548396.64
29-06-2023,Thursday,June,2023,Q2,187.865,188.847,187.725,188.37,46647376.83
30-06-2023,Friday,June,2023,Q2,190.397,193.229,190.03,192.721,85764916.43
03-07-2023,Monday,July,2023,Q3,192.534,192.633,190.525,191.221,31661869.48
05-07-2023,Wednesday,July,2023,Q3,190.334,191.739,189.395,190.1,47224039.33
06-07-2023,Thursday,July,2023,Q3,188.62,190.785,187.983,190.575,45448364.94
07-07-2023,Friday,July,2023,Q3,190.179,191.43,189.015,189.454,47118094.82
10-07-2023,Monday,July,2023,Q3,188.042,188.769,185.832,187.397,60310120.23
11-07-2023,Tuesday,July,2023,Q3,187.943,188.082,185.399,186.87,46940070.64
12-07-2023,Wednesday,July,2023,Q3,188.46,190.466,187.257,188.55,61143566.54
13-07-2023,Thursday,July,2023,Q3,189.275,189.96,188.56,189.315,41610002.89
14-07-2023,Friday,July,2023,Q3,189.005,189.95,188.41,189.464,41885680.24
17-07-2023,Monday,July,2023,Q3,190.665,193.071,190.575,192.741,50847244.34
18-07-2023,Tuesday,July,2023,Q3,192.106,193.081,191.177,192.484,48666833.4
19-07-2023,Wednesday,July,2023,Q3,191.858,196.956,191.41,193.846,81028555.82
20-07-2023,Thursday,July,2023,Q3,193.836,195.206,191.256,191.888,59966945.69
21-07-2023,Friday,July,2023,Q3,192.851,193.716,190,190.705,72417523.59
24-07-2023,Monday,July,2023,Q3,192.166,193.656,191.014,191.51,45799713.06
25-07-2023,Tuesday,July,2023,Q3,192.086,193.19,191.675,192.375,37524585.6
26-07-2023,Wednesday,July,2023,Q3,192.425,194.381,192.076,193.249,47779217.63
27-07-2023,Thursday,July,2023,Q3,194.76,195.931,191.311,191.976,47767453.95
28-07-2023,Friday,July,2023,Q3,193.417,195.362,192.891,194.571,48604098.84
31-07-2023,Monday,July,2023,Q3,194.799,195.226,194.004,195.186,39075474.01
01-08-2023,Tuesday,August,2023,Q3,194.972,195.466,194.024,194.346,35509850.4
02-08-2023,Wednesday,August,2023,Q3,193.786,193.926,190.616,191.341,50715565.29
03-08-2023,Thursday,August,2023,Q3,190.339,191.132,189.464,189.94,62646266.97
04-08-2023,Friday,August,2023,Q3,184.327,186.175,180.751,180.82,116707586.5
07-08-2023,Monday,August,2023,Q3,180.959,181.951,176.21,177.7,98207810.91
08-08-2023,Tuesday,August,2023,Q3,178.535,179.111,176.438,178.643,68262113.06
09-08-2023,Wednesday,August,2023,Q3,179.706,179.766,175.87,177.045,60769403.66
10-08-2023,Thursday,August,2023,Q3,178.326,179.587,176.457,176.825,55040912.97
11-08-2023,Friday,August,2023,Q3,176.417,177.711,175.651,176.885,52302947.82
14-08-2023,Monday,August,2023,Q3,177.064,178.775,176.402,178.547,43899118.68
15-08-2023,Tuesday,August,2023,Q3,177.969,178.567,176.149,176.547,43845813.3
16-08-2023,Wednesday,August,2023,Q3,176.229,177.631,175.602,175.671,47205179.93
17-08-2023,Thursday,August,2023,Q3,176.239,176.602,172.597,173.115,66400931.06
18-08-2023,Friday,August,2023,Q3,171.423,174.208,171.085,173.601,61485172.79
21-08-2023,Monday,August,2023,Q3,174.178,175.233,172.85,174.945,46548860.59
22-08-2023,Tuesday,August,2023,Q3,176.159,176.775,175.353,176.328,42299593.45
23-08-2023,Wednesday,August,2023,Q3,177.611,180.626,177.417,180.197,52992538.54
24-08-2023,Thursday,August,2023,Q3,179.754,180.181,175.113,175.483,55226960.05
25-08-2023,Friday,August,2023,Q3,176.477,178.238,174.925,177.701,51712865.69
28-08-2023,Monday,August,2023,Q3,179.174,179.67,177.636,179.273,44044931.02
29-08-2023,Tuesday,August,2023,Q3,178.78,183.959,178.586,183.183,53275173.45
30-08-2023,Wednesday,August,2023,Q3,183.999,186.894,183.799,186.694,61125077.54
31-08-2023,Thursday,August,2023,Q3,186.884,188.157,186.525,186.914,61105557.16
01-09-2023,Friday,September,2023,Q3,188.521,188.952,187.321,188.496,46000693.86
05-09-2023,Tuesday,September,2023,Q3,187.321,189.012,186.655,188.735,45511728.52
06-09-2023,Wednesday,September,2023,Q3,187.44,187.89,180.546,181.978,82174167.06
07-09-2023,Thursday,September,2023,Q3,174.288,177.303,172.657,176.656,113064417.2
08-09-2023,Friday,September,2023,Q3,177.442,179.321,176.885,177.273,65937757.03
11-09-2023,Monday,September,2023,Q3,179.154,179.382,176.437,178.447,59254719.49
12-09-2023,Tuesday,September,2023,Q3,178.577,179.214,173.93,175.403,90832623.51
13-09-2023,Wednesday,September,2023,Q3,175.612,176.397,173.095,173.323,84699133.74
14-09-2023,Thursday,September,2023,Q3,173.115,175.203,172.696,174.846,61207365.47
15-09-2023,Friday,September,2023,Q3,175.582,175.597,172.935,174.119,109818550.4
18-09-2023,Monday,September,2023,Q3,175.582,178.467,175.273,177.064,67601735.39
19-09-2023,Tuesday,September,2023,Q3,176.616,178.715,176.229,178.158,52092143.61
20-09-2023,Wednesday,September,2023,Q3,178.348,178.78,174.507,174.597,58735203.62
21-09-2023,Thursday,September,2023,Q3,173.661,175.403,172.975,173.045,63472255.08
22-09-2023,Friday,September,2023,Q3,173.781,176.178,173.164,173.901,57015653.34
25-09-2023,Monday,September,2023,Q3,173.313,176.069,173.263,175.183,46409009.61
26-09-2023,Tuesday,September,2023,Q3,173.93,174.307,170.786,171.085,64919451.8
27-09-2023,Wednesday,September,2023,Q3,171.741,172.159,168.19,169.563,67264252.25
28-09-2023,Thursday,September,2023,Q3,168.477,171.155,166.767,169.82,56582482.05
29-09-2023,Friday,September,2023,Q3,171.145,172.189,169.474,170.339,52126460.32
02-10-2023,Monday,October,2023,Q4,170.349,173.413,170.059,172.865,52431465.1
03-10-2023,Tuesday,October,2023,Q4,171.378,172.746,169.95,171.522,49848392.61
04-10-2023,Wednesday,October,2023,Q4,170.219,173.323,170.099,172.776,53291595.05
05-10-2023,Thursday,October,2023,Q4,172.905,174.557,171.801,174.02,48776239.24
06-10-2023,Friday,October,2023,Q4,172.915,177.084,172.299,176.586,57559713.16
09-10-2023,Monday,October,2023,Q4,175.909,178.138,174.905,178.078,42607688.98
10-10-2023,Tuesday,October,2023,Q4,177.193,178.805,177.045,177.482,43921625.26
11-10-2023,Wednesday,October,2023,Q4,177.293,178.934,176.695,178.884,47794420.78
12-10-2023,Thursday,October,2023,Q4,179.154,181.412,178.128,179.79,57033478.08
13-10-2023,Friday,October,2023,Q4,180.496,181.003,177.233,177.939,51719386.89
16-10-2023,Monday,October,2023,Q4,175.849,178.163,175.612,177.811,52785717.61
17-10-2023,Tuesday,October,2023,Q4,175.746,177.512,173.911,176.249,57843834.63
18-10-2023,Wednesday,October,2023,Q4,174.687,176.671,174.218,174.945,55044608.69
19-10-2023,Thursday,October,2023,Q4,175.143,176.935,174.297,174.567,59606320.5
20-10-2023,Friday,October,2023,Q4,174.417,174.527,171.761,172,64572769.84
23-10-2023,Monday,October,2023,Q4,170.039,173.125,169.064,172.119,56266563.7
24-10-2023,Tuesday,October,2023,Q4,172.169,172.785,170.577,172.557,44040857.28
25-10-2023,Wednesday,October,2023,Q4,171.005,172.179,169.78,170.229,57449438.75
26-10-2023,Thursday,October,2023,Q4,169.503,170.505,164.826,166.041,70986653.1
27-10-2023,Friday,October,2023,Q4,166.061,168.1,165.981,167.364,58798473.73
30-10-2023,Monday,October,2023,Q4,168.16,170.299,168.011,169.423,51392596.19
31-10-2023,Tuesday,October,2023,Q4,168.487,170.029,167.045,169.9,45075497.66
01-11-2023,Wednesday,November,2023,Q4,170.129,173.343,169.253,173.085,57226246.47
02-11-2023,Thursday,November,2023,Q4,174.627,176.875,174.567,176.666,77730480.12
03-11-2023,Friday,November,2023,Q4,173.353,175.919,172.467,175.751,80237738.65
06-11-2023,Monday,November,2023,Q4,175.483,178.517,175.313,178.318,64167991.1
07-11-2023,Tuesday,November,2023,Q4,178.268,181.512,178.059,180.895,70890873.48
08-11-2023,Wednesday,November,2023,Q4,181.422,182.517,180.666,181.958,49592760.17
09-11-2023,Thursday,November,2023,Q4,182.028,183.183,180.885,181.482,54038652.34
10-11-2023,Friday,November,2023,Q4,183.275,185.86,182.836,185.695,66429042.74
13-11-2023,Monday,November,2023,Q4,185.118,185.326,183.514,184.101,43793069.3
14-11-2023,Tuesday,November,2023,Q4,186.991,187.399,185.596,186.731,60336467.06
15-11-2023,Wednesday,November,2023,Q4,187.135,188.783,187.07,187.299,53994614.05
16-11-2023,Thursday,November,2023,Q4,188.853,190.239,187.937,188.992,54619391.89
17-11-2023,Friday,November,2023,Q4,189.532,189.659,187.858,188.972,51134707.79
20-11-2023,Monday,November,2023,Q4,189.172,191.179,189.162,190.726,46715210.83
21-11-2023,Tuesday,November,2023,Q4,190.686,190.796,189.022,189.919,38279191.27
22-11-2023,Wednesday,November,2023,Q4,190.766,192.201,190.104,190.586,39780392.23
24-11-2023,Friday,November,2023,Q4,190.149,190.179,188.535,189.252,24139598.57
27-11-2023,Monday,November,2023,Q4,189.202,189.949,188.185,189.072,40706491.15
28-11-2023,Tuesday,November,2023,Q4,189.062,190.358,188.685,189.679,38561191.31
29-11-2023,Wednesday,November,2023,Q4,190.179,191.364,188.255,188.655,43177447.07
30-11-2023,Thursday,November,2023,Q4,189.122,189.601,187.478,189.232,48979522.57
01-12-2023,Friday,December,2023,Q4,189.611,190.836,188.515,190.516,45878255.9
04-12-2023,Monday,December,2023,Q4,189.262,189.332,186.742,188.715,43554166.18
05-12-2023,Tuesday,December,2023,Q4,189.492,193.665,189.462,192.689,66881228.13
06-12-2023,Wednesday,December,2023,Q4,193.715,194.024,191.383,191.593,41245657.35
07-12-2023,Thursday,December,2023,Q4,192.898,194.262,192.858,193.535,47657815.14
08-12-2023,Friday,December,2023,Q4,193.466,195.249,192.938,194.97,53609015.38
11-12-2023,Monday,December,2023,Q4,192.38,192.758,190.696,192.45,61174957.8
12-12-2023,Tuesday,December,2023,Q4,192.35,193.984,190.997,193.974,52896865.25
13-12-2023,Wednesday,December,2023,Q4,194.352,197.252,194.113,197.212,70671340.84
14-12-2023,Thursday,December,2023,Q4,197.272,198.866,195.419,197.362,67085173.1
15-12-2023,Friday,December,2023,Q4,196.783,197.65,196.256,196.823,129026156.7
18-12-2023,Monday,December,2023,Q4,195.349,195.886,193.655,195.149,55963418.69
19-12-2023,Tuesday,December,2023,Q4,195.419,196.206,195.149,196.196,40868545.77
20-12-2023,Wednesday,December,2023,Q4,196.156,196.933,194.093,194.093,52441057.16
21-12-2023,Thursday,December,2023,Q4,195.359,196.335,192.768,193.945,46658933.08
22-12-2023,Friday,December,2023,Q4,194.442,194.672,192.24,192.868,37290538.88
26-12-2023,Tuesday,December,2023,Q4,192.878,193.157,192.101,192.32,29029048.09
27-12-2023,Wednesday,December,2023,Q4,191.763,192.768,190.367,192.42,48270155.96
28-12-2023,Thursday,December,2023,Q4,193.406,193.925,192.44,192.848,34179104.77
29-12-2023,Friday,December,2023,Q4,193.167,193.665,191.001,191.803,42834073.02
02-01-2024,Tuesday,January,2024,Q1,186.442,187.728,183.19,184.938,82801688.01
03-01-2024,Wednesday,January,2024,Q1,183.524,185.178,182.736,183.554,58636121.27
04-01-2024,Thursday,January,2024,Q1,181.462,182.395,180.195,181.222,72256721.02
05-01-2024,Friday,January,2024,Q1,181.302,182.069,179.488,180.495,62616368.74
08-01-2024,Monday,January,2024,Q1,181.397,184.898,180.814,184.859,59368901.39
09-01-2024,Tuesday,January,2024,Q1,183.225,184.451,182.039,184.441,43004377.82
10-01-2024,Wednesday,January,2024,Q1,183.653,185.695,183.225,185.486,46970469.78
11-01-2024,Thursday,January,2024,Q1,185.835,186.343,182.926,184.888,49314832.14
12-01-2024,Friday,January,2024,Q1,185.356,186.034,184.489,185.217,40631380.21
16-01-2024,Tuesday,January,2024,Q1,181.472,183.564,180.249,182.936,65851980.28
17-01-2024,Wednesday,January,2024,Q1,180.585,182.239,179.618,181.989,47496985.16
18-01-2024,Thursday,January,2024,Q1,185.386,188.425,185.128,187.917,78301756.99
19-01-2024,Friday,January,2024,Q1,188.615,191.224,188.106,190.836,69164446.34
22-01-2024,Monday,January,2024,Q1,191.573,194.592,191.533,193.157,60362037.73
23-01-2024,Tuesday,January,2024,Q1,194.282,195.01,193.097,194.442,42516313.8
24-01-2024,Wednesday,January,2024,Q1,194.682,195.638,193.605,193.765,53834827.01
25-01-2024,Thursday,January,2024,Q1,194.482,195.525,192.382,193.436,55030155.69
26-01-2024,Friday,January,2024,Q1,193.535,194.024,191.214,191.693,44763228.78
29-01-2024,Monday,January,2024,Q1,191.284,191.473,188.863,191.006,47324522.2
30-01-2024,Tuesday,January,2024,Q1,190.219,191.076,186.761,187.329,56071335.65
31-01-2024,Wednesday,January,2024,Q1,186.333,186.388,183.653,183.703,55678282.8
01-02-2024,Thursday,February,2024,Q1,183.29,186.243,183.125,186.154,65131624.13
02-02-2024,Friday,February,2024,Q1,179.181,186.622,178.573,185.148,102940825.7
05-02-2024,Monday,February,2024,Q1,187.438,188.535,185.138,186.971,69933187.4
06-02-2024,Tuesday,February,2024,Q1,186.154,188.595,186.063,188.585,43655790.35
07-02-2024,Wednesday,February,2024,Q1,189.919,190.329,187.898,188.695,53641736.07
08-02-2024,Thursday,February,2024,Q1,188.67,188.818,186.642,187.608,41117481.81
09-02-2024,Friday,February,2024,Q1,188.176,189.514,187.528,188.376,45268797.97
12-02-2024,Monday,February,2024,Q1,187.942,188.196,186.321,186.681,41887030.93
13-02-2024,Tuesday,February,2024,Q1,185.304,185.743,183.052,184.575,56671721.55
14-02-2024,Wednesday,February,2024,Q1,184.855,185.065,181.982,183.688,54767932.84
15-02-2024,Thursday,February,2024,Q1,183.089,184.027,180.895,183.399,65599087.82
16-02-2024,Friday,February,2024,Q1,182.96,184.387,181.209,181.853,49877610.74
20-02-2024,Tuesday,February,2024,Q1,181.334,181.972,179.548,181.104,53800541.6
21-02-2024,Wednesday,February,2024,Q1,181.484,182.43,180.206,181.863,41634136.4
22-02-2024,Thursday,February,2024,Q1,183.019,184.49,182.002,183.907,52423742.13
23-02-2024,Friday,February,2024,Q1,184.545,184.575,181.773,182.062,45233169.58
26-02-2024,Monday,February,2024,Q1,181.783,182.301,180.196,180.706,40970217.59
27-02-2024,Tuesday,February,2024,Q1,180.646,183.461,179.11,182.172,54455482.88
28-02-2024,Wednesday,February,2024,Q1,182.052,182.661,179.678,180.965,49077076.16
29-02-2024,Thursday,February,2024,Q1,180.815,182.112,179.08,180.296,137026404
01-03-2024,Friday,March,2024,Q1,179.1,180.077,176.935,179.21,73748120.2
04-03-2024,Monday,March,2024,Q1,175.708,176.456,173.354,174.661,81715128.88
05-03-2024,Tuesday,March,2024,Q1,170.332,171.608,169.194,169.694,95371647.85
06-03-2024,Wednesday,March,2024,Q1,170.631,170.81,168.257,168.696,68760230.3
07-03-2024,Thursday,March,2024,Q1,168.726,170.302,168.067,168.576,71945576.52
08-03-2024,Friday,March,2024,Q1,168.576,173.264,168.516,170.302,76458880.65
11-03-2024,Monday,March,2024,Q1,172.506,173.943,171.618,172.317,60290745.89
12-03-2024,Tuesday,March,2024,Q1,172.715,173.593,170.581,172.795,59975854.81
13-03-2024,Wednesday,March,2024,Q1,172.337,172.75,170.332,170.7,52620720.36
14-03-2024,Thursday,March,2024,Q1,172.476,173.871,171.618,172.566,73096911.28
15-03-2024,Friday,March,2024,Q1,170.74,172.187,169.857,172.187,122058951.8
18-03-2024,Monday,March,2024,Q1,175.129,177.264,173.085,173.284,75794356.32
19-03-2024,Tuesday,March,2024,Q1,173.903,176.162,172.596,175.638,55354130.64
20-03-2024,Wednesday,March,2024,Q1,175.279,178.222,174.651,178.222,53557480.75
21-03-2024,Thursday,March,2024,Q1,176.606,177.045,170.412,170.94,106448354.9
22-03-2024,Friday,March,2024,Q1,171.329,172.616,169.634,171.848,71339131.91
25-03-2024,Monday,March,2024,Q1,170.137,171.508,169.024,170.422,54424883.11
26-03-2024,Tuesday,March,2024,Q1,169.574,170.99,169.154,169.284,57532802.05
27-03-2024,Wednesday,March,2024,Q1,169.982,173.165,169.684,172.875,60424874.42
28-03-2024,Thursday,March,2024,Q1,171.319,171.798,170.082,171.05,65837880.96
01-04-2024,Monday,April,2024,Q2,170.76,170.82,169.049,169.604,46356811.86
02-04-2024,Tuesday,April,2024,Q2,168.656,168.915,167.808,168.416,49453562.78
03-04-2024,Wednesday,April,2024,Q2,168.366,170.252,168.157,169.224,47811677.2
04-04-2024,Thursday,April,2024,Q2,169.862,171.489,168.396,168.396,53839472.28
05-04-2024,Friday,April,2024,Q2,169.164,169.962,168.526,169.154,42210735.12
08-04-2024,Monday,April,2024,Q2,168.606,168.776,167.818,168.028,37519651.93
09-04-2024,Tuesday,April,2024,Q2,168.276,169.654,167.928,169.244,42557989.4
10-04-2024,Wednesday,April,2024,Q2,168.376,168.666,166.691,167.359,49834373.26
11-04-2024,Thursday,April,2024,Q2,167.918,175.019,167.738,174.601,91299350.23
12-04-2024,Friday,April,2024,Q2,173.823,177.912,173.773,176.107,101926625.7
15-04-2024,Monday,April,2024,Q2,174.92,176.187,172.067,172.257,73716732.45
16-04-2024,Tuesday,April,2024,Q2,171.319,173.324,167.848,168.955,73896645.86
17-04-2024,Wednesday,April,2024,Q2,169.184,170.222,167.578,167.578,51029245.26
18-04-2024,Thursday,April,2024,Q2,167.608,168.217,166.132,166.621,43231372.96
19-04-2024,Friday,April,2024,Q2,165.793,165.983,163.664,164.517,67938279.98
22-04-2024,Monday,April,2024,Q2,165.1,166.84,164.357,165.424,48237473.55
23-04-2024,Tuesday,April,2024,Q2,164.935,166.631,164.507,166.481,49662366.68
24-04-2024,Wednesday,April,2024,Q2,166.122,168.876,165.793,168.596,48373206.11
25-04-2024,Thursday,April,2024,Q2,169.099,170.182,167.729,169.464,50685501.79
26-04-2024,Friday,April,2024,Q2,169.454,170.91,168.756,168.876,44951138.95
29-04-2024,Monday,April,2024,Q2,172.935,175.589,172.666,173.065,68340890.16
30-04-2024,Tuesday,April,2024,Q2,172.895,174.551,169.574,169.902,66100626.21
01-05-2024,Wednesday,May,2024,Q2,169.154,172.272,168.686,168.876,50509879.14
02-05-2024,Thursday,May,2024,Q2,172.077,172.98,170.462,172.596,94451900.15
03-05-2024,Friday,May,2024,Q2,186.177,186.531,182.202,182.92,163634677.7
06-05-2024,Monday,May,2024,Q2,181.896,183.738,179.968,181.254,78767298.6
07-05-2024,Tuesday,May,2024,Q2,182.99,184.437,180.865,181.942,77500223.44
08-05-2024,Wednesday,May,2024,Q2,182.391,182.611,180.995,182.281,45170422.14
09-05-2024,Thursday,May,2024,Q2,182.102,184.197,181.653,184.107,49106182.19
10-05-2024,Friday,May,2024,Q2,184.686,184.876,181.919,182.838,50818248.14
13-05-2024,Monday,May,2024,Q2,185.221,186.884,184.407,186.065,72128198.06
14-05-2024,Tuesday,May,2024,Q2,187.293,188.082,186.075,187.213,52454262.57
15-05-2024,Wednesday,May,2024,Q2,187.693,190.43,187.153,189.501,70481473.24
16-05-2024,Thursday,May,2024,Q2,190.25,190.874,189.441,189.621,52906396.29
17-05-2024,Friday,May,2024,Q2,189.291,190.589,188.961,189.65,41330708.38
20-05-2024,Monday,May,2024,Q2,189.106,191.698,188.791,190.819,44412621.45
21-05-2024,Tuesday,May,2024,Q2,190.869,192.507,190.699,192.128,42358372.48
22-05-2024,Wednesday,May,2024,Q2,192.043,192.6,190.05,190.679,34688651.34
23-05-2024,Thursday,May,2024,Q2,190.759,190.779,186.409,186.664,51064961.37
24-05-2024,Friday,May,2024,Q2,188.602,190.36,187.823,189.76,36369022.06
28-05-2024,Tuesday,May,2024,Q2,191.289,192.777,188.881,189.77,52340563.12
29-05-2024,Wednesday,May,2024,Q2,189.391,192.025,189.291,190.07,53129440.16
30-05-2024,Thursday,May,2024,Q2,190.539,191.958,190.41,191.069,50005753.79
31-05-2024,Friday,May,2024,Q2,191.219,192.347,189.69,192.028,75245269.77
03-06-2024,Monday,June,2024,Q2,192.677,194.765,192.297,193.806,50138505.27
04-06-2024,Tuesday,June,2024,Q2,194.41,195.094,192.811,194.125,47526391.35
05-06-2024,Wednesday,June,2024,Q2,195.174,196.672,194.645,195.644,54219469.37
06-06-2024,Thursday,June,2024,Q2,195.459,196.273,193.946,194.255,41229419.27
07-06-2024,Friday,June,2024,Q2,194.425,196.712,193.916,196.662,53165377.71
10-06-2024,Monday,June,2024,Q2,196.672,197.072,191.928,192.897,97374654.06
11-06-2024,Tuesday,June,2024,Q2,193.426,206.92,193.406,206.911,172572811.4
12-06-2024,Wednesday,June,2024,Q2,207.13,219.945,206.661,212.824,198363625.7
13-06-2024,Thursday,June,2024,Q2,214.492,216.499,211.355,213.992,97976001.29
14-06-2024,Friday,June,2024,Q2,213.603,214.921,211.056,212.244,70203912.35
17-06-2024,Monday,June,2024,Q2,213.123,218.697,212.474,216.42,93836786.85
18-06-2024,Tuesday,June,2024,Q2,217.338,218.377,212.754,214.042,80035785.2
20-06-2024,Thursday,June,2024,Q2,213.683,213.992,208.609,209.438,86272192.25
21-06-2024,Friday,June,2024,Q2,210.147,211.645,206.871,207.25,246706576.1
24-06-2024,Monday,June,2024,Q2,207.48,212.454,206.351,207.899,80820444.36
25-06-2024,Tuesday,June,2024,Q2,208.908,211.136,208.369,208.828,56779512.09
26-06-2024,Wednesday,June,2024,Q2,211.255,214.612,210.396,213.003,66289825.18
27-06-2024,Thursday,June,2024,Q2,214.442,215.49,212.104,213.852,49830316.97
28-06-2024,Friday,June,2024,Q2,215.521,215.82,210.057,210.376,82638257.98
01-07-2024,Monday,July,2024,Q3,211.845,217.259,211.675,216.499,60472843.03
02-07-2024,Tuesday,July,2024,Q3,215.9,220.125,214.851,220.015,58113364.19
03-07-2024,Wednesday,July,2024,Q3,219.746,221.294,218.777,221.294,37413055.09
05-07-2024,Friday,July,2024,Q3,221.394,226.188,221.394,226.078,60482333.01
08-07-2024,Monday,July,2024,Q3,226.827,227.587,222.992,227.557,59154250.58
09-07-2024,Tuesday,July,2024,Q3,227.666,229.135,226.11,228.416,48225576.69
10-07-2024,Wednesday,July,2024,Q3,229.035,232.811,228.985,232.711,62700176.11
11-07-2024,Thursday,July,2024,Q3,231.122,232.121,225.509,227.307,64785517.02
12-07-2024,Friday,July,2024,Q3,228.655,232.371,228.416,230.273,53107926.29
15-07-2024,Monday,July,2024,Q3,236.207,236.956,232.821,234.129,62703745.23
16-07-2024,Tuesday,July,2024,Q3,234.728,235.997,232.061,234.549,43284319.99
17-07-2024,Wednesday,July,2024,Q3,229.185,231.192,226.378,228.615,57412259.62
18-07-2024,Thursday,July,2024,Q3,230.014,230.174,222.013,223.921,66111017.46
19-07-2024,Friday,July,2024,Q3,224.56,226.538,223.017,224.051,49208343.89
22-07-2024,Monday,July,2024,Q3,226.748,227.517,222.832,223.701,48257626.74
23-07-2024,Tuesday,July,2024,Q3,224.106,226.678,222.423,224.75,40006512.44
24-07-2024,Wednesday,July,2024,Q3,223.741,224.54,216.879,218.287,61849081.13
25-07-2024,Thursday,July,2024,Q3,218.677,220.595,214.372,217.239,51450682.31
26-07-2024,Friday,July,2024,Q3,218.447,219.236,215.76,217.708,41649496.93
29-07-2024,Monday,July,2024,Q3,216.709,219.046,215.501,217.988,36353807.47
30-07-2024,Tuesday,July,2024,Q3,218.937,220.07,215.87,218.547,41692041.12
31-07-2024,Wednesday,July,2024,Q3,221.184,223.561,220.375,221.823,50094177.02
01-08-2024,Thursday,August,2024,Q3,224.111,224.22,216.769,218.108,62573338.47
02-08-2024,Friday,August,2024,Q3,218.897,225.339,217.458,219.606,105690751.5
05-08-2024,Monday,August,2024,Q3,198.86,213.253,195.773,209.028,119686961.8
06-08-2024,Tuesday,August,2024,Q3,205.063,209.747,200.838,206.99,69741117.3
07-08-2024,Wednesday,August,2024,Q3,206.661,213.393,206.151,209.577,63589934.78
08-08-2024,Thursday,August,2024,Q3,212.864,213.952,208.589,213.063,47215736.19
09-08-2024,Friday,August,2024,Q3,211.855,216.529,211.725,215.99,42250492.76
12-08-2024,Monday,August,2024,Q3,216.07,219.5099,215.6,217.53,38028092
13-08-2024,Tuesday,August,2024,Q3,219.01,221.89,219.01,221.27,44155331
14-08-2024,Wednesday,August,2024,Q3,220.57,223.03,219.7,221.72,41960574
15-08-2024,Thursday,August,2024,Q3,224.6,225.35,222.76,224.72,46414013
16-08-2024,Friday,August,2024,Q3,223.92,226.8271,223.6501,226.05,44340240
19-08-2024,Monday,August,2024,Q3,225.72,225.99,223.04,225.89,40687813
20-08-2024,Tuesday,August,2024,Q3,225.77,227.17,225.45,226.51,30299033
21-08-2024,Wednesday,August,2024,Q3,226.52,227.98,225.05,226.4,34765480
22-08-2024,Thursday,August,2024,Q3,227.79,228.34,223.9,224.53,43695321
23-08-2024,Friday,August,2024,Q3,225.6589,228.22,224.33,226.84,38677250
26-08-2024,Monday,August,2024,Q3,226.76,227.28,223.8905,227.18,30602208
27-08-2024,Tuesday,August,2024,Q3,225.995,228.85,224.89,228.03,35934559
28-08-2024,Wednesday,August,2024,Q3,227.92,229.86,225.68,226.49,38052167
29-08-2024,Thursday,August,2024,Q3,230.1,232.92,228.88,229.79,51906297
30-08-2024,Friday,August,2024,Q3,230.19,230.4,227.48,229,52990770
03-09-2024,Tuesday,September,2024,Q3,228.55,229,221.17,222.77,50190574
04-09-2024,Wednesday,September,2024,Q3,221.66,221.78,217.48,220.85,43840196
05-09-2024,Thursday,September,2024,Q3,221.625,225.48,221.52,222.38,36615398
06-09-2024,Friday,September,2024,Q3,223.95,225.24,219.77,220.82,48423011
09-09-2024,Monday,September,2024,Q3,220.82,221.27,216.71,220.91,67179965
10-09-2024,Tuesday,September,2024,Q3,218.92,221.48,216.73,220.11,51591033
11-09-2024,Wednesday,September,2024,Q3,221.455,223.09,217.89,222.66,44587072
12-09-2024,Thursday,September,2024,Q3,222.5,223.55,219.82,222.77,37498225
13-09-2024,Friday,September,2024,Q3,223.58,224.04,221.91,222.5,36766619
16-09-2024,Monday,September,2024,Q3,216.54,217.22,213.92,216.32,59357427
17-09-2024,Tuesday,September,2024,Q3,215.75,216.9,214.5,216.79,45519339
18-09-2024,Wednesday,September,2024,Q3,217.55,222.71,217.54,220.69,59894928
19-09-2024,Thursday,September,2024,Q3,224.99,229.82,224.63,228.87,66781315
20-09-2024,Friday,September,2024,Q3,229.97,233.09,227.62,228.2,318679888
23-09-2024,Monday,September,2024,Q3,227.34,229.45,225.81,226.47,54146023
24-09-2024,Tuesday,September,2024,Q3,228.645,229.35,225.73,227.37,43556068
25-09-2024,Wednesday,September,2024,Q3,224.93,227.29,224.02,226.37,42308715
26-09-2024,Thursday,September,2024,Q3,227.3,228.5,225.41,227.52,36636707
27-09-2024,Friday,September,2024,Q3,228.46,229.52,227.3,227.79,34025967
30-09-2024,Monday,September,2024,Q3,230.04,233,229.65,233,54793391
01-10-2024,Tuesday,October,2024,Q4,229.52,229.65,223.74,226.21,63285048
02-10-2024,Wednesday,October,2024,Q4,225.89,227.37,223.02,226.78,32880605
03-10-2024,Thursday,October,2024,Q4,225.14,226.805,223.32,225.67,34044158
04-10-2024,Friday,October,2024,Q4,227.9,228,224.13,226.8,37345098
07-10-2024,Monday,October,2024,Q4,224.5,225.69,221.33,221.69,39505354
08-10-2024,Tuesday,October,2024,Q4,224.3,225.98,223.25,225.77,31855693
09-10-2024,Wednesday,October,2024,Q4,225.23,229.75,224.83,229.54,33591091
10-10-2024,Thursday,October,2024,Q4,227.78,229.5,227.17,229.04,28183544
11-10-2024,Friday,October,2024,Q4,229.3,229.41,227.34,227.55,31759188
14-10-2024,Monday,October,2024,Q4,228.7,231.73,228.6,231.3,39882085
15-10-2024,Tuesday,October,2024,Q4,233.61,237.49,232.37,233.85,64751367
16-10-2024,Wednesday,October,2024,Q4,231.6,232.12,229.84,231.78,34082240
17-10-2024,Thursday,October,2024,Q4,233.43,233.85,230.52,232.15,32993810
18-10-2024,Friday,October,2024,Q4,236.18,236.18,234.01,235,46431472
21-10-2024,Monday,October,2024,Q4,234.45,236.85,234.45,236.48,36254470
22-10-2024,Tuesday,October,2024,Q4,233.885,236.22,232.6,235.86,38846578
23-10-2024,Wednesday,October,2024,Q4,234.08,235.144,227.76,230.76,52286979
24-10-2024,Thursday,October,2024,Q4,229.98,230.82,228.41,230.57,31109503
25-10-2024,Friday,October,2024,Q4,229.74,233.22,229.57,231.41,38802304
28-10-2024,Monday,October,2024,Q4,233.32,234.73,232.55,233.4,36087134
29-10-2024,Tuesday,October,2024,Q4,233.1,234.325,232.32,233.67,35417247
30-10-2024,Wednesday,October,2024,Q4,232.61,233.47,229.55,230.1,47070907
31-10-2024,Thursday,October,2024,Q4,229.34,229.83,225.37,225.91,64370086
01-11-2024,Friday,November,2024,Q4,220.965,225.35,220.27,222.91,65276741
04-11-2024,Monday,November,2024,Q4,220.99,222.79,219.71,222.01,44944468
05-11-2024,Tuesday,November,2024,Q4,221.795,223.95,221.14,223.45,28111338
06-11-2024,Wednesday,November,2024,Q4,222.61,226.065,221.19,222.72,54561121
07-11-2024,Thursday,November,2024,Q4,224.625,227.875,224.57,227.48,42137691
08-11-2024,Friday,November,2024,Q4,227.17,228.66,226.405,226.96,38328824
11-11-2024,Monday,November,2024,Q4,225,225.7,221.5,224.23,42005602
12-11-2024,Tuesday,November,2024,Q4,224.55,225.59,223.355,224.23,40398299
13-11-2024,Wednesday,November,2024,Q4,224.01,226.65,222.76,225.12,48566217
14-11-2024,Thursday,November,2024,Q4,225.02,228.87,225,228.22,44923941
15-11-2024,Friday,November,2024,Q4,226.4,226.92,224.27,225,47923696
18-11-2024,Monday,November,2024,Q4,225.25,229.74,225.17,228.02,44686020
19-11-2024,Tuesday,November,2024,Q4,226.98,230.16,226.66,228.28,36211774
20-11-2024,Wednesday,November,2024,Q4,228.06,229.93,225.89,229,35169566
21-11-2024,Thursday,November,2024,Q4,228.88,230.155,225.7103,228.52,42108327
22-11-2024,Friday,November,2024,Q4,228.06,230.7199,228.06,229.87,38168252
25-11-2024,Monday,November,2024,Q4,231.46,233.245,229.74,232.87,90152832
26-11-2024,Tuesday,November,2024,Q4,233.33,235.57,233.33,235.06,45986189
27-11-2024,Wednesday,November,2024,Q4,234.465,235.69,233.8101,234.93,33498439
29-11-2024,Friday,November,2024,Q4,234.805,237.81,233.97,237.33,28481377
02-12-2024,Monday,December,2024,Q4,237.27,240.79,237.16,239.59,48137103
03-12-2024,Tuesday,December,2024,Q4,239.81,242.76,238.9,242.65,38861017
04-12-2024,Wednesday,December,2024,Q4,242.87,244.11,241.25,243.01,44383935
05-12-2024,Thursday,December,2024,Q4,243.99,244.54,242.13,243.04,40033878
06-12-2024,Friday,December,2024,Q4,242.905,244.63,242.08,242.84,36870619
09-12-2024,Monday,December,2024,Q4,241.83,247.24,241.75,246.75,44649232
10-12-2024,Tuesday,December,2024,Q4,246.89,248.21,245.34,247.77,36914806
11-12-2024,Wednesday,December,2024,Q4,247.96,250.8,246.2601,246.49,45205814
12-12-2024,Thursday,December,2024,Q4,246.89,248.74,245.68,247.96,32777532
13-12-2024,Friday,December,2024,Q4,247.815,249.2902,246.24,248.13,33155290
16-12-2024,Monday,December,2024,Q4,247.99,251.38,247.65,251.04,51694753
17-12-2024,Tuesday,December,2024,Q4,250.08,253.83,249.78,253.48,51356360
18-12-2024,Wednesday,December,2024,Q4,252.16,254.28,247.74,248.05,56774101
19-12-2024,Thursday,December,2024,Q4,247.5,252,247.0949,249.79,60882264
20-12-2024,Friday,December,2024,Q4,248.04,255,245.69,254.49,147495267
23-12-2024,Monday,December,2024,Q4,254.77,255.65,253.45,255.27,40858774
24-12-2024,Tuesday,December,2024,Q4,255.49,258.21,255.29,258.2,23234705
26-12-2024,Thursday,December,2024,Q4,258.19,260.1,257.63,259.02,27262983
27-12-2024,Friday,December,2024,Q4,257.83,258.7,253.06,255.59,42355321
30-12-2024,Monday,December,2024,Q4,252.23,253.5,250.75,252.2,35557542
31-12-2024,Tuesday,December,2024,Q4,252.44,253.28,249.43,250.42,39480718
02-01-2025,Thursday,January,2025,Q1,248.93,249.1,241.8201,243.85,55740731
03-01-2025,Friday,January,2025,Q1,243.36,244.18,241.89,243.36,40244114
06-01-2025,Monday,January,2025,Q1,244.31,247.33,243.2,245,45045571
07-01-2025,Tuesday,January,2025,Q1,242.98,245.55,241.35,242.21,40855960
08-01-2025,Wednesday,January,2025,Q1,241.92,243.7123,240.05,242.7,37628940
10-01-2025,Friday,January,2025,Q1,240.01,240.16,233,236.85,61710856
13-01-2025,Monday,January,2025,Q1,233.53,234.67,229.72,234.4,49630725
14-01-2025,Tuesday,January,2025,Q1,234.75,236.12,232.472,233.28,39435294
15-01-2025,Wednesday,January,2025,Q1,234.635,238.96,234.43,237.87,39831969
16-01-2025,Thursday,January,2025,Q1,237.35,238.01,228.03,228.26,71759052
17-01-2025,Friday,January,2025,Q1,232.115,232.29,228.48,229.98,68488301
